<?xml version="1.0" encoding="UTF-8" standalone="yes"?>
<addon id="plugin.video.lastship" version="3.1.0" name="Lastship" provider-name="Lastship">
	<requires>
		<import addon="xbmc.python" version="2.19.0" />
		<import addon="repository.lastship" version="1.0.2" />
		<import addon="script.lastship.artwork" />
		<import addon="script.module.urlresolver" />
		<import addon="script.module.requests" />
		<import addon="script.module.metahandler" version="1.0.0" />
	</requires>
	<extension point="xbmc.python.pluginsource" library="lastship.py">
		<provides>video</provides>
	</extension>
	<extension point="xbmc.service" library="service.py" start="startup" />
	<extension point="xbmc.addon.metadata">
		<summary lang="de">Lastship</summary>
		<description lang="de">Wir suchen Entwickler. Bitte besuche das Forum [COLOR blue]https://lastship.ch[/COLOR] oder unseren Chatroom [COLOR blue]https://gitter.im/lastship_Chat/Lobby[/COLOR] für Unterstützung und Fragen zu Lastship. Lastship-FAQ bitte lesen. Beachte, dass Lastship kein offizieller Teil des verwendeten Media Players ist, und daher nicht von den offiziellen Support-Kanälen abgedeckt wird. Es handelt sich lediglich um eine Drittanbieter-Erweiterung, die dem System hinzugefügt wurde.</description>
		<disclaimer lang="de">Die von diesem Addon dargestellten Inhalte werden von den Erstellern der Software weder gehostet oder verbreitet, noch stehen die Ersteller in irgendeiner Beziehung zu den Content-Anbietern.</disclaimer>
		<platform>all</platform>
		<forum>https://lastship.ch</forum>
		<source>https://github.com/lastship/plugin.video.lastship</source>
		<assets>
			<icon>icon.png</icon>
			<fanart>fanart.jpg</fanart>
    			<screenshot>resources/screenshots/screenshot-01.jpg</screenshot>
    			<screenshot>resources/screenshots/screenshot-02.jpg</screenshot>
    			<screenshot>resources/screenshots/screenshot-03.jpg</screenshot>
		</assets>
		<news>
- Update HDFilme
- Update Moviedreams
- Add Amazon Addon Auswahl
- TMovie entfernt
- Update settings.xml
- Update Netflix
- Fix HDKino
- Kurz FAQ im Menue
- Fix Trakt Bugfix
- Fix View Typ
- Fanart/Poster Quelle Auswahlmoeglichkeit
- Kontex-Menue Verwaltung in den Einstellungen moeglich
- Zufallswiedergabe entfernt
- Doppelter Netflix Verfuegbarkeitscheck
- Fix SD-Autoplay Filter
- Neu: watchbox
- Fix Error durch Widget im Log
- Auswahl von Poster/Fanart in den Kategorien moeglich
- höhere Treffergenauigkeit für Netflix, Netzkino und Watchbox
- Watchbox und Netzkino als Premium markiert
  und viele weitere Updates stehen im Changelog
		</news>
	</extension>
</addon>
