<?xml version="1.0" encoding="UTF-8"?>
<window>
	<!-- KBK Multimedia Center -->
	<defaultcontrol always="true">9000</defaultcontrol>
	<include>DefaultLoad</include>
	<views>55</views>
	<controls>
		<control type="image">
			<include>backgroundspecs_single</include>
			<texture background="true">$VAR[settings_background]</texture>
		</control>
		<control type="group">
			<include>animation_window</include>
			<include>settings_furniture</include>
			<!-- MENU DA ESQUERDA -->
			<include>Date</include>
			<control type="label">
				<include>SettingsLeftTitle</include>
				<label>31202</label>
			</control>
			<control type="list" id="9000">
				<viewtype>list</viewtype>
				<left>0</left>
				<top>180</top>
				<width>450</width>
				<height>900</height>
				<onup>9000</onup>
				<ondown>9000</ondown>
				<onleft condition="Window.Previous(4)">ActivateWindow(4)</onleft>
				<onleft condition="Window.Previous(Home)">ActivateWindow(Home)</onleft>
				<onright condition="Container(9000).HasFocus(1)">55</onright>
				<onright condition="Container(9000).HasFocus(2)">9001</onright>
				<orientation>vertical</orientation>
				<itemgap>0</itemgap>
				<focusposition>0</focusposition>
				<scrolltime tween="cubic" easing="out">450</scrolltime>
				<itemlayout width="450" height="60">
					<control type="label">
						<include>SettingsLabel</include>
						<label>$INFO[ListItem.Label]</label>
					</control>
				</itemlayout>
				<focusedlayout width="450" height="60">
					<control type="image">
						<include>SettingsImage</include>
						<animation effect="fade" start="100" end="50" time="0" condition="!Control.Hasfocus(9000)">conditional</animation>
					</control>
					<control type="label">
						<include>SettingsLabelFocus</include>
						<label>$INFO[ListItem.Label]</label>
					</control>
				</focusedlayout>
				<content>
					<!-- lista de addons -->
					<item id="1">
						<label>24001</label>
						<icon></icon>
						<onclick>SetFocus(55)</onclick>
					</item>
					<!-- ajustes -->
					<item id="2">
						<label>31261</label>
						<icon></icon>
						<onclick>SetFocus(9001)</onclick>
					</item>
				</content>
			</control>
			<!-- MENU DA DIREITA -->
			<control type="label">
				<include>SettingsRightTitle</include>
				<label>31010</label>
			</control>
			<control type="grouplist" id="9001">
				<animation effect="fade" reversible="true" time="150">VisibleChange</animation>
				<left>454</left>
				<top>180</top>
				<width>1466</width>
				<height>741</height>
				<itemgap>0</itemgap>
				<visible>Container(9000).HasFocus(2)</visible>
				<onleft>9000</onleft>
				<onright>9000</onright>
				<onup>9001</onup>
				<ondown>9001</ondown>
				<scrolltime tween="cubic" easing="out">450</scrolltime>
				<!-- ocultar desconhecidos -->
				<control type="radiobutton" id="7">
					<label>$LOCALIZE[25001]</label>
					<visible>Control.IsEnabled(7)</visible>
				</control>
				<!-- ocultar quebrados -->
				<control type="radiobutton" id="8">
					<label>$LOCALIZE[24999]</label>
					<visible>Control.IsEnabled(8)</visible>
				</control>
				<!-- procurar atualizacoes -->
				<control type="button" id="9">
					<label>$LOCALIZE[24034]</label>
				</control>
				<!-- add-on fanart -->
				<control type="radiobutton" id="500">
					<label>31265</label>
					<onclick>Skin.ToggleSetting(noaddonfanart)</onclick>
					<selected>!Skin.HasSetting(noaddonfanart)</selected>
				</control>
				<!-- mais opcoes -->
				<control type="button" id="5">
					<label>$LOCALIZE[22082]</label>
				</control>
			</control>
			<control type="group">
				<animation effect="fade" reversible="true" time="150">VisibleChange</animation>
				<visible>![Container(9000).HasFocus(2) | ControlGroup(9001).HasFocus]</visible>
				<control type="list" id="55">
					<viewtype>list</viewtype>
					<left>454</left>
					<top>180</top>
					<width>1466</width>
					<height>420</height>
					<itemgap>0</itemgap>
					<onup>55</onup>
					<ondown>55</ondown>
					<onleft>9000</onleft>
					<onright>80</onright>
					<orientation>vertical</orientation>
					<pagecontrol>80</pagecontrol>
					<itemlayout width="1466" height="60">
						<control type="label">
							<left>75</left>
							<top>0</top>
							<width>900</width>
							<height>60</height>
							<align>left</align>
							<aligny>center</aligny>
							<font>font_settings</font>
							<label>$INFO[ListItem.Label]</label>
							<scroll>true</scroll>
							<scrollout>false</scrollout>
						</control>
						<control type="label">
							<left>950</left>
							<top>0</top>
							<width>435</width>
							<height>60</height>
							<align>right</align>
							<aligny>center</aligny>
							<font>font_settings</font>
							<label>$INFO[ListItem.Label2]</label>
						</control>
					</itemlayout>
					<focusedlayout width="1466" height="60">
						<control type="image">
							<left>0</left>
							<top>0</top>
							<width>1466</width>
							<height>60</height>
							<texture>grey.png</texture>
							<visible>Control.HasFocus(55)</visible>
						</control>
						<control type="label">
							<left>75</left>
							<top>0</top>
							<width>900</width>
							<height>60</height>
							<align>left</align>
							<aligny>center</aligny>
							<font>font_settings</font>
							<textcolor>E0101010</textcolor>
							<label>$INFO[ListItem.Label]</label>
							<scroll>true</scroll>
							<scrollout>false</scrollout>
							<visible>Control.HasFocus(55)</visible>
						</control>
						<control type="label">
							<left>950</left>
							<top>0</top>
							<width>435</width>
							<height>60</height>
							<align>right</align>
							<aligny>center</aligny>
							<font>font_settings</font>
							<textcolor>E0101010</textcolor>
							<label>$INFO[ListItem.Label2]</label>
							<visible>Control.HasFocus(55)</visible>
						</control>
						<control type="label">
							<left>75</left>
							<top>0</top>
							<width>900</width>
							<height>60</height>
							<align>left</align>
							<aligny>center</aligny>
							<font>font_settings</font>
							<label>$INFO[ListItem.Label]</label>
							<scroll>true</scroll>
							<scrollout>false</scrollout>
							<visible>!Control.HasFocus(55)</visible>
						</control>
						<control type="label">
							<left>950</left>
							<top>0</top>
							<width>435</width>
							<height>60</height>
							<align>right</align>
							<aligny>center</aligny>
							<font>font_settings</font>
							<label>$INFO[ListItem.Label2]</label>
							<visible>!Control.HasFocus(55)</visible>
						</control>
					</focusedlayout>
				</control>
				<control type="scrollbar" id="80">
					<include>ScrollBar_Vertical</include>
					<left>1860</left>
					<top>183</top>
					<height>412</height>
					<onleft>55</onleft>
					<onright>55</onright>
					<animation effect="fade" time="200">Visible</animation>
					<animation effect="fade" time="50">Hidden</animation>
					<visible allowhiddenfocus="true">Control.IsVisible(55)</visible>
				</control>
				<!-- Painel de info no rodape -->
				<control type="image">
					<left>454</left>
					<top>645</top>
					<width>1466</width>
					<height>8</height>
					<texture>grey.png</texture>
					<colordiffuse>$INFO[skin.string(colortexture)]</colordiffuse>
				</control>
				<control type="image">
					<left>454</left>
					<top>653</top>
					<width>1466</width>
					<height>374</height>
					<texture>grey.png</texture>
					<colordiffuse>80FFFFFF</colordiffuse>
				</control>
				<!-- Fundo borda -->
				<control type="image">
					<left>510</left>
					<top>650</top>
					<width>380</width>
					<height>380</height>
					<texture>musicframe.png</texture>
				</control>
				<control type="image">
					<left>529</left>
					<top>668</top>
					<width>343</width>
					<height>343</height>
					<texture fallback="DefaultAddon.png" background="true">$INFO[Container(55).ListItem.Icon]</texture>
					<fadetime>commonfadetime</fadetime>
					<aspectratio>keep</aspectratio>
				</control>
				<control type="textbox">
					<left>920</left>
					<top>665</top>
					<width>925</width>
					<height>340</height>
					<textcolor>E0101010</textcolor>
					<font>font_plot</font>
					<label>$INFO[Container(55).ListItem.AddonDescription]</label>
					<autoscroll delay="10000" time="2000" repeat="10000">!Skin.HasSetting(noallowscroll)</autoscroll>
				</control>
				<control type="image">
					<left>454</left>
					<top>653</top>
					<width>1466</width>
					<height>374</height>
					<texture>osd_glass.png</texture>
					<colordiffuse>90FFFFFF</colordiffuse>
				</control>
			</control>
			<include>RSS</include>
			<include>background_black</include>
		</control>
	</controls>
</window>
