<?xml version="1.0" encoding="UTF-8"?>
<window id="1151" type="dialog">
	<!-- KBK Multimedia Center -->
	<defaultcontrol always="true">9930</defaultcontrol>
	<onunload condition="!Window.IsActive(home)">AlarmClock(firstfocus,SetFocus(51),0:01,true)</onunload>
	<onunload condition="Window.IsActive(home) + ![String.IsEqual(skin.string(codestep),step1) | String.IsEqual(skin.string(codestep),step2) | String.IsEqual(skin.string(codestep),step3)]">AlarmClock(firstfocus,SetFocus(9000),0:01,true)</onunload>
	<onunload condition="Window.IsActive(home) + String.IsEqual(skin.string(codestep),step3)">AlarmClock(firstfocus,SetFocus(5100),0:01,true)</onunload>
	<coordinates>
		<system>1</system>
		<left>0</left>
		<top>0</top>
	</coordinates>
	<controls>
		<control type="image">
			<!-- Kiosk Code -->
			<left>0</left>
			<top>0</top>
			<width>1920</width>
			<height>1080</height>
			<texture>darkgrey.png</texture>
			<animation effect="fade" end="98" condition="true">Conditional</animation>
			<animation effect="fade" start="0" end="100" time="500">WindowOpen</animation>
			<animation effect="fade" start="100" end="0" time="500">WindowClose</animation>
		</control>
		<control type="button" id="9929">
			<include>invisible</include>
			<onfocus condition="!String.IsEqual(skin.string(codestep),step2)">SetFocus(9930)</onfocus>
			<onfocus condition="![String.IsEqual(skin.string(codestep),step1) | String.IsEqual(skin.string(codestep),step2) | String.IsEqual(skin.string(codestep),step3)]">Skin.SetString(codestep,step1)]</onfocus>
			<onfocus condition="String.IsEqual(skin.string(codestep),step1)">Skin.SetString(codestep,step2)]</onfocus>
			<onfocus condition="String.IsEqual(skin.string(codestep),step2)">Skin.SetString(codestep,step3)]</onfocus>
			<onfocus condition="String.IsEqual(skin.string(codestep),step2)">AlarmClock(kioskcode,Dialog.Close(1151),0:02,true)</onfocus>
		</control>
		<control type="button" id="9930">
			<!-- code -->
			<include>invisible</include>
			<onfocus>SetFocus(9930)</onfocus>
			<onleft condition="![String.IsEqual(skin.string(codestep),step1) | String.IsEqual(skin.string(codestep),step2) | String.IsEqual(skin.string(codestep),step3)]">SetFocus(9929)</onleft>
			<onleft condition="String.IsEqual(skin.string(codestep),step1) | String.IsEqual(skin.string(codestep),step2) | String.IsEqual(skin.string(codestep),step3)">Dialog.Close(1151)</onleft>
			<onleft condition="String.IsEqual(skin.string(codestep),step1) | String.IsEqual(skin.string(codestep),step2) | String.IsEqual(skin.string(codestep),step3)">Skin.Reset(codestep)</onleft>
			<onright condition="String.IsEqual(skin.string(codestep),step1)">SetFocus(9929)</onright>
			<onright condition="!String.IsEqual(skin.string(codestep),step1)">Dialog.Close(1151)</onright>
			<onright condition="!String.IsEqual(skin.string(codestep),step1)">Skin.Reset(codestep)</onright>
			<onup condition="String.IsEqual(skin.string(codestep),step2)">SetFocus(9929)</onup>
			<onup condition="!String.IsEqual(skin.string(codestep),step2)">Dialog.Close(1151)</onup>
			<onup condition="!String.IsEqual(skin.string(codestep),step2)">Skin.Reset((codestep)</onup>
			<ondown>Dialog.Close(1151)</ondown>
			<ondown>Skin.Reset(codestep)</ondown>
			<visible>true</visible>
		</control>
		<control type="group">
			<include>animation_dialogpopup</include>
			<control type="image">
				<left>525</left>
				<top>368</top>
				<width>180</width>
				<height>180</height>
				<align>left</align>
				<aligny>top</aligny>
				<texture>logo_kioskcode.png</texture>
				<aspectratio>keep</aspectratio>
			</control>
			<control type="image">
				<left>540</left>
				<top>292</top>
				<width>150</width>
				<height>180</height>
				<align>left</align>
				<aligny>top</aligny>
				<texture>logo_kioskcode_open.png</texture>
				<aspectratio>keep</aspectratio>
				<animation effect="slide" start="0,0" end="0,-45" time="400" tween="circle" easing="in" condition="String.IsEqual(skin.string(codestep),step3)">Conditional</animation>
			</control>
			<control type="label">
				<left>750</left>
				<top>338</top>
				<width>870</width>
				<height>57</height>
				<align>left</align>
				<aligny>top</aligny>
				<label>[COLOR=$VAR[kioskcodecolor]]$VAR[kioskcodestatus][/COLOR]</label>
				<font>font_titlesettings</font>
				<textcolor>C0FFFFFF</textcolor>
			</control>
			<control type="label">
				<left>750</left>
				<top>435</top>
				<width>705</width>
				<height>180</height>
				<align>left</align>
				<aligny>top</aligny>
				<label>$LOCALIZE[31613]</label>
				<font>font_plot</font>
			</control>
		</control>
	</controls>
</window>
