<?xml version="1.0" encoding="UTF-8"?>
<window id="1156" type="dialog">
	<!-- KBK Multimedia Center -->
	<defaultcontrol>61</defaultcontrol>
	<controls>
		<control type="image">
			<left>0</left>
			<top>0</top>
			<width>1920</width>
			<height>1080</height>
			<texture>black.png</texture>
			<colordiffuse>C3FFFFFF</colordiffuse>
			<include>animation_fade</include>
		</control>
		<control type="group" id="446">
			<animation type="WindowOpen" reversible="false">
				<effect type="slide" start="0,0" end="-878,0" time="500" easing="inout" tween="sine" />
				<effect type="fade" start="0" end="100" time="500" />
			</animation>
			<animation type="WindowClose" reversible="false">
				<effect type="slide" start="-878,0" end="0,0" time="300" easing="inout" tween="cubic" />
				<effect type="fade" start="100" end="0" time="300" />
			</animation>
			<left>1920</left>
			<top>0</top>
			<control type="image">
				<left>-15</left>
				<top>0</top>
				<width>45</width>
				<height>1080</height>
				<texture flipx="true">shadow.png</texture>
				<colordiffuse>C3FFFFFF</colordiffuse>
			</control>
			<control type="image">
				<left>30</left>
				<top>0</top>
				<width>855</width>
				<height>1080</height>
				<texture>darkgrey.png</texture>
			</control>
			<control type="label">
				<left>60</left>
				<top>30</top>
				<width>795</width>
				<height>45</height>
				<label>31985</label>
				<font>font_titlesettings</font>
				<textcolor>FFF8F8F8</textcolor>
				<align>left</align>
				<aligny>center</aligny>
				<include>animation_fade</include>
			</control>
			<control type="image">
				<left>60</left>
				<top>105</top>
				<width>795</width>
				<height>3</height>
				<texture>separator.png</texture>
			</control>
			<control type="textbox">
				<left>60</left>
				<top>135</top>
				<width>758</width>
				<height>870</height>
				<align>justify</align>
				<aligny>top</aligny>
				<font>font_plot</font>
				<textcolor>FFF8F8F8</textcolor>
				<label>[COLOR=$INFO[skin.string(colorheader)]]$LOCALIZE[31788]:[/COLOR] KingBreakerKokora[CR][COLOR=$INFO[skin.string(colorheader)]]$LOCALIZE[31706]:[/COLOR] Wanilton[CR][CR][COLOR=$INFO[skin.string(colorheader)]]$LOCALIZE[31999][/COLOR]</label>
				<pagecontrol>61</pagecontrol>
				<autoscroll delay="25000" time="4000" repeat="25000">!Skin.HasSetting(noallowscroll)</autoscroll>
			</control>
			<control type="scrollbar" id="61">
				<include>ScrollBar_Vertical</include>
				<left>832</left>
				<top>135</top>
				<height>870</height>
				<onleft>Dialog.Close(1156)</onleft>
				<onleft>SetFocus(9000)</onleft>
				<onright>Dialog.Close(1156)</onright>
				<onright>SetFocus(9000)</onright>
				<onup>61</onup>
				<ondown>61</ondown>
			</control>
		</control>
	</controls>
</window>
