<?xml version="1.0" encoding="UTF-8"?>
<window id="1154" type="dialog">
	<!-- KBK Multimedia Center -->
	<defaultcontrol>9911</defaultcontrol>
	<controls>
		<control type="button" id="9911">
			<include>invisible</include>
			<onleft>Dialog.Close(1154)</onleft>
			<onright>Dialog.Close(1154)</onright>
			<onup>Dialog.Close(1154)</onup>
			<ondown>Dialog.Close(1154)</ondown>
		</control>
		<control type="image">
			<left>0</left>
			<top>0</top>
			<width>1920</width>
			<height>1080</height>
			<texture>black.png</texture>
			<colordiffuse>C3FFFFFF</colordiffuse>
			<include>animation_fade</include>
		</control>
		<control type="group" id="446">
			<animation type="WindowOpen" reversible="false">
				<effect type="slide" start="0,0" end="-758,0" time="500" easing="inout" tween="sine" />
				<effect type="fade" start="0" end="100" time="500" />
			</animation>
			<animation type="WindowClose" reversible="false">
				<effect type="slide" start="-758,0" end="0,0" time="300" easing="inout" tween="cubic" />
				<effect type="fade" start="100" end="0" time="300" />
			</animation>
			<left>1920</left>
			<top>0</top>
			<control type="image">
				<left>-15</left>
				<top>0</top>
				<width>45</width>
				<height>1080</height>
				<texture flipx="true">shadow.png</texture>
				<colordiffuse>C3FFFFFF</colordiffuse>
			</control>
			<control type="image">
				<left>30</left>
				<top>0</top>
				<width>780</width>
				<height>1080</height>
				<texture>darkgrey.png</texture>
			</control>
			<control type="label">
				<left>60</left>
				<top>30</top>
				<width>675</width>
				<height>45</height>
				<label>31911</label>
				<font>font_titlesettings</font>
				<align>left</align>
				<aligny>center</aligny>
				<include>animation_fade</include>
			</control>
			<control type="image">
				<left>60</left>
				<top>105</top>
				<width>675</width>
				<height>3</height>
				<texture>separator.png</texture>
			</control>
			<control type="textbox">
				<left>60</left>
				<top>135</top>
				<width>675</width>
				<height>750</height>
				<align>justify</align>
				<aligny>top</aligny>
				<font>font_plot</font>
				<label>31257</label>
				<animation effect="fade" reversible="true" time="300">VisibleChange</animation>
			</control>
		</control>
	</controls>
</window>
