<?xml version="1.0" encoding="UTF-8"?>
<window id="1164" type="dialog">
	<!-- KBK Multimedia Center -->
	<defaultcontrol always="true">9060</defaultcontrol>
	<onunload>SetFocus(9000)</onunload>
	<controls>
		<control type="group">
			<include>animation_dialogpopup</include>
			<control type="image">
				<left>615</left>
				<top>345</top>
				<width>681</width>
				<height>58</height>
				<texture>gradient_focus.png</texture>
				<colordiffuse>$INFO[skin.string(colorheader)]</colordiffuse>
			</control>
			<control type="image">
				<left>615</left>
				<top>300</top>
				<width>681</width>
				<height>58</height>
				<texture>dialogs_context_nofocus.png</texture>
				<colordiffuse>F9FFFFFF</colordiffuse>
			</control>
			<control type="label">
				<left>735</left>
				<top>300</top>
				<width>450</width>
				<height>60</height>
				<align>center</align>
				<label>31876</label>
				<font>font_header</font>
				<textcolor>$INFO[skin.string(colorheader)]</textcolor>
			</control>
			<control type="grouplist" id="9060">
				<left>615</left>
				<top>375</top>
				<width>681</width>
				<height max="1005">auto</height>
				<itemgap>0</itemgap>
				<onleft>Dialog.Close(1164)</onleft>
				<onright>Dialog.Close(1164)</onright>
				<control type="button" id="9061">
					<include>DialogContext_Button</include>
					<label>31720</label>
					<onclick>Dialog.Close(1164)</onclick>
					<onclick>Skin.SetString(weatherfanart_seasonal,northamerica)</onclick>
					<onclick>SetFocus(9000)</onclick>
				</control>
				<control type="button" id="9062">
					<include>DialogContext_Button</include>
					<label>31721</label>
					<onclick>Dialog.Close(1164)</onclick>
					<onclick>Skin.SetString(weatherfanart_seasonal,southamerica)</onclick>
					<onclick>SetFocus(9000)</onclick>
				</control>
			</control>
		</control>
	</controls>
</window>
