<?xml version="1.0" encoding="UTF-8"?>
<window id="1158" type="dialog">
	<!-- KBK Multimedia Center -->
	<defaultcontrol>604</defaultcontrol>
	<controls>
		<!-- ######################################################################### Proximas faixas layout estilo default ######################################################################### -->
		<control type="group">
			<animation effect="slide" start="0,-500" end="0,0" time="700" tween="sine" easing="inout" delay="1000">WindowOpen</animation>
			<animation effect="slide" start="0,-500" end="0,0" time="700" tween="sine" easing="inout" delay="1000">Visible</animation>
			<visible>![String.IsEmpty(MusicPlayer.offset(1).Artist) | Window.IsVisible(musicosd) | Window.IsVisible(visualisationpresetlist) | Skin.HasSetting(novisfurniture) | Skin.HasSetting(nonexttracks_on)] + [String.IsEqual(skin.string(vis_layout),style1) | String.IsEqual(skin.string(vis_layout),style2) | String.IsEqual(skin.string(vis_layout),style3)]</visible>
			<!-- Fundo -->
			<control type="image">
				<left>0</left>
				<top>30</top>
				<width>1920</width>
				<height>600</height>
				<texture>details_back.png</texture>
				<colordiffuse>$INFO[skin.string(colortexture)]</colordiffuse>
				<include>animation_homeglass</include>
			</control>
			<control type="label">
				<left>60</left>
				<top>54</top>
				<width>618</width>
				<height>44</height>
				<align>left</align>
				<aligny>center</aligny>
				<font>font_subtitle</font>
				<label>31325</label>
				<scroll>true</scroll>
				<scrollout>false</scrollout>
			</control>
			<control type="image">
				<left>45</left>
				<top>96</top>
				<width>618</width>
				<height>3</height>
				<align>left</align>
				<texture flipx="true">divider.png</texture>
			</control>
			<!-- Para Letras -->
			<control type="button">
				<left>38</left>
				<top>519</top>
				<width>375</width>
				<height>30</height>
				<label>31723</label>
				<font>font_button</font>
				<align>left</align>
				<textoffsetx>60</textoffsetx>
				<textcolor>80FFFAF0</textcolor>
				<focusedcolor>FFF8F8F8</focusedcolor>
				<texturefocus diffuse="gradient_button.png">grey.png</texturefocus>
				<visible>!Skin.HasSetting(nolyrics_on)</visible>
			</control>
			<control type="image">
				<left>60</left>
				<top>518</top>
				<width>30</width>
				<height>30</height>
				<texture>arrow_left.png</texture>
				<colordiffuse>80FFFAF0</colordiffuse>
				<include>animation_fade</include>
				<visible>!Skin.HasSetting(nolyrics_on)</visible>
			</control>
			<!-- Para Menu -->
			<control type="button">
				<left>1508</left>
				<top>519</top>
				<width>375</width>
				<height>30</height>
				<label>31238</label>
				<font>font_button</font>
				<align>right</align>
				<textoffsetx>60</textoffsetx>
				<onclick>ActivateWindow(120)</onclick>
				<textcolor>80FFFAF0</textcolor>
				<focusedcolor>FFF8F8F8</focusedcolor>
				<texturefocus flipx="true" diffuse="gradient_button.png">grey.png</texturefocus>
				<texturenofocus></texturenofocus>
			</control>
			<control type="image">
				<left>1830</left>
				<top>518</top>
				<width>30</width>
				<height>30</height>
				<texture flipx="true">arrow_left.png</texture>
				<colordiffuse>80FFFAF0</colordiffuse>
				<include>animation_fade</include>
			</control>
			<control type="panel" id="604">
				<left>60</left>
				<top>112</top>
				<width>1860</width>
				<height>390</height>
				<onup>604</onup>
				<ondown>604</ondown>
				<onleft condition="!Skin.HasSetting(nolyrics_on)">Close</onleft>
				<onright>ActivateWindow(120)</onright>
				<orientation>vertical</orientation>
				<pagecontrol></pagecontrol>
				<include>animation_homefade</include>
				<visible>String.IsEqual(skin.string(vis_layout),style1) | String.IsEqual(skin.string(vis_layout),style2) | String.IsEqual(skin.string(vis_layout),style3)</visible>
				<itemlayout width="600" height="65">
					<control type="image">
						<left>0</left>
						<top>0</top>
						<width>60</width>
						<height>60</height>
						<aspectratio align="center">stretch</aspectratio>
						<texture fallback="DefaultAudioCover.png">$INFO[ListItem.Icon]</texture>
					</control>
					<control type="label">
						<left>70</left>
						<top>5</top>
						<width>500</width>
						<height>24</height>
						<align>left</align>
						<font>font_plot</font>
						<label>$INFO[ListItem.Label]</label>
						<scroll>false</scroll>
					</control>
					<control type="label">
						<left>70</left>
						<top>29</top>
						<width>500</width>
						<height>30</height>
						<align>left</align>
						<font>font_plotsmall</font>
						<label>$INFO[ListItem.Label2]</label>
						<scroll>false</scroll>
					</control>
				</itemlayout>
				<focusedlayout width="600" height="65">
					<control type="image">
						<left>60</left>
						<top>0</top>
						<width>530</width>
						<height>60</height>
						<texture>grey.png</texture>
						<include>animation_fade</include>
					</control>
					<control type="image">
						<left>0</left>
						<top>0</top>
						<width>60</width>
						<height>60</height>
						<aspectratio align="center">stretch</aspectratio>
						<texture fallback="DefaultAudioCover.png">$INFO[ListItem.Icon]</texture>
					</control>
					<control type="label">
						<left>70</left>
						<top>5</top>
						<width>500</width>
						<height>24</height>
						<align>left</align>
						<font>font_plot</font>
						<textcolor>E0101010</textcolor>
						<label>$INFO[ListItem.Label]</label>
					</control>
					<control type="label">
						<left>70</left>
						<top>29</top>
						<width>500</width>
						<height>30</height>
						<align>left</align>
						<font>font_plotsmall</font>
						<textcolor>E0101010</textcolor>
						<label>$INFO[ListItem.Label2]</label>
					</control>
				</focusedlayout>
				<include>nexttracks_content</include>
			</control>
		</control>
	</controls>
</window>
