<?xml version="1.0" encoding="UTF-8"?>
<window id="1161" type="dialog">
	<!-- KBK Multimedia Center -->
	<defaultcontrol always="true">457</defaultcontrol>
	<controls>
		<control type="group">
			<include>animation_dialogpopup</include>
			<control type="image">
				<left>615</left>
				<top>195</top>
				<width>681</width>
				<height>58</height>
				<texture>gradient_focus.png</texture>
				<colordiffuse>$INFO[skin.string(colorheader)]</colordiffuse>
			</control>
			<control type="image">
				<left>615</left>
				<top>150</top>
				<width>681</width>
				<height>58</height>
				<texture>dialogs_context_nofocus.png</texture>
				<colordiffuse>F9FFFFFF</colordiffuse>
			</control>
			<control type="label">
				<left>735</left>
				<top>150</top>
				<width>450</width>
				<height>60</height>
				<align>center</align>
				<label>31165</label>
				<font>font_header</font>
				<textcolor>$INFO[skin.string(colorheader)]</textcolor>
			</control>
			<control type="list" id="457">
				<viewtype>list</viewtype>
				<left>615</left>
				<top>225</top>
				<width>681</width>
				<height max="1005">auto</height>
				<onleft>Dialog.Close(1161)</onleft>
				<onright>Dialog.Close(1161)</onright>
				<orientation>vertical</orientation>
				<itemgap>0</itemgap>
				<focusposition>0</focusposition>
				<pagecontrol></pagecontrol>
				<scrolltime>450</scrolltime>
				<itemlayout width="681" height="58">
					<control type="image">
						<left>0</left>
						<top>0</top>
						<width>681</width>
						<height>58</height>
						<texture colordiffuse="F9FFFFFF">dialogs_context_nofocus.png</texture>
					</control>
					<control type="label">
						<left>0</left>
						<top>0</top>
						<width>681</width>
						<height>58</height>
						<align>center</align>
						<aligny>center</aligny>
						<font>font_button</font>
						<label>[UPPERCASE]$INFO[ListItem.Label][/UPPERCASE]</label>
						<textcolor>FFF8F8F8</textcolor>
					</control>
				</itemlayout>
				<focusedlayout width="681" height="58">
					<control type="image">
						<left>0</left>
						<top>0</top>
						<width>681</width>
						<height>58</height>
						<texture colordiffuse="F9FFFFFF">dialogs_context_focus.png</texture>
						<visible>Control.HasFocus(457)</visible>
					</control>
					<control type="label">
						<left>0</left>
						<top>0</top>
						<width>681</width>
						<height>58</height>
						<align>center</align>
						<aligny>center</aligny>
						<font>font_button</font>
						<label>[UPPERCASE]$INFO[ListItem.Label][/UPPERCASE]</label>
						<textcolor>FFF8F8F8</textcolor>
						<visible>!Control.HasFocus(457)</visible>
					</control>
					<control type="label">
						<left>0</left>
						<top>0</top>
						<width>681</width>
						<height>58</height>
						<align>center</align>
						<aligny>center</aligny>
						<font>font_button</font>
						<label>[UPPERCASE]$INFO[ListItem.Label][/UPPERCASE]</label>
						<textcolor>E0101010</textcolor>
						<visible>Control.HasFocus(457)</visible>
					</control>
				</focusedlayout>
				<content>
					<item>
						<include content="list457_items">
							<param name="preset" value="1" />
						</include>
					</item>
					<item>
						<include content="list457_items">
							<param name="preset" value="2" />
						</include>
					</item>
					<item>
						<include content="list457_items">
							<param name="preset" value="3" />
						</include>
					</item>
					<item>
						<include content="list457_items">
							<param name="preset" value="4" />
						</include>
					</item>
					<item>
						<include content="list457_items">
							<param name="preset" value="5" />
						</include>
					</item>
					<item>
						<include content="list457_items">
							<param name="preset" value="6" />
						</include>
					</item>
					<item>
						<include content="list457_items">
							<param name="preset" value="7" />
						</include>
					</item>
					<item>
						<include content="list457_items">
							<param name="preset" value="8" />
						</include>
					</item>
					<item>
						<include content="list457_items">
							<param name="preset" value="9" />
						</include>
					</item>
					<item>
						<include content="list457_items">
							<param name="preset" value="10" />
						</include>
					</item>
					<item>
						<label>31168</label>
						<onclick></onclick>
						<visible>String.IsEmpty(skin.string(preset1.on)) + String.IsEmpty(skin.string(preset2.on)) + String.IsEmpty(skin.string(preset3.on)) + String.IsEmpty(skin.string(preset4.on)) + String.IsEmpty(skin.string(preset5.on)) + String.IsEmpty(skin.string(preset6.on)) + String.IsEmpty(skin.string(preset7.on)) + String.IsEmpty(skin.string(preset8.on)) + String.IsEmpty(skin.string(preset9.on)) + String.IsEmpty(skin.string(preset10.on))</visible>
					</item>
				</content>
			</control>
		</control>
	</controls>
</window>
