<?xml version="1.0" encoding="UTF-8"?>
<window id="1170">
	<!-- KBK Multimedia Center -->
	<defaultcontrol always="true">9030</defaultcontrol>
	<controls>
		<include content="media_backgrounds">	
			<param name="left" value="0" />
			<param name="top" value="0" />
			<param name="width" value="1920" />
			<param name="height" value="1080" />
			<param name="visible" value="true" />
		</include>	
		<control type="group">
			<include>animation_dialogpopup</include>
			<control type="image">
				<left>182</left>
				<top>0</top>
				<width>45</width>
				<height>1080</height>
				<texture flipx="true">shadow.png</texture>
				<colordiffuse>C3FFFFFF</colordiffuse>
			</control>
			<control type="image">
				<left>1693</left>
				<top>0</top>
				<width>45</width>
				<height>1080</height>
				<texture>shadow.png</texture>
				<colordiffuse>C3FFFFFF</colordiffuse>
			</control>
			<control type="image">
				<left>227</left>
				<top>0</top>
				<width>1466</width>
				<height>1080</height>
				<texture flipy="true" diffuse="shadow_mask.png">$VAR[texture_base]</texture>
				<colordiffuse>$INFO[skin.string(colortexture)]</colordiffuse>
				<animation effect="fade" end="80" condition="true">Conditional</animation>
			</control>
			<control type="image">
				<left>227</left>
				<top>0</top>
				<width>1466</width>
				<height>120</height>
				<texture flipy="true" diffuse="shadow_mask.png">$VAR[texture_base]</texture>
				<colordiffuse>$INFO[skin.string(colortexture)]</colordiffuse>
			</control>
			<control type="label">
				<left>322</left>
				<top>8</top>
				<width>1278</width>
				<height>45</height>
				<align>center</align>
				<aligny>top</aligny>
				<label>31479</label>
				<font>font_titlesettings</font>
			</control>
			<control type="label">
				<left>322</left>
				<top>68</top>
				<width>1278</width>
				<height>45</height>
				<align>center</align>
				<aligny>top</aligny>
				<label>31140</label>
				<font>font_plot</font>
			</control>
			<control type="grouplist" id="9030">
				<left>227</left>
				<top>150</top>
				<width>1466</width>
				<height>900</height>
				<itemgap>0</itemgap>
				<onleft>back</onleft>
				<onright>9031</onright>
				<onup>9030</onup>
				<ondown>9030</ondown>
				<pagecontrol>9031</pagecontrol>
				<scrolltime>200</scrolltime>
				<control type="radiobutton" id="19299">					
					<radioposx>1300</radioposx>
					<label>31496</label>
					<onclick>Skin.ToggleSetting(clickactivateview_video)</onclick>
					<selected>Skin.HasSetting(clickactivateview_video)</selected>
				</control>
				<include content="viewsselector_item">
					<param name="id" value="52" />
					<param name="label" value="31811" />
					<param name="view" value="viewbanner" />
					<param name="type" value="video" />
					<param name="visible" value="String.IsEqual(skin.string(videocontent),movies) | String.IsEqual(skin.string(videocontent),tvshows) | String.IsEqual(skin.string(videocontent),seasons)" />	
				</include>
				<include content="viewsselector_item">
					<param name="id" value="53" />
					<param name="label" value="31812" />
					<param name="view" value="viewbannerinfo" />
					<param name="type" value="video" />
					<param name="visible" value="String.IsEqual(skin.string(videocontent),movies) | String.IsEqual(skin.string(videocontent),tvshows) | String.IsEqual(skin.string(videocontent),seasons)" />	
				</include>
				<include content="viewsselector_item">
					<param name="id" value="54" />
					<param name="label" value="31808" />
					<param name="view" value="viewposter" />
					<param name="type" value="video" />
					<param name="visible" value="!String.IsEqual(skin.string(videocontent),years)" />	
				</include>
				<include content="viewsselector_item">
					<param name="id" value="55" />
					<param name="label" value="31807" />
					<param name="view" value="viewlowlist" />
					<param name="type" value="video" />
					<param name="visible" value="true" />	
				</include>
				<include content="viewsselector_item">
					<param name="id" value="56" />
					<param name="label" value="31805" />
					<param name="view" value="viewwall" />
					<param name="type" value="video" />
					<param name="visible" value="![String.IsEqual(skin.string(videocontent),episodes) | String.IsEqual(skin.string(videocontent),sets) | String.IsEqual(skin.string(videocontent),years)]" />	
				</include>
				<include content="viewsselector_item">
					<param name="id" value="57" />
					<param name="label" value="31821" />
					<param name="view" value="viewglasslist" />
					<param name="type" value="video" />
					<param name="visible" value="![String.IsEqual(skin.string(videocontent),years) | String.IsEqual(skin.string(videocontent),programs)]" />	
				</include>
				<include content="viewsselector_item">
					<param name="id" value="58" />
					<param name="label" value="31810" />
					<param name="view" value="viewcoverflow" />
					<param name="type" value="video" />
					<param name="visible" value="![String.IsEqual(skin.string(videocontent),episodes) | String.IsEqual(skin.string(videocontent),years) | String.IsEqual(skin.string(videocontent),genres) | String.IsEqual(skin.string(videocontent),countries) | String.IsEqual(skin.string(videocontent),studios) | String.IsEqual(skin.string(videocontent),programs)]" />	
				</include>
				<include content="viewsselector_item">
					<param name="id" value="59" />
					<param name="label" value="31813" />
					<param name="view" value="viewwide" />
					<param name="type" value="video" />
					<param name="visible" value="true" />	
				</include>
				<include content="viewsselector_item">
					<param name="id" value="60" />
					<param name="label" value="31819" />
					<param name="view" value="viewshowart" />
					<param name="type" value="video" />
					<param name="visible" value="![String.IsEqual(skin.string(videocontent),sets) | String.IsEqual(skin.string(videocontent),years) | String.IsEqual(skin.string(videocontent),genres) | String.IsEqual(skin.string(videocontent),actors) | String.IsEqual(skin.string(videocontent),programs)]" />	
				</include>
				<include content="viewsselector_item">
					<param name="id" value="61" />
					<param name="label" value="31803" />
					<param name="view" value="viewmultiplex" />
					<param name="type" value="video" />
					<param name="visible" value="![String.IsEqual(skin.string(videocontent),episodes) | String.IsEqual(skin.string(videocontent),years) | String.IsEqual(skin.string(videocontent),programs)]" />	
				</include>
				<include content="viewsselector_item">
					<param name="id" value="62" />
					<param name="label" value="31818" />
					<param name="view" value="viewpanel" />
					<param name="type" value="video" />
					<param name="visible" value="!String.IsEqual(skin.string(videocontent),years)" />	
				</include>
				<include content="viewsselector_item">
					<param name="id" value="63" />
					<param name="label" value="31809" />
					<param name="view" value="viewshelf" />
					<param name="type" value="video" />
					<param name="visible" value="![String.IsEqual(skin.string(videocontent),episodes) | String.IsEqual(skin.string(videocontent),years) | String.IsEqual(skin.string(videocontent),programs)]" />	
				</include>
				<include content="viewsselector_item">
					<param name="id" value="64" />
					<param name="label" value="31804" />
					<param name="view" value="viewlandscapex" />
					<param name="type" value="video" />
					<param name="visible" value="String.IsEqual(skin.string(videocontent),tvshows) | String.IsEqual(skin.string(videocontent),episodes)" />	
				</include>
				<include content="viewsselector_item">
					<param name="id" value="65" />
					<param name="label" value="31820" />
					<param name="view" value="viewsets" />
					<param name="type" value="video" />
					<param name="visible" value="String.IsEqual(skin.string(videocontent),movies) | String.IsEqual(skin.string(videocontent),sets)" />	
				</include>
				<include content="viewsselector_item">
					<param name="id" value="66" />
					<param name="label" value="31802" />
					<param name="view" value="viewshowcase" />
					<param name="type" value="video" />
					<param name="visible" value="![String.IsEqual(skin.string(videocontent),episodes) | String.IsEqual(skin.string(videocontent),years) | String.IsEqual(skin.string(videocontent),genres) | String.IsEqual(skin.string(videocontent),programs)]" />	
				</include>
				<include content="viewsselector_item">
					<param name="id" value="67" />
					<param name="label" value="31806" />
					<param name="view" value="view3dwall" />
					<param name="type" value="video" />
					<param name="visible" value="![String.IsEqual(skin.string(videocontent),sets) | String.IsEqual(skin.string(videocontent),years) | String.IsEqual(skin.string(videocontent),countries) | String.IsEqual(skin.string(videocontent),studios) | String.IsEqual(skin.string(videocontent),genres) | String.IsEqual(skin.string(videocontent),programs)]" />	
				</include>
				<include content="viewsselector_item">
					<param name="id" value="69" />
					<param name="label" value="31815" />
					<param name="view" value="viewposterlite" />
					<param name="type" value="video" />
					<param name="visible" value="![String.IsEqual(skin.string(videocontent),years) | String.IsEqual(skin.string(videocontent),genres) | String.IsEqual(skin.string(videocontent),actors) | String.IsEqual(skin.string(videocontent),countries) | String.IsEqual(skin.string(videocontent),studios) | String.IsEqual(skin.string(videocontent),programs)]" />	
				</include>
				<include content="viewsselector_item">
					<param name="id" value="70" />
					<param name="label" value="31814" />
					<param name="view" value="viewposterlist" />
					<param name="type" value="video" />
					<param name="visible" value="String.IsEqual(skin.string(videocontent),movies)" />	
				</include>
				<include content="viewsselector_item">
					<param name="id" value="71" />
					<param name="label" value="31816" />
					<param name="view" value="viewtotalart" />
					<param name="type" value="video" />
					<param name="visible" value="String.IsEqual(skin.string(videocontent),movies)" />	
				</include>
				<include content="viewsselector_item">
					<param name="id" value="73" />
					<param name="label" value="31823" />
					<param name="view" value="viewframe" />
					<param name="type" value="video" />
					<param name="visible" value="String.IsEqual(skin.string(videocontent),tvshows) | String.IsEqual(skin.string(videocontent),seasons) | String.IsEqual(skin.string(videocontent),episodes)" />	
				</include>
			</control>
			<control type="scrollbar" id="9031">
				<include>ScrollBar_Vertical</include>
				<left>1650</left>
				<top>150</top>
				<width>98</width>
				<height>900</height>
				<onleft>9030</onleft>
				<onright>9030</onright>
			</control>
		</control>
	</controls>
</window>
