<?xml version="1.0" encoding="UTF-8"?>
<window id="1173" type="dialog">
	<!-- KBK Multimedia Center -->
	<defaultcontrol always="true">9060</defaultcontrol>
	<controls>
		<control type="group">
			<include>animation_dialogpopup</include>			
			<control type="button" id="4205">
				<include>invisible</include>
				<onfocus>SetFocus(9060)</onfocus>
				<onfocus condition="String.Contains(skin.string(videofurniture),full)">Skin.SetString(videofurniture,partial)</onfocus>
				<onfocus condition="String.Contains(skin.string(videofurniture),partial)">Skin.SetString(videofurniture,minimum)</onfocus>
				<onfocus condition="String.Contains(skin.string(videofurniture),minimum)">Skin.SetString(videofurniture,hide)</onfocus>
				<onfocus condition="String.Contains(skin.string(videofurniture),hide)">Skin.SetString(videofurniture,full)</onfocus>
			</control>
			<control type="image">
				<left>615</left>
				<top>345</top>
				<width>681</width>
				<height>58</height>
				<texture>gradient_focus.png</texture>
				<colordiffuse>$INFO[skin.string(colorheader)]</colordiffuse>
			</control>
			<control type="image">
				<left>615</left>
				<top>300</top>
				<width>681</width>
				<height>58</height>
				<texture>dialogs_context_nofocus.png</texture>
				<colordiffuse>F9FFFFFF</colordiffuse>
			</control>
			<control type="label">
				<left>735</left>
				<top>300</top>
				<width>450</width>
				<height>60</height>
				<align>center</align>
				<label>31011</label>
				<font>font_header</font>
				<textcolor>$INFO[skin.string(colorheader)]</textcolor>
			</control>
			<control type="grouplist" id="9060">
				<left>615</left>
				<top>375</top>
				<width>681</width>
				<height max="1005">auto</height>
				<itemgap>0</itemgap>
				<onleft>Dialog.Close(1173)</onleft>
				<onright>Dialog.Close(1173)</onright>
				<!-- info -->
				<control type="button" id="9061">
					<include>DialogContext_Button</include>
					<label>$LOCALIZE[31406]</label>
					<onclick>Dialog.Close(1173)</onclick>
					<onclick>ActivateWindow(fullscreeninfo)</onclick>
					<visible>String.Contains(skin.string(osd),settings)</visible>
				</control>	
				<!-- ajustes de video -->
				<control type="button" id="9062">
					<include>DialogContext_Button</include>
					<label>$LOCALIZE[13395]</label>
					<onclick>Dialog.Close(1173)</onclick>
					<onclick>ActivateWindow(osdvideosettings)</onclick>
					<visible>String.Contains(skin.string(osd),settings)</visible>
				</control>
				<!-- ajustes de cor -->
				<control type="button" id="9063">
					<include>DialogContext_Button</include>
					<label>$LOCALIZE[36560]</label>
					<onclick>Dialog.Close(1173)</onclick>
					<onclick>ActivateWindow(osdcmssettings)</onclick>
					<visible>String.Contains(skin.string(osd),settings) + System.HasCMS</visible>
				</control>
				<!-- ajustes de audio -->
				<control type="button" id="9064">
					<include>DialogContext_Button</include>
					<label>$LOCALIZE[13396]</label>
					<onclick>Dialog.Close(1173)</onclick>
					<onclick>ActivateWindow(osdaudiosettings)</onclick>
					<visible>String.Contains(skin.string(osd),settings)</visible>
				</control>
				<!-- alterar trilha de audio -->
				<control type="button" id="9065">
					<include>DialogContext_Button</include>
					<label>$LOCALIZE[31800]</label>
					<label2>[B]$INFO[VideoPlayer.AudioLanguage][/B]</label2>
					<onclick>AudioNextLanguage</onclick>
					<visible>String.Contains(skin.string(osd),settings)</visible>
				</control>
				<!-- ajustes de legendas -->
				<control type="button" id="9066">
				  <include>DialogContext_Button</include>
				  <label>$LOCALIZE[24133]</label>
				  <onclick>Dialog.Close(1173)</onclick>
				  <onclick>ActivateWindow(osdsubtitlesettings)</onclick>
				  <visible>String.Contains(skin.string(osd),settings) + !VideoPlayer.Content(LiveTV)</visible>
				</control>
				<!-- menu de disco -->
				<control type="button" id="9067">
					<include>DialogContext_Button</include>
					<label>$LOCALIZE[31956]</label>
					<onclick>Dialog.Close(1173)</onclick>
					<onclick>PlayerControl(ShowVideoMenu)</onclick>
					<visible>String.Contains(skin.string(osd),settings)</visible>
				</control>
				<!-- capitulos -->
				<control type="button" id="9068">
					<include>DialogContext_Button</include>
					<label>$LOCALIZE[31299]</label>
					<onclick>Dialog.Close(1173)</onclick>
					<onclick>ActivateWindow(videobookmarks)</onclick>
					<visible>String.Contains(skin.string(osd),settings) + !VideoPlayer.Content(LiveTV)</visible>
				</control>
				<!-- programas -->
				<control type="button" id="9069">
					<include>DialogContext_Button</include>
					<label>$LOCALIZE[31132]</label>
					<onclick>Dialog.Close(1173)</onclick>
					<onclick>PlayerProgramSelect</onclick>
					<visible>String.Contains(skin.string(osd),settings) + Player.HasPrograms</visible>
				</control>
				<!-- resolucao -->
				<control type="button" id="9070">
					<include>DialogContext_Button</include>
					<label>$LOCALIZE[31133]</label>
					<onclick>Dialog.Close(1173)</onclick>
					<onclick>PlayerResolutionSelect</onclick>
					<visible>String.Contains(skin.string(osd),settings) + Player.HasResolutions</visible>
				</control>
				<!-- mobilia -->
				<control type="button" id="9071">
					<include>DialogContext_Button</include>
					<label>$VAR[osd_furniture]</label>
					<onclick>SetFocus(4205)</onclick>
					<visible>String.Contains(skin.string(osd),settings)</visible>
				</control>
				<!-- playlist -->
				<control type="button" id="9072">
					<include>DialogContext_Button</include>
					<label>$LOCALIZE[31035]</label>
					<onclick>Dialog.Close(1173)</onclick>
					<onclick>ActivateWindow(videoplaylist)</onclick>
					<visible>String.Contains(skin.string(osd),playlist)</visible>
				</control>
				<!-- repetir -->
				<control type="button" id="9073">
					<include>DialogContext_Button</include>
					<label>$VAR[osd_repeat]</label>
					<onclick>PlayerControl(Repeat)</onclick>
					<visible>String.Contains(skin.string(osd),playlist)</visible>
				</control>
				<!-- random -->
				<control type="button" id="9074">
					<include>DialogContext_Button</include>
					<label>$VAR[osd_random]</label>
					<onclick>PlayerControl(Random)</onclick>
					<visible>String.Contains(skin.string(osd),playlist)</visible>
				</control>
			</control>
		</control>
	</controls>
</window>
