<?xml version="1.0" encoding="UTF-8"?>
<window id="1157">
	<!-- KBK Multimedia Center -->
	<defaultcontrol></defaultcontrol>
	<onload condition="Skin.HasSetting(languagedone)">SetFocus(9000)</onload>
	<onload condition="!Skin.HasSetting(languagedone)">SetFocus(9011)</onload>
	<onload>Skin.Reset(submode)</onload>
	<onload>Skin.Reset(temppreview)</onload>
	<controls>
		<!-- Fundos do menu principal -->
		<control type="multiimage">
			<include>backgroundspecs_multi</include>
			<imagepath background="true">$VAR[settings_custom]</imagepath>
		</control>
		<!-- Fundos do clima sazonal -->
		<control type="multiimage">
			<include>backgroundspecs_multi</include>
			<include>animation_visiblechange</include>
			<imagepath background="true">$VAR[weatherfanart_season]</imagepath>
			<visible>String.IsEqual(Container(9000).ListItem.Property(master),weather) + String.IsEmpty(Container(9000).ListItem.Thumb)</visible>
		</control>
		<!-- Fundos do clima condicional -->
		<control type="multiimage">
			<include>backgroundspecs_multi</include>
			<include>animation_visiblechange</include>
			<imagepath background="true">$VAR[weatherfanart_condition]</imagepath>
			<visible>String.IsEqual(Container(9000).ListItem.Property(master),weather) + Skin.HasSetting(weatherfanart.conditional)</visible>
		</control>
		<control type="group">
			<include>MenuCustom</include>
			<animation effect="fade" start="100" end="0" time="0" condition="Skin.HasSetting(submode)">Conditional</animation>
		</control>
	</controls>
</window>