<?xml version="1.0" encoding="UTF-8"?>
<window id="1169">
	<!-- KBK Multimedia Center -->
	<defaultcontrol always="true">9030</defaultcontrol>
	<controls>
		<include content="media_backgrounds">	
			<param name="left" value="0" />
			<param name="top" value="0" />
			<param name="width" value="1920" />
			<param name="height" value="1080" />
			<param name="visible" value="true" />
		</include>
		<control type="group">
			<include>animation_dialogpopup</include>
			<control type="image">
				<left>165</left>
				<top>0</top>
				<width>45</width>
				<height>1080</height>
				<texture flipx="true">shadow.png</texture>
				<colordiffuse>C3FFFFFF</colordiffuse>
			</control>
			<control type="image">
				<left>1710</left>
				<top>0</top>
				<width>45</width>
				<height>1080</height>
				<texture>shadow.png</texture>
				<colordiffuse>C3FFFFFF</colordiffuse>
			</control>
			<control type="image">
				<left>210</left>
				<top>0</top>
				<width>1500</width>
				<height>1080</height>
				<texture>$VAR[texture_base]</texture>
				<colordiffuse>$INFO[skin.string(colortexture)]</colordiffuse>
				<include>animation_defaultglass</include>
			</control>
			<control type="image">
				<left>210</left>
				<top>0</top>
				<width>1500</width>
				<height>120</height>
				<texture>black.png</texture>
				<colordiffuse>90FFFFFF</colordiffuse>
			</control>
			<control type="label">
				<left>322</left>
				<top>8</top>
				<width>1278</width>
				<height>45</height>
				<align>center</align>
				<aligny>top</aligny>
				<label>31479</label>
				<font>font_titlesettings</font>
			</control>
			<control type="label">
				<left>322</left>
				<top>68</top>
				<width>1278</width>
				<height>45</height>
				<align>center</align>
				<aligny>top</aligny>
				<label>31140</label>
				<font>font_plot</font>
			</control>
			<control type="grouplist" id="9030">
				<left>210</left>
				<top>150</top>
				<width>1500</width>
				<height>900</height>
				<itemgap>0</itemgap>
				<onleft>back</onleft>
				<onright>back</onright>
				<!-- clicar e ativar -->
				<control type="radiobutton" id="19299">				
					<radioposx>1300</radioposx>
					<label>31496</label>
					<onclick>Skin.ToggleSetting(clickactivateview_programs)</onclick>
					<selected>Skin.HasSetting(clickactivateview_programs)</selected>
				</control>
				<include content="viewsselector_item">
					<param name="id" value="54" />
					<param name="label" value="31808" />
					<param name="view" value="viewposter" />
					<param name="type" value="programs" />
					<param name="visible" value="true" />	
				</include>
				<include content="viewsselector_item">
					<param name="id" value="55" />
					<param name="label" value="31807" />
					<param name="view" value="viewlowlist" />
					<param name="type" value="programs" />
					<param name="visible" value="true" />	
				</include>
				<include content="viewsselector_item">
					<param name="id" value="59" />
					<param name="label" value="31813" />
					<param name="view" value="viewwide" />
					<param name="type" value="programs" />
					<param name="visible" value="true" />	
				</include>
				<include content="viewsselector_item">
					<param name="id" value="62" />
					<param name="label" value="31818" />
					<param name="view" value="viewpanel" />
					<param name="type" value="programs" />
					<param name="visible" value="true" />	
				</include>
			</control>
		</control>
	</controls>
</window>
