<?xml version="1.0" encoding="UTF-8"?>
<window id="1152" type="dialog">
	<!-- KBK Multimedia Center -->
	<defaultcontrol></defaultcontrol>
	<onload condition="String.Contains(skin.string(panel_seconds),1)">SetFocus(9061)</onload>
	<onload condition="String.Contains(skin.string(panel_seconds),2)">SetFocus(9062)</onload>
	<onload condition="String.Contains(skin.string(panel_seconds),3)">SetFocus(9063)</onload>
	<onload condition="String.Contains(skin.string(panel_seconds),4)">SetFocus(9064)</onload>
	<onload condition="String.Contains(skin.string(panel_seconds),5)">SetFocus(9065)</onload>
	<coordinates>
		<system>1</system>
		<left>0</left>
		<top>0</top>
	</coordinates>
	<controls>
		<control type="image">
			<left>0</left>
			<top>0</top>
			<width>1920</width>
			<height>1080</height>
			<texture>black.png</texture>
			<colordiffuse>C3FFFFFF</colordiffuse>
			<include>animation_fade</include>
		</control>
		<control type="group">
			<left>615</left>
			<top>180</top>
			<include>animation_dialogpopup</include>
			<control type="image">
				<left>0</left>
				<top>45</top>
				<width>681</width>
				<height>58</height>
				<texture>gradient_focus.png</texture>
				<colordiffuse>$INFO[skin.string(colorheader)]</colordiffuse>
			</control>
			<control type="image">
				<left>0</left>
				<top>0</top>
				<width>681</width>
				<height>58</height>
				<texture>dialogs_context_nofocus.png</texture>
				<colordiffuse>F9FFFFFF</colordiffuse>
			</control>
			<control type="label">
				<left>120</left>
				<top>0</top>
				<width>450</width>
				<height>60</height>
				<align>center</align>
				<label>31621</label>
				<font>font_header</font>
				<textcolor>$INFO[skin.string(colorheader)]</textcolor>
			</control>
			<control type="grouplist" id="9060">
				<left>0</left>
				<top>75</top>
				<width>668</width>
				<height max="1005">auto</height>
				<itemgap>0</itemgap>
				<onleft>Dialog.Close(1152)</onleft>
				<onright>Dialog.Close(1152)</onright>
				<control type="radiobutton" id="9061">
					<!-- 1s -->
					<include>DialogContext_Button</include>
					<label>31465</label>
					<onclick>Skin.SetString(panel_seconds,1)</onclick>
					<onclick>Dialog.Close(1152)</onclick>
				</control>
				<control type="radiobutton" id="9062">
					<!-- 2s -->
					<include>DialogContext_Button</include>
					<label>31466</label>
					<onclick>Skin.SetString(panel_seconds,2)</onclick>
					<onclick>Dialog.Close(1152)</onclick>
				</control>
				<control type="radiobutton" id="9063">
					<!-- 3s -->
					<include>DialogContext_Button</include>
					<label>31467</label>
					<onclick>Skin.SetString(panel_seconds,3)</onclick>
					<onclick>Dialog.Close(1152)</onclick>
				</control>
				<control type="radiobutton" id="9064">
					<!-- 4s -->
					<include>DialogContext_Button</include>
					<label>31468</label>
					<onclick>Skin.SetString(panel_seconds,4)</onclick>
					<onclick>Dialog.Close(1152)</onclick>
				</control>
				<control type="radiobutton" id="9065">
					<!-- 5s -->
					<include>DialogContext_Button</include>
					<label>31469</label>
					<onclick>Skin.SetString(panel_seconds,5)</onclick>
					<onclick>Dialog.Close(1152)</onclick>
				</control>
			</control>
		</control>
	</controls>
</window>
