<?xml version="1.0" encoding="UTF-8"?>
<window id="1165" type="dialog">
	<!-- KBK Multimedia Center -->
	<defaultcontrol>9010</defaultcontrol>
	<onunload>Skin.Reset(submode)</onunload>
	<onunload condition="Skin.HasSetting(kioskcode)">Skin.Reset($INFO[skin.string(custom_code)])</onunload>
	<onunload>SetFocus(9000)</onunload>
	<controls>
		<include>submenu_furniture</include>
		<control type="panel" id="9010">
			<include content="submenu" condition="Window.IsVisible(home) + !Skin.HasSetting(mainmenuvertical)">
				<param name="top" value="930" />
				<param name="width" value="1920" />
				<param name="height" value="150" />
				<param name="onleft" value="" />
				<param name="onleft2" value="" />
				<param name="onright" value="" />
				<param name="onright2" value="" />
				<param name="onup" value="Close" />
				<param name="onup2" value="SetFocus(9000)" />
				<param name="onup3" value="Skin.Reset(submode)" />
				<param name="ondown" value="Close" />
				<param name="ondown2" value="ActivateWindow(1165)" />
				<param name="orientation" value="vertical" />
				<param name="focusposition" value="3" />
				<param name="itemlayoutwidth" value="320" />
				<param name="itemlayoutheight" value="50" />
				<param name="focusedlayoutwidth" value="320" />
				<param name="focusedlayoutheight" value="50" />
			</include>
			<include content="submenu" condition="Window.IsVisible(home) + Skin.HasSetting(mainmenuvertical)">
				<param name="top" value="100" />
				<param name="width" value="495" />
				<param name="height" value="665" />
				<param name="onleft" value="Close" />
				<param name="onleft2" value="ActivateWindow(1165)" />
				<param name="onright" value="Close" />
				<param name="onright2" value="SetFocus(9000)" />
				<param name="onup" value="" />
				<param name="onup2" value="" />
				<param name="onup3" value="" />
				<param name="ondown" value="" />
				<param name="ondown2" value="" />
				<param name="orientation" value="vertical" />
				<param name="focusposition" value="0" />
				<param name="itemlayoutwidth" value="495" />
				<param name="itemlayoutheight" value="50" />
				<param name="focusedlayoutwidth" value="495" />
				<param name="focusedlayoutheight" value="50" />
			</include>
			<content>
				<!-- Shutdown -->
				<item>
					<label>31144</label>
					<onclick>ShutDown()</onclick>
				</item>
				<!-- Exit -->
				<item>
					<label>31012</label>
					<onclick>Quit()</onclick>
				</item>
				<!-- PowerDown -->
				<item>
					<label>31058</label>
					<onclick>PowerDown()</onclick>
				</item>
				<!-- Reiniciar internamente -->
				<item>
					<label>31241</label>
					<onclick>System.ExecWait("/usr/sbin/rebootfromnand")</onclick>
					<visible>[System.Platform.Android | System.Platform.Linux | System.Platform.Linux.RaspberryPi] + System.CanReboot</visible>
				</item>
				<!-- Customizar Menu -->
				<item>
					<label>31207</label>
					<onclick>Dialog.Close(1165)</onclick>
					<onclick>ActivateWindow(1157)</onclick>
					<visible>![Skin.HasSetting(kiosk) | Skin.HasSetting(kiosksmart) + !String.Contains(skin.string(codestep),step3)]</visible>
				</item>
				<!-- Ajustes da skin -->
				<item>
					<label>31371</label>
					<onclick>Dialog.Close(1165)</onclick>
					<onclick>ActivateWindow(skinsettings)</onclick>
					<visible>![Skin.HasSetting(kiosk) | Skin.HasSetting(kiosksmart) + !String.Contains(skin.string(codestep),step3)]</visible>
				</item>
				<!-- Kiosk Code -->
				<item>
					<label>$VAR[kioskcode]</label>
					<onclick>Skin.SetString(custom_code,codestep)</onclick>
					<onclick condition="!String.Contains(skin.string(codestep),step3)">SetFocus(9100)</onclick>
					<onclick condition="!String.Contains(skin.string(codestep),step3)">ActivateWindow(1151)</onclick>
					<visible>Skin.HasSetting(kioskcode) + !String.Contains(skin.string(codestep),step3)</visible>
				</item>
			</content>
		</control>
	</controls>
</window>