<?xml version="1.0" encoding="UTF-8"?>
<window id="1162" type="dialog">
	<!-- KBK Multimedia Center -->
	<defaultcontrol>9911</defaultcontrol>
	<include>animation_fade</include>
	<controls>
		<control type="button" id="9911">
			<include>invisible</include>
			<onleft>Dialog.Close(1162)</onleft>
			<onright>Dialog.Close(1162)</onright>
			<onup>Dialog.Close(1162)</onup>
			<ondown>Dialog.Close(1162)</ondown>
		</control>
		<control type="image">
			<include>backgroundspecs_single</include>
			<texture background="true">$VAR[settings_background]</texture>
		</control>
		<control type="image">
			<left>0</left>
			<top>0</top>
			<width>1920</width>
			<height>1080</height>
			<texture>$VAR[texture_base]</texture>
			<colordiffuse>$INFO[skin.string(colortexture)]</colordiffuse>
			<animation effect="fade" end="95" condition="true">Conditional</animation>
		</control>
		<!-- default group -->
		<control type="group">
			<control type="label">
				<left>30</left>
				<top>38</top>
				<width>1860</width>
				<height>74</height>
				<align>center</align>
				<label>31948</label>
				<font>font_titlesettings</font>
			</control>
			<control type="image">
				<left>210</left>
				<top>120</top>
				<width>1500</width>
				<height>3</height>
				<align>left</align>
				<texture flipx="true">divider.png</texture>
			</control>
			<!-- Skin Logo -->
			<control type="image">
				<posx>1647</posx>
				<posy>32</posy>
				<width>210</width>
				<height>150</height>
				<texture>aeonmq8_logo.png</texture>
				<colordiffuse>FFFFFFFF</colordiffuse>
				<aspectratio align="center" aligny="top">keep</aspectratio>
			</control>
			<!-- Versao -->
			<control type="label">
				<left>1547</left>
				<top>135</top>
				<width>410</width>
				<height>38</height>
				<align>center</align>
				<label>$VAR[skin_version]</label>
				<font>font_button</font>
			</control>
			<control type="label">
				<left>1647</left>
				<top>165</top>
				<width>210</width>
				<height>38</height>
				<align>center</align>
				<label>by KingBreakerKokora</label>
				<font>font_plot</font>
				<textcolor>$INFO[skin.string(colorheader)]</textcolor>
			</control>
			<control type="textbox">
				<left>210</left>
				<top>210</top>
				<width>1500</width>
				<height>795</height>
				<label>31846</label>
				<font>font_plot</font>
				<align>justify</align>
			</control>
		</control>
	</controls>
</window>
