<?xml version="1.0" encoding="UTF-8"?>
<window id="1163">
	<!-- KBK Multimedia Center -->
	<defaultcontrol always="true">892</defaultcontrol>
	<controls>
		<control type="button" id="892">
			<include>invisible</include>
			<onclick></onclick>
			<onfocus>Skin.ResetSettings</onfocus>
			<onfocus>AlarmClock(nextstep,SetFocus(900),0:02,true)</onfocus>
		</control>
		<control type="group">
			<include>animation_window</include>
			<control type="button" id="900">
				<include>invisible</include>
				<onclick></onclick>
				<onfocus>Skin.SetString(autosetting,10)</onfocus>
				<!-- Menu principal -->
				<onfocus>Skin.SetString(colorfont,FFF8F8F8)</onfocus>
				<onfocus>Skin.SetString(stylefont,font1)</onfocus>
				<onfocus>Skin.SetString(stylemainmenubar,1)</onfocus>
				<onfocus>Skin.SetString(colormainmenubar,33F8F8F8)</onfocus>
				<onfocus>Skin.SetString(colortexture,E0101010)</onfocus>
				<onfocus>Skin.SetString(colorheader,FF13BFBF)</onfocus>
				<onfocus>Skin.SetString(colortext,FFF8F8F8)</onfocus>
				<onfocus>Skin.SetString(colortextfocused,E0101010)</onfocus>
				<onfocus>Skin.SetString(colortextlist,FFF8F8F8)</onfocus>
				<onfocus>Skin.SetString(widgetsnumber_h,12)</onfocus>
				<onfocus>Skin.SetString(widgetsnumber_v,7)</onfocus>
				<onfocus>Skin.SetString(widgets_mode,on)</onfocus>
				<onfocus>Skin.SetString(widgets_seconds,3)</onfocus>
				<onfocus>Skin.SetString(widgets_provider,kodi)</onfocus>
				<onfocus>Skin.SetString(backgroundhome_seconds,5000)</onfocus>
				<!-- Composicao -->
				<onfocus>Skin.SetString(global.colorcomposition,FFFFFFFF)</onfocus>
				<onfocus>Skin.SetString(menu1.colorcomposition,FFFFFFFF)</onfocus>
				<onfocus>Skin.SetString(menu2.colorcomposition,FFFFFFFF)</onfocus>
				<onfocus>Skin.SetString(menu3.colorcomposition,FFFFFFFF)</onfocus>
				<onfocus>Skin.SetString(menu4.colorcomposition,FFFFFFFF)</onfocus>
				<onfocus>Skin.SetString(menu5.colorcomposition,FFFFFFFF)</onfocus>
				<onfocus>Skin.SetString(menu6.colorcomposition,FFFFFFFF)</onfocus>
				<onfocus>Skin.SetString(menu7.colorcomposition,FFFFFFFF)</onfocus>
				<onfocus>Skin.SetString(menu8.colorcomposition,FFFFFFFF)</onfocus>
				<onfocus>Skin.SetString(menu9.colorcomposition,FFFFFFFF)</onfocus>
				<onfocus>Skin.SetString(menu10.colorcomposition,FFFFFFFF)</onfocus>
				<onfocus>Skin.SetString(menu11.colorcomposition,FFFFFFFF)</onfocus>
				<onfocus>Skin.SetString(menu12.colorcomposition,FFFFFFFF)</onfocus>
				<onfocus>Skin.SetString(menu13.colorcomposition,FFFFFFFF)</onfocus>
				<onfocus>Skin.SetString(menu14.colorcomposition,FFFFFFFF)</onfocus>
				<onfocus>Skin.SetString(menu15.colorcomposition,FFFFFFFF)</onfocus>
				<onfocus>Skin.SetString(menu16.colorcomposition,FFFFFFFF)</onfocus>
				<onfocus>Skin.SetString(menu17.colorcomposition,FFFFFFFF)</onfocus>
				<onfocus>Skin.SetString(menu18.colorcomposition,FFFFFFFF)</onfocus>
				<onfocus>Skin.SetString(menu19.colorcomposition,FFFFFFFF)</onfocus>
				<onfocus>Skin.SetString(menu20.colorcomposition,FFFFFFFF)</onfocus>
				<!-- Estrelas -->
				<onfocus>Skin.SetString(colorratingstars09,FFE7FAFF)</onfocus>
				<onfocus>Skin.SetString(colorratingstars19,FF33D6FF)</onfocus>
				<onfocus>Skin.SetString(colorratingstars29,FF3870FF)</onfocus>
				<onfocus>Skin.SetString(colorratingstars39,FFA366FF)</onfocus>
				<onfocus>Skin.SetString(colorratingstars49,FFA219FF)</onfocus>
				<onfocus>Skin.SetString(colorratingstars59,FFFFE135)</onfocus>
				<onfocus>Skin.SetString(colorratingstars69,FFFF751A)</onfocus>
				<onfocus>Skin.SetString(colorratingstars79,FFE72E00)</onfocus>
				<onfocus>Skin.SetString(colorratingstars89,FF8DB600)</onfocus>
				<onfocus>Skin.SetString(colorratingstars100,FF008000)</onfocus>
				<onfocus>Skin.SetString(styleratingstars,3D)</onfocus>
				<!-- Etiquetas de midia -->
				<onfocus>Skin.SetString(colorflags,FFF8F8F8)</onfocus>
				<onfocus>Skin.SetString(colorfloor,E0101010)</onfocus>
				<!-- Etiquetas assistido -->
				<onfocus>Skin.SetString(colorwatched,FFD2691E)</onfocus>
				<onfocus>Skin.SetString(stylewatched,0)</onfocus>
				<!-- Estojos -->
				<onfocus>Skin.SetString(colorcasedefault,CC007399)</onfocus>
				<onfocus>Skin.SetString(colorcasebluray,CC00AFFF)</onfocus>
				<onfocus>Skin.SetString(colorcase3dbd,CCFFA500)</onfocus>
				<onfocus>Skin.SetString(colorcasewebtv,CCFF0000)</onfocus>
				<onfocus>Skin.SetString(colorcasehdtv,CC8A2BE2)</onfocus>
				<onfocus>Skin.SetString(colorcasedvd,CCADD8E6)</onfocus>
				<onfocus>Skin.SetString(colorcaseset,CCB20000)</onfocus>
				<onfocus>Skin.SetString(colorcase4k,CCA43000)</onfocus>
				<onfocus>Skin.SetString(codeccasedefault,none)</onfocus>
				<onfocus>Skin.SetString(codeccasebluray,bluray)</onfocus>
				<onfocus>Skin.SetString(codeccase3dbd,3dbd)</onfocus>
				<onfocus>Skin.SetString(codeccasewebtv,webtv)</onfocus>
				<onfocus>Skin.SetString(codeccasehdtv,hdtv)</onfocus>
				<onfocus>Skin.SetString(codeccasedvd,dvd)</onfocus>
				<onfocus>Skin.SetString(codeccaseset,set)</onfocus>
				<onfocus>Skin.SetString(codeccase4k,4k)</onfocus>
				<onfocus>Skin.SetString(colorcodeccase,FFF8F8F8)</onfocus>
				<onfocus>Skin.SetString(videocasestyle,default)</onfocus>
				<!-- Meu tipo de vista 1 -->
				<onfocus>Skin.SetString(myviewtype1grid1module1,plot)</onfocus>
				<onfocus>Skin.SetString(myviewtype1,grid1)</onfocus>
				<onfocus>Skin.SetString(colormyviewtype1separator,FFF8F8F8)</onfocus>
				<onfocus>Skin.SetString(myviewtype1videopanel,auto)</onfocus>
				<!-- Multiplex -->
				<onfocus>Skin.SetString(multiplexlayout,fanart)</onfocus>
				<onfocus>Skin.SetString(multiplexgameslayout,fanart)</onfocus>
				<onfocus>Skin.SetString(multiplexvideopanel,auto)</onfocus>
				<onfocus>Skin.SetString(multiplexgamespanel,auto)</onfocus>
				<!-- Showcase -->
				<onfocus>Skin.SetString(showcaselayout,fanart)</onfocus>
				<onfocus>Skin.SetString(showcasevideopanel,auto)</onfocus>
				<!-- Showart -->
				<onfocus>Skin.SetString(showartvideopanel,auto)</onfocus>
				<onfocus>Skin.SetString(showartvideogrid,default)</onfocus>
				<!-- Parede -->
				<onfocus>Skin.SetString(wallvideogrid,default)</onfocus>
				<onfocus>Skin.SetString(wallvideopanel,auto)</onfocus>
				<onfocus>Skin.SetString(wallmusicgrid,default)</onfocus>
				<onfocus>Skin.SetString(wallmusicpanel,auto)</onfocus>
				<onfocus>Skin.SetString(wallprogramsgrid,default)</onfocus>
				<onfocus>Skin.SetString(wallprogramspanel,auto)</onfocus>
				<onfocus>Skin.SetString(wallpicsgrid,default)</onfocus>
				<onfocus>Skin.SetString(wallpicspanel,auto)</onfocus>
				<onfocus>Skin.SetString(wallgamesgrid,default)</onfocus>
				<onfocus>Skin.SetString(wallgamespanel,auto)</onfocus>
				<onfocus>Skin.SetString(wallglass,05)</onfocus>
				<!-- Posterlite -->
				<onfocus>Skin.SetString(PLInfoPanelMovies,infopanelmanual)</onfocus>
				<onfocus>Skin.SetString(PLInfoPanelTVShows,infopanelmanual)</onfocus>
				<onfocus>Skin.SetString(PLInfoPanelSeasons,infopanelmanual)</onfocus>
				<onfocus>Skin.SetString(PLInfoPanelEpisodes,infopanelmanual)</onfocus>
				<onfocus>Skin.SetString(PLInfoPanelSets,infopanelmanual)</onfocus>
				<onfocus>Skin.SetString(PosterLiteMovies,poster)</onfocus>
				<onfocus>Skin.SetString(PosterLiteConcerts,poster)</onfocus>
				<onfocus>Skin.SetString(PosterLiteTVShows,poster)</onfocus>
				<onfocus>Skin.SetString(PosterLiteSeasons,poster)</onfocus>
				<onfocus>Skin.SetString(PosterLiteEpisodes,landscape)</onfocus>
				<onfocus>Skin.SetString(PosterLiteSets,poster)</onfocus>
				<onfocus>Skin.SetString(PosterLitePlusMovies,noicon)</onfocus>
				<onfocus>Skin.SetString(PosterLitePlusConcerts,noicon)</onfocus>
				<onfocus>Skin.SetString(PosterLitePlusTVShows,banner)</onfocus>
				<onfocus>Skin.SetString(PosterLitePlusSeasons,banner)</onfocus>
				<onfocus>Skin.SetString(PosterLitePlusEpisodes,banner)</onfocus>
				<onfocus>Skin.SetString(PosterLitePlusSets,noicon)</onfocus>
				<!-- LandscapeX -->
				<onfocus>Skin.SetString(landscapexlayout,fanart)</onfocus>
				<!-- Lista transparente -->
				<onfocus>Skin.SetString(glasslistvideopanel,auto)</onfocus>
				<!-- Banner -->
				<onfocus>Skin.SetString(bannervideopanel,auto)</onfocus>
				<onfocus>Skin.SetString(bannerglass,05)</onfocus>
				<!-- Panel -->
				<onfocus>Skin.SetString(panelvideogrid,default)</onfocus>
				<onfocus>Skin.SetString(animationwindow,zoom)</onfocus>
				<onfocus>Skin.SetString(glasspanel,75)</onfocus>
				<onfocus>Skin.SetString(widemovies.art,poster)</onfocus>
				<onfocus>Skin.SetString(widetvshows.art,poster)</onfocus>
				<onfocus>Skin.SetString(wideconcerts.art,poster)</onfocus>
				<onfocus>Skin.SetString(viewpanel.art,poster)</onfocus>
				<onfocus>Skin.SetString(panel_seconds,3)</onfocus>
				<onfocus>Skin.SetString(games_video,auto)</onfocus>
				<onfocus>Skin.SetString(videofanart,extra)</onfocus>
				<onfocus>Skin.SetString(musicfanart,extra)</onfocus>
				<onfocus>Skin.SetString(programsfanart,extra)</onfocus>
				<onfocus>Skin.SetString(gamesfanart,extra)</onfocus>
				<onfocus>Skin.SetString(videogenrefanart,genre)</onfocus>
				<onfocus>Skin.SetString(musicgenrefanart,genre)</onfocus>
				<onfocus>Skin.SetString(weathermode,7days)</onfocus>
				<onfocus>Skin.SetString(weatherfanart_seasonal,northamerica)</onfocus>
				<onfocus>Skin.SetString(lyricscript_path,script.cu.lrclyrics)</onfocus>				
				<onfocus>Skin.SetString(vis_bg,slideshowmosaicmix)</onfocus>
				<onfocus>Skin.SetString(vis_layout,style3)</onfocus>
				<onfocus>Skin.SetString(videofurniture,full)</onfocus>
				<onfocus>Skin.SetString(audiofurniture,full)</onfocus>
				<onfocus>Skin.SetString(discaudio,1)</onfocus>
				<onfocus>Skin.SetString(discvideo,1)</onfocus>
				<onfocus>Skin.SetString(cdart_seconds,4000)</onfocus>
				<onfocus>Skin.SetString(videodiscart,always)</onfocus>
				<onfocus>Skin.SetString(musicdiscart,always)</onfocus>
				<onfocus>Skin.SetString(visdiscart,always)</onfocus>
				<onfocus>Skin.SetBool(prefervideoclearart)</onfocus>
				<onfocus>Skin.SetBool(prefermusicclearart)</onfocus>
				<onfocus>Skin.SetString(mediaflags,on)</onfocus>
				<onfocus>Skin.SetBool(visanimation_panscan)</onfocus>
				<onfocus>Skin.SetBool(animatedposters_window)</onfocus>
				<onfocus>Skin.SetBool(extrafanart_home)</onfocus>				
				<onfocus>AlarmClock(nextstep,SetFocus(901),0:04,true)</onfocus>
			</control>
			<control type="button" id="901">
				<include>invisible</include>
				<onclick></onclick>
				<onfocus>Skin.SetString(autosetting,20)</onfocus>
				<onfocus>Skin.SetString(menu1.master,movies)</onfocus>
				<onfocus>Skin.SetString(menu1.path,ActivateWindow(videos,movietitles,return))</onfocus>
				<onfocus>Skin.SetString(menu1.submenu,1)</onfocus>
				<onfocus>Skin.SetString(menu2.master,tvshows)</onfocus>
				<onfocus>Skin.SetString(menu2.path,ActivateWindow(videos,tvshowtitles,return))</onfocus>
				<onfocus>Skin.SetString(menu2.submenu,2)</onfocus>
				<onfocus>Skin.SetString(menu3.master,concerts)</onfocus>
				<onfocus>Skin.SetString(menu3.path,ActivateWindow(videos,musicvideotitles,return))</onfocus>
				<onfocus>Skin.SetString(menu3.submenu,3)</onfocus>
				<onfocus>Skin.SetString(menu4.master,music)</onfocus>
				<onfocus>Skin.SetString(menu4.path,ActivateWindow(music))</onfocus>
				<onfocus>Skin.SetString(menu4.submenu,4)</onfocus>
				<onfocus>Skin.SetString(menu5.master,livetv)</onfocus>
				<onfocus>Skin.SetString(menu5.path,ActivateWindow(tvchannels))</onfocus>
				<onfocus>Skin.SetString(menu5.submenu,5)</onfocus>
				<onfocus>Skin.SetString(menu6.master,radio)</onfocus>
				<onfocus>Skin.SetString(menu6.path,ActivateWindow(radiochannels))</onfocus>
				<onfocus>Skin.SetString(menu6.submenu,6)</onfocus>
				<onfocus>Skin.SetString(menu7.master,favourites)</onfocus>
				<onfocus>Skin.SetString(menu7.path,ActivateWindow(favourites))</onfocus>
				<onfocus>Skin.SetString(menu7.submenu,7)</onfocus>
				<onfocus>Skin.SetString(menu8.master,games)</onfocus>
				<onfocus>Skin.SetString(menu8.path,ActivateWindow(games))</onfocus>
				<onfocus>Skin.SetString(menu8.submenu,8)</onfocus>
				<onfocus>Skin.SetString(menu10.master,pictures)</onfocus>
				<onfocus>Skin.SetString(menu10.path,ActivateWindow(pictures))</onfocus>
				<onfocus>Skin.SetString(menu10.submenu,10)</onfocus>
				<onfocus>Skin.SetString(menu11.master,weather)</onfocus>
				<onfocus>Skin.SetString(menu11.widgets,weather)</onfocus>
				<onfocus>Skin.SetString(menu11.path,ActivateWindow(weather))</onfocus>
				<onfocus>Skin.SetString(menu11.submenu,11)</onfocus>
				<onfocus>Skin.SetString(menu12.master,settings)</onfocus>
				<onfocus>Skin.SetString(menu12.widgets,settings)</onfocus>
				<onfocus>Skin.SetString(menu12.path,ActivateWindow(settings))</onfocus>
				<onfocus>Skin.SetString(menu12.submenu,12)</onfocus>
				<onfocus>Skin.SetString(menu13.master,shutdown)</onfocus>
				<onfocus>Skin.SetString(menu13.path,ShutDown)</onfocus>
				<onfocus>Skin.SetString(menu13.submenu,13)</onfocus>
				<onfocus>Skin.SetString(menu14.master,extras)</onfocus>
				<onfocus>Skin.SetString(menu14.path,SetFocus(5100))</onfocus>
				<onfocus>Skin.SetString(menu14.submenu,14)</onfocus>
				<onfocus>Skin.SetString(menu9.master,programs)</onfocus>
				<onfocus condition="!System.Platform.Android">Skin.SetString(menu9.path,ActivateWindow(programs,addons))</onfocus>
				<onfocus condition="System.Platform.Android">Skin.SetString(menu9.path,ActivateWindow(programs))</onfocus>
				<onfocus>Skin.SetString(menu9.submenu,9)</onfocus>
				<onfocus>AlarmClock(nextstep,SetFocus(902),0:02,true)</onfocus>
			</control>
			<control type="button" id="902">
				<include>invisible</include>
				<onclick></onclick>
				<onfocus>Skin.SetString(autosetting,30)</onfocus>
				<!-- Filme recentes -->
				<onfocus>Skin.SetString(submenu1.1.master,movies)</onfocus>
				<onfocus>Skin.SetString(submenu1.1.path,ActivateWindow(videos,recentlyaddedmovies,return))</onfocus>
				<!-- Filme sets -->
				<onfocus>Skin.SetString(submenu1.2.master,movies)</onfocus>
				<onfocus>Skin.SetString(submenu1.2.path,ActivateWindow(videos,moviesets,return))</onfocus>
				<!-- Filme generos -->
				<onfocus>Skin.SetString(submenu1.3.master,movies)</onfocus>
				<onfocus>Skin.SetString(submenu1.3.path,ActivateWindow(videos,moviegenres,return))</onfocus>
				<!-- Filme anos -->
				<onfocus>Skin.SetString(submenu1.4.master,movies)</onfocus>
				<onfocus>Skin.SetString(submenu1.4.path,ActivateWindow(videos,movieyears,return))</onfocus>
				<!-- Filme atores -->
				<onfocus>Skin.SetString(submenu1.5.master,movies)</onfocus>
				<onfocus>Skin.SetString(submenu1.5.path,ActivateWindow(videos,movieactors,return))</onfocus>
				<!-- Filme diretores -->
				<onfocus>Skin.SetString(submenu1.6.master,movies)</onfocus>
				<onfocus>Skin.SetString(submenu1.6.path,ActivateWindow(videos,moviedirectors,return))</onfocus>
				<!-- Filme estudios -->
				<onfocus>Skin.SetString(submenu1.7.master,movies)</onfocus>
				<onfocus>Skin.SetString(submenu1.7.path,ActivateWindow(videos,moviestudios,return))</onfocus>
				<!-- Filme paises -->
				<onfocus>Skin.SetString(submenu1.8.master,movies)</onfocus>
				<onfocus>Skin.SetString(submenu1.8.path,ActivateWindow(videos,moviecountries,return))</onfocus>
				<!-- Filme tags -->
				<onfocus>Skin.SetString(submenu1.9.master,movies)</onfocus>
				<onfocus>Skin.SetString(submenu1.9.path,ActivateWindow(videos,movietags,return))</onfocus>
				<!-- Video limpar colecao -->
				<onfocus>Skin.SetString(submenu1.10.master,movies)</onfocus>
				<onfocus>Skin.SetString(submenu1.10.path,CleanLibrary(video))</onfocus>
				<!-- Video atualizar colecao -->
				<onfocus>Skin.SetString(submenu1.11.master,movies)</onfocus>
				<onfocus>Skin.SetString(submenu1.11.path,UpdateLibrary(video))</onfocus>
				<!-- Video arquivos -->
				<onfocus>Skin.SetString(submenu1.12.master,movies)</onfocus>
				<onfocus>Skin.SetString(submenu1.12.path,ActivateWindow(videos,files,return))</onfocus>
				<!-- Global search -->
				<onfocus>Skin.SetString(submenu1.13.master,globalsearch)</onfocus>
				<onfocus>Skin.SetString(submenu1.13.path,RunScript(script.globalsearch))</onfocus>
				<!-- Criar smart playlist -->
				<onfocus>Skin.SetString(submenu1.14.master,vsmartplaylist)</onfocus>
				<onfocus>Skin.SetString(submenu1.14.path,ActivateWindow(videos,playlists,return))</onfocus>
				<onfocus>AlarmClock(nextstep,SetFocus(903),0:02,true)</onfocus>
			</control>
			<control type="button" id="903">
				<include>invisible</include>
				<onclick></onclick>
				<onfocus>Skin.SetString(autosetting,40)</onfocus>
				<!-- Episodios recentes -->
				<onfocus>Skin.SetString(submenu2.1.master,tvshowrecently)</onfocus>
				<onfocus>Skin.SetString(submenu2.1.path,ActivateWindow(videos,recentlyaddedepisodes,return))</onfocus>
				<!-- Guia de TV -->
				<onfocus>Skin.SetString(submenu2.2.master,tvguide)</onfocus>
				<onfocus>Skin.SetString(submenu2.2.path,RunScript(script.tv.show.next.aired))</onfocus>
				<!-- Seriado generos -->
				<onfocus>Skin.SetString(submenu2.3.master,tvshowgenres)</onfocus>
				<onfocus>Skin.SetString(submenu2.3.path,ActivateWindow(videos,tvshowgenres,return))</onfocus>
				<!-- Seriado anos -->
				<onfocus>Skin.SetString(submenu2.4.master,tvshowyears)</onfocus>
				<onfocus>Skin.SetString(submenu2.4.path,ActivateWindow(videos,tvshowyears,return))</onfocus>
				<!-- Seriado atores -->
				<onfocus>Skin.SetString(submenu2.5.master,tvshowactors)</onfocus>
				<onfocus>Skin.SetString(submenu2.5.path,ActivateWindow(videos,tvshowactors,return))</onfocus>
				<!-- Seriado estudios -->
				<onfocus>Skin.SetString(submenu2.6.master,tvshowstudios)</onfocus>
				<onfocus>Skin.SetString(submenu2.6.path,ActivateWindow(videos,tvshowstudios,return))</onfocus>
				<!-- Video limpar colecao -->
				<onfocus>Skin.SetString(submenu2.7.master,videocleanlibrary)</onfocus>
				<onfocus>Skin.SetString(submenu2.7.path,CleanLibrary(video))</onfocus>
				<!-- Video atualizar colecao -->
				<onfocus>Skin.SetString(submenu2.8.master,videoupdatelibrary)</onfocus>
				<onfocus>Skin.SetString(submenu2.8.path,UpdateLibrary(video))</onfocus>
				<!-- Video arquivos -->
				<onfocus>Skin.SetString(submenu2.9.master,videos)</onfocus>
				<onfocus>Skin.SetString(submenu2.9.path,ActivateWindow(videos,files,return))</onfocus>
				<!-- Global search -->
				<onfocus>Skin.SetString(submenu2.10.master,globalsearch)</onfocus>
				<onfocus>Skin.SetString(submenu2.10.path,RunScript(script.globalsearch))</onfocus>
				<onfocus>AlarmClock(nextstep,SetFocus(904),0:02,true)</onfocus>
			</control>
			<control type="button" id="904">
				<include>invisible</include>
				<onclick></onclick>
				<onfocus>Skin.SetString(autosetting,50)</onfocus>
				<!-- Concerto recentes -->
				<onfocus>Skin.SetString(submenu3.1.master,concertrecently)</onfocus>
				<onfocus>Skin.SetString(submenu3.1.path,ActivateWindow(videos,recentlyaddedmusicvideos,return))</onfocus>
				<!-- Concerto generos -->
				<onfocus>Skin.SetString(submenu3.2.master,concertgenres)</onfocus>
				<onfocus>Skin.SetString(submenu3.2.path,ActivateWindow(videos,musicvideogenres,return))</onfocus>
				<!-- Concerto anos -->
				<onfocus>Skin.SetString(submenu3.3.master,concertyears)</onfocus>
				<onfocus>Skin.SetString(submenu3.3.path,ActivateWindow(videos,musicvideoyears,return))</onfocus>
				<!-- Concerto artistas -->
				<onfocus>Skin.SetString(submenu3.4.master,concertartists)</onfocus>
				<onfocus>Skin.SetString(submenu3.4.path,ActivateWindow(videos,musicvideoartists,return))</onfocus>
				<!-- Concerto albuns -->
				<onfocus>Skin.SetString(submenu3.5.master,concertalbums)</onfocus>
				<onfocus>Skin.SetString(submenu3.5.path,ActivateWindow(videos,musicvideoalbums,return))</onfocus>
				<!-- Concerto diretores -->
				<onfocus>Skin.SetString(submenu3.6.master,concertdirectors)</onfocus>
				<onfocus>Skin.SetString(submenu3.6.path,ActivateWindow(videos,musicvideodirectors,return))</onfocus>
				<!-- Concerto estudios -->
				<onfocus>Skin.SetString(submenu3.7.master,concertstudios)</onfocus>
				<onfocus>Skin.SetString(submenu3.7.path,ActivateWindow(videos,musicvideostudios,return))</onfocus>
				<!-- Video limpar colecao -->
				<onfocus>Skin.SetString(submenu3.8.master,videocleanlibrary)</onfocus>
				<onfocus>Skin.SetString(submenu3.8.path,CleanLibrary(video))</onfocus>
				<!-- Video atualizar colecao -->
				<onfocus>Skin.SetString(submenu3.9.master,videoupdatelibrary)</onfocus>
				<onfocus>Skin.SetString(submenu3.9.path,UpdateLibrary(video))</onfocus>
				<!-- Video arquivos -->
				<onfocus>Skin.SetString(submenu3.10.master,videos)</onfocus>
				<onfocus>Skin.SetString(submenu3.10.path,ActivateWindow(videos,files,return))</onfocus>
				<!-- Global search -->
				<onfocus>Skin.SetString(submenu3.11.master,globalsearch)</onfocus>
				<onfocus>Skin.SetString(submenu3.11.path,RunScript(script.globalsearch))</onfocus>
				<onfocus>AlarmClock(nextstep,SetFocus(905),0:02,true)</onfocus>
			</control>
			<control type="button" id="905">
				<include>invisible</include>
				<onclick></onclick>
				<onfocus>Skin.SetString(autosetting,60)</onfocus>
				<!-- Musica recem tocada -->
				<onfocus>Skin.SetString(submenu4.1.master,musicrecentlyplayed)</onfocus>
				<onfocus>Skin.SetString(submenu4.1.path,ActivateWindow(music,recentlyplayedalbums,return))</onfocus>
				<!-- Musica recentes -->
				<onfocus>Skin.SetString(submenu4.2.master,musicrecently)</onfocus>
				<onfocus>Skin.SetString(submenu4.2.path,ActivateWindow(music,recentlyaddedalbums,return))</onfocus>
				<!-- Musica video clipes -->
				<onfocus>Skin.SetString(submenu4.3.master,musicvideoclips)</onfocus>
				<onfocus>Skin.SetString(submenu4.3.path,ActivateWindow(videos,plugin://plugin.video.youtube/?path=/root/search&amp;feed=search&amp;search=$INFO[MusicPlayer.Artist],return))</onfocus>
				<!-- Musica generos -->
				<onfocus>Skin.SetString(submenu4.4.master,musicgenres)</onfocus>
				<onfocus>Skin.SetString(submenu4.4.path,ActivateWindow(music,genres,return))</onfocus>
				<!-- Musica playlists -->
				<onfocus>Skin.SetString(submenu4.5.master,musicplaylists)</onfocus>
				<onfocus>Skin.SetString(submenu4.5.path,ActivateWindow(music,playlists,return))</onfocus>
				<!-- Musica artistas -->
				<onfocus>Skin.SetString(submenu4.6.master,musicartists)</onfocus>
				<onfocus>Skin.SetString(submenu4.6.path,ActivateWindow(music,artists,return))</onfocus>
				<!-- Musica albuns -->
				<onfocus>Skin.SetString(submenu4.7.master,musicalbums)</onfocus>
				<onfocus>Skin.SetString(submenu4.7.path,ActivateWindow(music,albums,return))</onfocus>
				<!-- Musica faixas -->
				<onfocus>Skin.SetString(submenu4.8.master,musicsongs)</onfocus>
				<onfocus>Skin.SetString(submenu4.8.path,ActivateWindow(music,songs,return))</onfocus>
				<!-- Musica arquivos -->
				<onfocus>Skin.SetString(submenu4.9.master,music)</onfocus>
				<onfocus>Skin.SetString(submenu4.9.path,ActivateWindow(music,files,return))</onfocus>
				<!-- Musica modo festa -->
				<onfocus>Skin.SetString(submenu4.10.master,musicpartymode)</onfocus>
				<onfocus>Skin.SetString(submenu4.10.path,PlayerControl(Partymode(music)))</onfocus>
				<!-- Musica compilacoes -->
				<onfocus>Skin.SetString(submenu4.11.master,musiccompilations)</onfocus>
				<onfocus>Skin.SetString(submenu4.11.path,ActivateWindow(music,compilations,return))</onfocus>
				<!-- Musica top100 -->
				<onfocus>Skin.SetString(submenu4.12.master,musictop100)</onfocus>
				<onfocus>Skin.SetString(submenu4.12.path,ActivateWindow(music,top100,return))</onfocus>
				<!-- Musica limpar colecao -->
				<onfocus>Skin.SetString(submenu4.13.master,musiccleanlibrary)</onfocus>
				<onfocus>Skin.SetString(submenu4.13.path,CleanLibrary(music))</onfocus>
				<!-- Musica atualizar colecao -->
				<onfocus>Skin.SetString(submenu4.14.master,musicupdatelibrary)</onfocus>
				<onfocus>Skin.SetString(submenu4.14.path,UpdateLibrary(music))</onfocus>
				<!-- Global search -->
				<onfocus>Skin.SetString(submenu4.15.master,globalsearch)</onfocus>
				<onfocus>Skin.SetString(submenu4.15.path,RunScript(script.globalsearch))</onfocus>
				<!-- Musica modo fontes -->
				<onfocus>Skin.SetString(submenu4.16.master,musicsources)</onfocus>
				<onfocus>Skin.SetString(submenu4.16.path,ActivateWindow(music,musicdb://sources/,return))</onfocus>
				<onfocus>AlarmClock(nextstep,SetFocus(906),0:02,true)</onfocus>
			</control>
			<control type="button" id="906">
				<include>invisible</include>
				<onclick></onclick>
				<onfocus>Skin.SetString(autosetting,70)</onfocus>
				<!-- Canais de TV -->
				<onfocus>Skin.SetString(submenu5.1.master,livetvchannels)</onfocus>
				<onfocus>Skin.SetString(submenu5.1.path,ActivateWindow(TVChannels))</onfocus>
				<!-- EPG -->
				<onfocus>Skin.SetString(submenu5.2.master,livetvepg)</onfocus>
				<onfocus>Skin.SetString(submenu5.2.path,ActivateWindow(TVGuide))</onfocus>
				<!-- Procura -->
				<onfocus>Skin.SetString(submenu5.3.master,livetvsearch)</onfocus>
				<onfocus>Skin.SetString(submenu5.3.path,ActivateWindow(TVSearch))</onfocus>
				<!-- Gravacoes -->
				<onfocus>Skin.SetString(submenu5.4.master,livetvrecords)</onfocus>
				<onfocus>Skin.SetString(submenu5.4.path,ActivateWindow(TVRecordings))</onfocus>
				<!-- Agendamento -->
				<onfocus>Skin.SetString(submenu5.5.master,livetvtimers)</onfocus>
				<onfocus>Skin.SetString(submenu5.5.path,ActivateWindow(TVTimers))</onfocus>
				<!-- Ajustes -->
				<onfocus>Skin.SetString(submenu5.6.master,livetvsettings)</onfocus>
				<onfocus>Skin.SetString(submenu5.6.path,ActivateWindow(pvrsettings))</onfocus>
				<onfocus>AlarmClock(nextstep,SetFocus(907),0:02,true)</onfocus>
				<!-- Jogos add-ons -->
				<onfocus>Skin.SetString(submenu8.1.master,games)</onfocus>
				<onfocus>Skin.SetString(submenu8.1.path,ActivateWindow(addonbrowser,addons://all/category.gameaddons,return))</onfocus>
			</control>
			<control type="button" id="907">
				<include>invisible</include>
				<onclick></onclick>
				<onfocus>Skin.SetString(autosetting,80)</onfocus>
				<!-- Clima 36 horas -->
				<onfocus>Skin.SetString(submenu11.1.master,weather36hour)</onfocus>
				<onfocus>Skin.SetString(submenu11.1.path,Skin.SetString(weathermode,36hour))</onfocus>
				<!-- Clima final de semana -->
				<onfocus>Skin.SetString(submenu11.2.master,weatherweekend)</onfocus>
				<onfocus>Skin.SetString(submenu11.2.path,Skin.SetString(weathermode,weekend))</onfocus>
				<!-- Clima 7 dias -->
				<onfocus>Skin.SetString(submenu11.3.master,weather7days)</onfocus>
				<onfocus>Skin.SetString(submenu11.3.path,Skin.SetString(weathermode,7days))</onfocus>
				<!-- Clima alertas -->
				<onfocus>Skin.SetString(submenu11.4.master,weatheralerts)</onfocus>
				<onfocus>Skin.SetString(submenu11.4.path,Skin.SetString(weathermode,alerts))</onfocus>
				<!-- Clima ajustes -->
				<onfocus>Skin.SetString(submenu11.5.master,weathersettings)</onfocus>
				<onfocus>Skin.SetString(submenu11.5.path,ActivateWindow(ServiceSettings,weather))</onfocus>
				<!-- Clima estacoes -->
				<onfocus>Skin.SetString(submenu11.6.master,weathersettings)</onfocus>
				<onfocus>Skin.SetString(submenu11.6.path,ActivateWindow(1164))</onfocus>
				<onfocus>AlarmClock(nextstep,SetFocus(908),0:02,true)</onfocus>
			</control>
			<control type="button" id="908">
				<include>invisible</include>
				<onclick></onclick>
				<onfocus>Skin.SetString(autosetting,90)</onfocus>
				<!-- Customizar submenu -->
				<onfocus>Skin.SetString(submenu12.1.master,settingscustom)</onfocus>
				<onfocus>Skin.SetString(submenu12.1.path,ActivateWindow(1157))</onfocus>
				<!-- Pre-definicoes -->
				<onfocus>Skin.SetString(submenu12.2.master,settingspresets)</onfocus>
				<onfocus>Skin.SetString(submenu12.2.path,ActivateWindow(1161))</onfocus>
				<!-- Ajustes da skin -->
				<onfocus>Skin.SetString(submenu12.3.master,settingsskin)</onfocus>
				<onfocus>Skin.SetString(submenu12.3.path,ActivateWindow(skinsettings))</onfocus>
				<!-- Janela Add-ons -->
				<onfocus>Skin.SetString(submenu12.4.master,settingsaddons)</onfocus>
				<onfocus>Skin.SetString(submenu12.4.path,ActivateWindow(addonbrowser))</onfocus>
				<!-- Add-ons de programas -->
				<onfocus>Skin.SetString(submenu12.5.master,settingsaddonsprograms)</onfocus>
				<onfocus>Skin.SetString(submenu12.5.path,ActivateWindow(programs,addons,return))</onfocus>
				<!-- Add-ons de video -->
				<onfocus>Skin.SetString(submenu12.6.master,settingsaddonsvideo)</onfocus>
				<onfocus>Skin.SetString(submenu12.6.path,ActivateWindow(videos,addons,return))</onfocus>
				<!-- Add-ons de musica -->
				<onfocus>Skin.SetString(submenu12.7.master,settingsaddonsmusic)</onfocus>
				<onfocus>Skin.SetString(submenu12.7.path,ActivateWindow(music,addons,return))</onfocus>
				<!-- Add-ons de jogos -->
				<onfocus>Skin.SetString(submenu12.8.master,settingsaddonsgames)</onfocus>
				<onfocus>Skin.SetString(submenu12.8.path,ActivateWindow(games,addons,return))</onfocus>
				<!-- Add-ons de imagem -->
				<onfocus>Skin.SetString(submenu12.9.master,settingsaddonspictures)</onfocus>
				<onfocus>Skin.SetString(submenu12.9.path,ActivateWindow(pictures,addons,return))</onfocus>
				<!-- Gerenciador de arquivos -->
				<onfocus>Skin.SetString(submenu12.10.master,settingsfilemanager)</onfocus>
				<onfocus>Skin.SetString(submenu12.10.path,ActivateWindow(filemanager))</onfocus>
				<!-- Info do sistema -->
				<onfocus>Skin.SetString(submenu12.11.master,settingssystem)</onfocus>
				<onfocus>Skin.SetString(submenu12.11.path,ActivateWindow(systeminfo))</onfocus>
				<onfocus>AlarmClock(nextstep,SetFocus(909),0:02,true)</onfocus>
			</control>
			<control type="button" id="909">
				<include>invisible</include>
				<onclick></onclick>
				<onfocus>Skin.SetString(autosetting,100)</onfocus>
				<!-- Sair -->
				<onfocus>Skin.SetString(submenu13.1.master,quit)</onfocus>
				<onfocus>Skin.SetString(submenu13.1.path,Quit())</onfocus>
				<!-- Desligar sistema -->
				<onfocus>Skin.SetString(submenu13.2.master,powerdown)</onfocus>
				<onfocus>Skin.SetString(submenu13.2.path,Powerdown())</onfocus>
				<!-- Reiniciar sistema -->
				<onfocus>Skin.SetString(submenu13.3.master,reboot)</onfocus>
				<onfocus>Skin.SetString(submenu13.3.path,Reboot())</onfocus>				
				<!-- Suspender -->
				<onfocus>Skin.SetString(submenu13.4.master,suspend)</onfocus>
				<onfocus>Skin.SetString(submenu13.4.path,Suspend())</onfocus>
				<!-- Hibernar -->
				<onfocus>Skin.SetString(submenu13.5.master,hibernate)</onfocus>
				<onfocus>Skin.SetString(submenu13.5.path,Hibernate())</onfocus>
				<!-- Temporizador -->
				<onfocus>Skin.SetString(submenu13.6.master,timer)</onfocus>
				<onfocus>Skin.SetString(submenu13.6.path,AlarmClock(shutdowntimer,Powerdown))</onfocus>
				<!-- Cancelar temporizador -->
				<onfocus>Skin.SetString(submenu13.7.master,canceltimer)</onfocus>
				<onfocus>Skin.SetString(submenu13.7.path,CancelAlarm(shutdowntimer))</onfocus>
				<!-- Deslogar -->
				<onfocus>Skin.SetString(submenu13.8.master,logoff))</onfocus>
				<onfocus>Skin.SetString(submenu13.8.path,System.Logoff)</onfocus>
				<onfocus>AlarmClock(nextstep,SetFocus(910),0:02,true)</onfocus>
				<!-- Reiniciar internamente -->
				<onfocus condition="System.Platform.Android | System.Platform.Linux | System.Platform.Linux.RaspberryPi">Skin.SetString(submenu13.9.master,reboottointernal)</onfocus>
				<onfocus condition="System.Platform.Android | System.Platform.Linux | System.Platform.Linux.RaspberryPi">Skin.SetString(submenu13.9.path,System.ExecWait("/usr/sbin/rebootfromnand"))</onfocus>
			</control>
			<control type="button" id="910">
				<include>invisible</include>
				<onclick></onclick>
				<onfocus>Skin.SetString(autosetting,110)</onfocus>
				<onfocus>AlarmClock(nextstep,SetFocus(911),0:02,true)</onfocus>
			</control>
			<control type="button" id="911">
				<include>invisible</include>
				<onclick></onclick>
				<onfocus>Skin.SetString(defaultsettings,0)</onfocus>
				<onfocus>ReplaceWindow(home)</onfocus>
			</control>
			<control type="image">
				<include>backgroundspecs_single</include>
				<texture background="true">special://skin/backgrounds/settings.jpg</texture>
				<colordiffuse>E0101010</colordiffuse>
			</control>
			<!-- logo -->
			<control type="image">
				<left>622</left>
				<top>175</top>
				<width>675</width>
				<height>232</height>
				<texture>firstsettings_logo.png</texture>
				<aspectratio align="center" aligny="bottom">keep</aspectratio>
			</control>
			<!-- be -->
			<control type="label">
				<left>810</left>
				<top>414</top>
				<width>300</width>
				<height>40</height>
				<align>center</align>
				<aligny>center</aligny>
				<label>Black and White Edition</label>
				<font>font_subtitle</font>
				<textcolor>B6FFFAF0</textcolor>
			</control>
			<!-- versao -->
			<control type="label">
				<left>1590</left>
				<top>1016</top>
				<width>300</width>
				<height>40</height>
				<align>center</align>
				<aligny>center</aligny>
				<label>$VAR[skin_version]</label>
				<font>Font13</font>
				<textcolor>50FFFAF0</textcolor>
			</control>
			<!-- texto das etapas -->
			<control type="label">
				<left>150</left>
				<top>595</top>
				<width>1620</width>
				<height>300</height>
				<align>center</align>
				<aligny>top</aligny>
				<label>$VAR[settingsstep]</label>
				<font>font_subtitle</font>
				<textcolor>B6FFFAF0</textcolor>
			</control>
			<!-- grafico de progresso -->
			<control type="group">
				<animation effect="fade" start="0" end="100" time="300" delay="2000">WindowOpen</animation>
				<animation effect="fade" start="0" end="100" time="300" delay="2000">Visible</animation>
				<animation effect="fade" start="100" end="0" time="100">Hidden</animation>
				<visible>Integer.IsLess(skin.string(autosetting),110)</visible>
				<control type="image">
					<left>840</left>
					<top>678</top>
					<width>240</width>
					<height>240</height>
					<align>center</align>
					<texture>firstsettings_progress_back.png</texture>
					<aspectratio align="center" aligny="bottom">keep</aspectratio>
					<colordiffuse>40FFFAF0</colordiffuse>
				</control>
				<control type="image">
					<left>840</left>
					<top>678</top>
					<width>240</width>
					<height>240</height>
					<texture>$INFO[skin.string(autosetting)].png</texture>
					<aspectratio align="center" aligny="bottom">keep</aspectratio>
					<colordiffuse>FF13BFBF</colordiffuse>
					<animation effect="fade" time="350">Visible</animation>
					<fadetime>700</fadetime>
				</control>
				<!-- Porcentagem -->
				<control type="label" id="915">
					<left>910</left>
					<top>775</top>
					<width>100</width>
					<height>46</height>
					<align>center</align>
					<aligny>center</aligny>
					<label>$INFO[skin.string(autosetting)]%</label>
					<font>font_settings</font>
					<textcolor>B6FFFAF0</textcolor>
					<visible>Integer.IsLess(skin.string(autosetting),110)</visible>
				</control>
				<!-- Aviso nao toque -->
				<control type="label">
					<left>150</left>
					<top>970</top>
					<width>1620</width>
					<height>100</height>
					<align>center</align>
					<aligny>top</aligny>
					<label>31654</label>
					<font>font_subtitle</font>
					<textcolor>B6FFFAF0</textcolor>
				</control>
			</control>
		</control>
	</controls>
</window>
