<?xml version="1.0" encoding="UTF-8"?>
<window id="1159" type="dialog">
	<!-- KBK Multimedia Center -->
	<defaultcontrol always="true">9030</defaultcontrol>
	<onunload condition="Player.HasAudio">ActivateWindow(1160)</onunload>
	<controls>
		<control type="visualisation" id="2">
			<left>0</left>
			<top>0</top>
			<width>1920</width>
			<height>1080</height>
			<animation effect="fade" start="0" end="100" time="400">Visible</animation>
			<animation effect="fade" start="100" end="0" time="200">Hidden</animation>
			<visible>String.IsEqual(skin.string(vis_bg),fanartmix) | String.IsEqual(skin.string(vis_bg),slideshowmix) | String.IsEqual(skin.string(vis_bg),slideshowmosaicmix) | String.IsEqual(skin.string(vis_bg),vis)</visible>
		</control>
		<!-- Fanart -->
		<control type="image">			
			<include>backgroundspecs_single</include>
			<texture background="true">$INFO[MusicPlayer.Property(fanart_image)]</texture>
			<animation effect="fade" start="100" end="50" time="400" condition="String.IsEqual(skin.string(vis_bg),fanartmix)">Conditional</animation>
			<visible>[String.IsEqual(skin.string(vis_bg),fanart) | String.IsEqual(skin.string(vis_bg),fanartmix)] + String.IsEmpty(Control.GetLabel(5043)) + String.IsEmpty(Control.GetLabel(5044)) | [String.IsEqual(skin.string(vis_bg),slideshow) | String.IsEqual(skin.string(vis_bg),slideshowmix)] + String.IsEmpty(Control.GetLabel(5045)) | [String.IsEqual(skin.string(vis_bg),slideshowmosaic) | String.IsEqual(skin.string(vis_bg),slideshowmosaicmix)] + String.IsEmpty(Control.GetLabel(5046)) + String.IsEmpty(Control.GetLabel(5047)) + String.IsEmpty(Control.GetLabel(5048)) + String.IsEmpty(Control.GetLabel(5049)) + String.IsEmpty(Control.GetLabel(5050)) + String.IsEmpty(Control.GetLabel(5051))</visible>
		</control>
		<!-- Extra Fanart Song -->
		<control type="multiimage" id="5043">			
			<include>backgroundspecs_multi</include>
			<imagepath background="true">$INFO[Player.FolderPath,,../extrafanart/]</imagepath>
			<animation effect="fade" start="100" end="50" time="400" condition="String.IsEqual(skin.string(vis_bg),fanartmix)">Conditional</animation>
			<visible>[String.IsEqual(skin.string(vis_bg),fanart) | String.IsEqual(skin.string(vis_bg),fanartmix)] + String.Contains(skin.string(musicfanart),extra)</visible>
		</control>
		<!-- Extra Fanart Artist -->
		<control type="multiimage" id="5044">			
			<include>backgroundspecs_multi</include>
			<imagepath background="true">$INFO[skin.string(CustomMusicLogoPath)]$INFO[MusicPlayer.Artist,,/extrafanart/]</imagepath>
			<animation effect="fade" start="100" end="50" time="400" condition="String.IsEqual(skin.string(vis_bg),fanartmix)">Conditional</animation>
			<visible>[String.IsEqual(skin.string(vis_bg),fanart) | String.IsEqual(skin.string(vis_bg),fanartmix)] + String.Contains(skin.string(musicfanart),extra) + String.IsEmpty(Control.GetLabel(5043))</visible>
		</control>
		<!-- Artist SlideShow -->
		<control type="multiimage" id="5045">			
			<aspectratio>keep</aspectratio>
			<include>backgroundspecs_multi</include>
			<imagepath background="true">$INFO[Window(Visualisation).Property(ArtistSlideshow)]</imagepath>
			<animation effect="zoom" start="0" end="100" center="auto" easing="out" tween="sine" time="700" delay="1000">WindowOpen</animation>
			<animation effect="zoom" start="0" end="100" center="auto" easing="out" tween="sine" time="700" delay="1000">Visible</animation>
			<animation effect="zoom" start="100" end="0" center="auto" easing="in" tween="sine" time="300">WindowClose</animation>
			<animation effect="zoom" start="100" end="0" center="auto" easing="in" tween="sine" time="300">Hidden</animation>
			<animation effect="fade" start="100" end="50" time="400" condition="String.IsEqual(skin.string(vis_bg),slideshowmix)">Conditional</animation>
			<visible>String.IsEqual(skin.string(vis_bg),slideshow) | String.IsEqual(skin.string(vis_bg),slideshowmix)</visible>
		</control>
		<!-- Artist SlideShow Mosaico -->
		<control type="multiimage" id="5046">			
			<include>backgroundspecs_mosaic</include>
			<left>0</left>
			<top>0</top>
			<visible>String.IsEqual(skin.string(vis_bg),slideshowmosaic) | String.IsEqual(skin.string(vis_bg),slideshowmosaicmix)</visible>
		</control>
		<!-- Artist SlideShow Mosaico -->
		<control type="multiimage" id="5047">			
			<include>backgroundspecs_mosaic</include>
			<left>640</left>
			<top>0</top>
			<visible>String.IsEqual(skin.string(vis_bg),slideshowmosaic) | String.IsEqual(skin.string(vis_bg),slideshowmosaicmix)</visible>
		</control>
		<!-- Artist SlideShow Mosaico -->
		<control type="multiimage" id="5048">			
			<include>backgroundspecs_mosaic</include>
			<left>1280</left>
			<top>0</top>
			<visible>String.IsEqual(skin.string(vis_bg),slideshowmosaic) | String.IsEqual(skin.string(vis_bg),slideshowmosaicmix)</visible>
		</control>
		<!-- Artist SlideShow Mosaico -->
		<control type="multiimage" id="5049">			
			<include>backgroundspecs_mosaic</include>
			<left>0</left>
			<top>540</top>
			<visible>String.IsEqual(skin.string(vis_bg),slideshowmosaic) | String.IsEqual(skin.string(vis_bg),slideshowmosaicmix)</visible>
		</control>
		<!-- Artist SlideShow Mosaico -->
		<control type="multiimage" id="5050">			
			<include>backgroundspecs_mosaic</include>
			<left>640</left>
			<top>540</top>
			<visible>String.IsEqual(skin.string(vis_bg),slideshowmosaic) | String.IsEqual(skin.string(vis_bg),slideshowmosaicmix)</visible>
		</control>
		<!-- Artist SlideShow Mosaico -->
		<control type="multiimage" id="5051">
			<include>backgroundspecs_mosaic</include>
			<left>1280</left>
			<top>540</top>
			<visible>String.IsEqual(skin.string(vis_bg),slideshowmosaic) | String.IsEqual(skin.string(vis_bg),slideshowmosaicmix)</visible>
		</control>
		<!-- Pasta pessoal -->
		<control type="multiimage">			
			<aspectratio>keep</aspectratio>
			<include>backgroundspecs_multi</include>
			<imagepath fallback="special://skin/backgrounds/music.jpg" background="true">$INFO[skin.string(musicviz.background)]</imagepath>
			<visible>String.IsEqual(skin.string(vis_bg),custom)</visible>
		</control>
		<control type="group">
			<include>animation_dialogpopup</include>
			<visible>!Window.IsVisible(visualisationpresetlist)</visible>
			<control type="image">
				<left>165</left>
				<top>0</top>
				<width>45</width>
				<height>1080</height>
				<texture flipx="true">shadow.png</texture>
				<colordiffuse>C3FFFFFF</colordiffuse>
			</control>
			<control type="image">
				<left>1710</left>
				<top>0</top>
				<width>45</width>
				<height>1080</height>
				<texture>shadow.png</texture>
				<colordiffuse>C3FFFFFF</colordiffuse>
			</control>
			<control type="image">
				<left>210</left>
				<top>0</top>
				<width>1500</width>
				<height>1080</height>
				<texture>$VAR[texture_base]</texture>
				<colordiffuse>$INFO[skin.string(colortexture)]</colordiffuse>
				<include>animation_defaultglass</include>
			</control>
			<control type="image">
				<left>210</left>
				<top>0</top>
				<width>1500</width>
				<height>120</height>
				<texture>black.png</texture>
				<colordiffuse>E0101010</colordiffuse>
			</control>
			<control type="label">
				<left>322</left>
				<top>34</top>
				<width>1278</width>
				<height>45</height>				
				<align>center</align>
				<aligny>center</aligny>
				<label>31011</label>
				<font>font_titlesettings</font>
				<textcolor>$INFO[skin.string(colorheader)]</textcolor>
				<include>animation_fade</include>
			</control>
			<control type="button" id="4210">
				<include>invisible</include>
				<onfocus>SetFocus(3)</onfocus>
				<onfocus condition="String.IsEqual(skin.string(vis_layout),style1)">Skin.SetString(vis_layout,style2)</onfocus>
				<onfocus condition="String.IsEqual(skin.string(vis_layout),style2)">Skin.SetString(vis_layout,style3)</onfocus>
				<onfocus condition="String.IsEqual(skin.string(vis_layout),style3)">Skin.SetString(vis_layout,karaoke)</onfocus>
				<onfocus condition="String.IsEqual(skin.string(vis_layout),karaoke)">Skin.SetString(vis_layout,style1)</onfocus>
			</control>
			<control type="scrollbar" id="80">
				<include>ScrollBar_Vertical</include>
				<left>225</left>
				<top>150</top>
				<height>900</height>
				<onleft>back</onleft>
				<onright>9030</onright>
				<ondown>80</ondown>
				<onup>80</onup>
			</control>
			<control type="grouplist" id="9030">
				<left>210</left>
				<top>150</top>
				<width>1500</width>
				<height>900</height>
				<itemgap>0</itemgap>
				<onleft>80</onleft>
				<onright>back</onright>
				<pagecontrol>80</pagecontrol>
				<!-- furniture -->
				<control type="radiobutton" id="1">					
					<radioposx>1341</radioposx>
					<label>31678</label>
					<onclick>Skin.ToggleSetting(novisfurniture)</onclick>
					<selected>!Skin.HasSetting(novisfurniture)</selected>
				</control>
				<!-- layout -->
				<control type="button" id="2">					
					<label>$VAR[musiclayout] ($LOCALIZE[31181])</label>
					<onclick>SetFocus(4210)</onclick>
					<enable>!Skin.HasSetting(novisfurniture)</enable>
				</control>
				<control type="radiobutton" id="3">
					<radioposx>1341</radioposx>
					<label>$LOCALIZE[31111] - $LOCALIZE[31711]</label>
					<onclick>Skin.SetString(visdiscart,disable)</onclick>
					<selected>String.Contains(skin.string(visdiscart),disable)</selected>
				</control>
				<control type="radiobutton" id="4">
					<radioposx>1341</radioposx>
					<label>$LOCALIZE[31111] - $LOCALIZE[31709]</label>
					<onclick>Skin.SetString(visdiscart,always)</onclick>
					<selected>String.Contains(skin.string(visdiscart),always)</selected>
				</control>
				<control type="radiobutton" id="5">
					<radioposx>1341</radioposx>
					<label>$LOCALIZE[31111] - $LOCALIZE[31094]</label>
					<onclick>Skin.SetString(visdiscart,ifavailable)</onclick>
					<selected>String.Contains(skin.string(visdiscart),ifavailable)</selected>
				</control>
				<!-- lyrics -->
				<control type="radiobutton" id="6">					
					<radioposx>1341</radioposx>
					<label>31722</label>
					<onclick>Skin.ToggleSetting(nolyrics_on)</onclick>
					<selected>!Skin.HasSetting(nolyrics_on)</selected>
					<enable>![String.IsEmpty(skin.string(lyricscript_path)) | Skin.HasSetting(novisfurniture) | String.IsEqual(skin.string(vis_layout),karaoke)]</enable>
				</control>
				<!-- lyrics animado -->
				<control type="radiobutton" id="7">					
					<radioposx>1341</radioposx>
					<label>31456</label>
					<onclick>Skin.ToggleSetting(animatedlyrics)</onclick>
					<selected>Skin.HasSetting(animatedlyrics)</selected>
					<enable>![String.IsEmpty(skin.string(lyricscript_path)) | Skin.HasSetting(novisfurniture) | String.IsEqual(skin.string(vis_layout),karaoke)]</enable>
				</control>
				<!-- lyrics set script -->
				<control type="button" id="8">					
					<label>31725</label>
					<onclick>Dialog.Close(all,true)</onclick>
					<onclick>Skin.SetAddon(lyricscript_path,xbmc.python.lyrics)</onclick>
					<enable>![Skin.HasSetting(nolyrics_on) | Skin.HasSetting(novisfurniture)]</enable>
				</control>
				<!-- next tracks -->
				<control type="radiobutton" id="9">					
					<radioposx>1341</radioposx>
					<label>31555</label>
					<onclick>Skin.ToggleSetting(nonexttracks_on)</onclick>
					<selected>!Skin.HasSetting(nonexttracks_on)</selected>
					<enable>![Skin.HasSetting(novisfurniture)  | String.IsEqual(skin.string(vis_layout),karaoke)]</enable>
				</control>
				<!-- palavra Fundos -->
				<control type="label" id="10">					
					<width>1560</width>
					<height>60</height>
					<aligny>center</aligny>
					<textoffsetx>75</textoffsetx>
					<label>[B]$LOCALIZE[31327][/B]</label>
					<textcolor>$INFO[skin.string(colorheader)]</textcolor>
				</control>
				<!-- background fanart -->
				<control type="radiobutton" id="11">					
					<radioposx>1341</radioposx>
					<label>- $LOCALIZE[31561]</label>
					<onclick>Skin.SetString(vis_bg,fanart)</onclick>
					<selected>String.IsEqual(skin.string(vis_bg),fanart)</selected>
				</control>
				<!-- background fanartmix -->
				<control type="radiobutton" id="12">					
					<radioposx>1341</radioposx>
					<label>- $LOCALIZE[31561] + $LOCALIZE[31727]</label>
					<onclick>Skin.SetString(vis_bg,fanartmix)</onclick>
					<selected>String.IsEqual(skin.string(vis_bg),fanartmix)</selected>
				</control>
				<!-- background slideshow -->
				<control type="radiobutton" id="13">					
					<radioposx>1341</radioposx>
					<label>- $LOCALIZE[31559]</label>
					<onclick>Skin.SetString(vis_bg,slideshow)</onclick>
					<selected>String.IsEqual(skin.string(vis_bg),slideshow)</selected>
				</control>
				<!-- background slideshowmix -->
				<control type="radiobutton" id="14">					
					<radioposx>1341</radioposx>
					<label>- $LOCALIZE[31559] + $LOCALIZE[31727]</label>
					<onclick>Skin.SetString(vis_bg,slideshowmix)</onclick>
					<selected>String.IsEqual(skin.string(vis_bg),slideshowmix)</selected>
				</control>
				<!-- background slideshowmosaic -->
				<control type="radiobutton" id="15">					
					<radioposx>1341</radioposx>
					<label>- $LOCALIZE[31173]</label>
					<onclick>Skin.SetString(vis_bg,slideshowmosaic)</onclick>
					<selected>String.IsEqual(skin.string(vis_bg),slideshowmosaic)</selected>
				</control>
				<!-- background slideshowmosaicmix -->
				<control type="radiobutton" id="16">					
					<radioposx>1341</radioposx>
					<label>- $LOCALIZE[31173] + $LOCALIZE[31727]</label>
					<onclick>Skin.SetString(vis_bg,slideshowmosaicmix)</onclick>
					<selected>String.IsEqual(skin.string(vis_bg),slideshowmosaicmix)</selected>
				</control>
				<!-- background vis -->
				<control type="radiobutton" id="17">					
					<radioposx>1341</radioposx>
					<label>- $LOCALIZE[31727]</label>
					<onclick>Skin.SetString(vis_bg,vis)</onclick>
					<selected>String.IsEqual(skin.string(vis_bg),vis)</selected>
				</control>
				<!-- background custom -->
				<control type="radiobutton" id="18">					
					<radioposx>1341</radioposx>
					<label>- $LOCALIZE[31122]</label>
					<onclick>Skin.SetString(vis_bg,custom)</onclick>
					<selected>String.IsEqual(skin.string(vis_bg),custom)</selected>
				</control>
				<!-- Fundo unico -->
				<control type="button" id="19">					
					<label>31217</label>
					<onclick>Skin.SetImage(musicviz.background)</onclick>
					<enable>String.IsEqual(skin.string(vis_bg),custom)</enable>
				</control>
				<!-- Fundos Multiplos -->
				<control type="button" id="20">					
					<label>31218</label>
					<onclick>Skin.SetPath(musicviz.background)</onclick>
					<enable>String.IsEqual(skin.string(vis_bg),custom)</enable>
				</control>
				<!-- background animation -->
				<control type="radiobutton" id="21">					
					<radioposx>1341</radioposx>
					<label>31463</label>
					<onclick>Skin.ToggleSetting(visanimation_panscan)</onclick>
					<selected>Skin.HasSetting(visanimation_panscan)</selected>
				</control>
				<!-- palavra Trocar Visualizacao -->
				<control type="label" id="22">					
					<width>1560</width>
					<height>60</height>
					<aligny>center</aligny>
					<textoffsetx>75</textoffsetx>
					<label>[B]$LOCALIZE[31727][/B]</label>
					<textcolor>$INFO[skin.string(colorheader)]</textcolor>
				</control>
				<!-- vis -->
				<control type="button" id="23">					
					<label>$LOCALIZE[457]</label>
					<onclick>ActivateWindowAndFocus(musicsettings, -99,0, -72,0)</onclick>
					<enable>String.IsEqual(skin.string(vis_bg),fanartmix) | String.IsEqual(skin.string(vis_bg),slideshowmix) | String.IsEqual(skin.string(vis_bg),vis)</enable>
				</control>
				<!-- preset -->
				<control type="button" id="24">					
					<label>$LOCALIZE[13388]</label>
					<onclick>ActivateWindow(visualisationpresetlist)</onclick>
					<enable>String.IsEqual(skin.string(vis_bg),fanartmix) | String.IsEqual(skin.string(vis_bg),slideshowmix) | String.IsEqual(skin.string(vis_bg),vis)</enable>
				</control>
				<!-- presetsettings -->
				<control type="button" id="25">					
					<label>31261</label>
					<onclick>Addon.Default.OpenSettings(xbmc.player.musicviz)</onclick>
					<enable>String.IsEqual(skin.string(vis_bg),fanartmix) | String.IsEqual(skin.string(vis_bg),slideshowmix) | String.IsEqual(skin.string(vis_bg),vis)</enable>
				</control>
			</control>
		</control>
	</controls>
</window>
