<?xml version="1.0" encoding="UTF-8"?>
<window id="1101" type="dialog">
	<!-- KBK Multimedia Center -->
	<defaultcontrol></defaultcontrol>
	<onload condition="!String.IsEqual(Container(9010).numitems,0)">SetFocus(9010)</onload>
	<onload condition="String.IsEqual(Container(9010).numitems,0)">Close</onload>
	<onload condition="String.IsEqual(Container(9010).numitems,0)">ActivateWindow(1165)</onload>
	<onunload condition="!Window.IsActive(1165)">Skin.Reset(submode)</onunload>
	<controls>
		<include>submenu_furniture</include>
		<control type="panel" id="9010">
			<include content="submenu" condition="Window.IsVisible(home) + !Skin.HasSetting(mainmenuvertical)">
				<param name="top" value="930" />
				<param name="width" value="1920" />
				<param name="height" value="150" />
				<param name="onleft" value="9010" />
				<param name="onleft2" value="" />
				<param name="onright" value="9010" />
				<param name="onright2" value="" />
				<param name="onup" value="Close" />
				<param name="onup2" value="SetFocus(9000)" />
				<param name="onup3" value="Skin.Reset(submode)" />
				<param name="ondown" value="Close" />
				<param name="ondown2" value="ActivateWindow(1165)" />
				<param name="orientation" value="vertical" />
				<param name="focusposition" value="3" />
				<param name="itemlayoutwidth" value="320" />
				<param name="itemlayoutheight" value="50" />
				<param name="focusedlayoutwidth" value="320" />
				<param name="focusedlayoutheight" value="50" />
			</include>
			<include content="submenu" condition="Window.IsVisible(home) + Skin.HasSetting(mainmenuvertical)">
				<param name="top" value="100" />
				<param name="width" value="495" />
				<param name="height" value="665" />
				<param name="onleft" value="Close" />
				<param name="onleft2" value="ActivateWindow(1165)" />
				<param name="onright" value="Close" />
				<param name="onright2" value="SetFocus(9000)" />
				<param name="onup" value="9010" />
				<param name="onup2" value="" />
				<param name="onup3" value="" />
				<param name="ondown" value="9010" />
				<param name="ondown2" value="" />
				<param name="orientation" value="vertical" />
				<param name="focusposition" value="0" />
				<param name="itemlayoutwidth" value="495" />
				<param name="itemlayoutheight" value="50" />
				<param name="focusedlayoutwidth" value="495" />
				<param name="focusedlayoutheight" value="50" />
			</include>
			<include content="submenu" condition="Window.IsVisible(1157)">
				<param name="top" value="180" />
				<param name="width" value="450" />
				<param name="height" value="847" />
				<param name="onleft" value="Close" />
				<param name="onleft2" value="" />
				<param name="onright" value="SetFocus(450)" />
				<param name="onright2" value="" />
				<param name="onup" value="9010" />
				<param name="onup2" value="" />
				<param name="onup3" value="" />
				<param name="ondown" value="9010" />
				<param name="ondown2" value="" />
				<param name="orientation" value="vertical" />
				<param name="focusposition" value="0" />
				<param name="itemlayoutwidth" value="450" />
				<param name="itemlayoutheight" value="50" />
				<param name="focusedlayoutwidth" value="450" />
				<param name="focusedlayoutheight" value="50" />
			</include>
			<content>
			<include condition="String.IsEqual(skin.string(submenu),1)">submenu1</include>
			<include condition="String.IsEqual(skin.string(submenu),2)">submenu2</include>	
			<include condition="String.IsEqual(skin.string(submenu),3)">submenu3</include>
			<include condition="String.IsEqual(skin.string(submenu),4)">submenu4</include>
			<include condition="String.IsEqual(skin.string(submenu),5)">submenu5</include>
			<include condition="String.IsEqual(skin.string(submenu),6)">submenu6</include>
			<include condition="String.IsEqual(skin.string(submenu),7)">submenu7</include>
			<include condition="String.IsEqual(skin.string(submenu),8)">submenu8</include>
			<include condition="String.IsEqual(skin.string(submenu),9)">submenu9</include>
			<include condition="String.IsEqual(skin.string(submenu),10)">submenu10</include>
			<include condition="String.IsEqual(skin.string(submenu),11)">submenu11</include>
			<include condition="String.IsEqual(skin.string(submenu),12)">submenu12</include>
			<include condition="String.IsEqual(skin.string(submenu),13)">submenu13</include>
			<include condition="String.IsEqual(skin.string(submenu),14)">submenu14</include>
			<include condition="String.IsEqual(skin.string(submenu),21)">submenu21</include>
			<include condition="String.IsEqual(skin.string(submenu),22)">submenu22</include>
			<include condition="String.IsEqual(skin.string(submenu),23)">submenu23</include>
			<include condition="String.IsEqual(skin.string(submenu),24)">submenu24</include>
			<include condition="String.IsEqual(skin.string(submenu),25)">submenu25</include>
			<include condition="String.IsEqual(skin.string(submenu),26)">submenu26</include>
			<include condition="String.IsEqual(skin.string(submenu),27)">submenu27</include>
			<include condition="String.IsEqual(skin.string(submenu),28)">submenu28</include>
			<include condition="String.IsEqual(skin.string(submenu),29)">submenu29</include>
			<include condition="String.IsEqual(skin.string(submenu),30)">submenu30</include>
			<include condition="String.IsEqual(skin.string(submenu),31)">submenu31</include>
			<include condition="String.IsEqual(skin.string(submenu),41)">submenu41</include>
			<include condition="String.IsEqual(skin.string(submenu),42)">submenu42</include>
			<include condition="String.IsEqual(skin.string(submenu),43)">submenu43</include>
			<include condition="String.IsEqual(skin.string(submenu),44)">submenu44</include>
			<include condition="String.IsEqual(skin.string(submenu),45)">submenu45</include>		
			</content>
		</control>
	</controls>
</window>
