<?xml version="1.0" encoding="UTF-8"?>
<includes>
	<!-- KBK Multimedia Center -->
	<default type="image">
		<left>0</left>
		<top>0</top>
		<texture />
	</default>
	<default type="label">
		<left>0</left>
		<top>0</top>
		<height>38</height>
		<width>1466</width>
		<label />
		<align>left</align>
		<aligny>center</aligny>
		<font>font_settings</font>
		<textcolor>$INFO[skin.string(colortext)]</textcolor>
		<disabledcolor>40ffffff</disabledcolor>
		<selectedcolor>$INFO[skin.string(colorheader)]</selectedcolor>
		<scroll>true</scroll>
	</default>
	<default type="button">
		<left>0</left>
		<top>0</top>
		<width>1466</width>
		<height>60</height>
		<font>font_settings</font>
		<texturefocus>grey.png</texturefocus>
		<texturenofocus></texturenofocus>
		<textcolor>$INFO[skin.string(colortextlist)]</textcolor>
		<focusedcolor>E0101010</focusedcolor>
		<disabledcolor>40ffffff</disabledcolor>
		<pulseonselect>false</pulseonselect>
		<textoffsetx>75</textoffsetx>
		<align>left</align>
		<aligny>center</aligny>
		<scroll>true</scroll>
	</default>
	<default type="togglebutton">
		<left>0</left>
		<top>0</top>
		<width>1560</width>
		<height>60</height>
		<font>font_settings</font>
		<texturefocus>grey.png</texturefocus>
		<texturenofocus></texturenofocus>
		<alttexturefocus>grey.png</alttexturefocus>
		<pulseonselect>false</pulseonselect>
		<align>left</align>
		<aligny>center</aligny>
		<textcolor>$INFO[skin.string(colortextlist)]</textcolor>
		<focusedcolor>E0101010</focusedcolor>
		<disabledcolor>40ffffff</disabledcolor>
		<textoffsetx>75</textoffsetx>
		<scroll>true</scroll>
	</default>
	<default type="radiobutton">
		<left>0</left>
		<top>0</top>
		<width>1466</width>
		<height>60</height>
		<font>font_settings</font>
		<texturefocus>grey.png</texturefocus>
		<texturenofocus></texturenofocus>
		<textcolor>$INFO[skin.string(colortextlist)]</textcolor>
		<focusedcolor>E0101010</focusedcolor>
		<disabledcolor>40ffffff</disabledcolor>
		<pulseonselect>false</pulseonselect>
		<textwidth>1200</textwidth>
		<radiowidth>116</radiowidth>
		<radioposx>1301</radioposx>
		<radioheight>98</radioheight>
		<textoffsetx>75</textoffsetx>
		<align>left</align>
		<aligny>center</aligny>
		<textureradiofocus>radiobutton_on.png</textureradiofocus>
		<textureradionofocus>radiobutton.png</textureradionofocus>
		<scroll>true</scroll>
	</default>
	<default type="progress">
		<reveal>true</reveal>
		<texturebg>progress_back.png</texturebg>
		<midtexture>progress_mid.png</midtexture>
		<lefttexture></lefttexture>
		<righttexture></righttexture>
		<overlaytexture></overlaytexture>
		<colordiffuse>$INFO[skin.string(colorheader)]</colordiffuse>
		<visible>true</visible>
	</default>
	<default type="selectbutton">
		<height>38</height>
		<width>390</width>
		<align>center</align>
		<aligny>center</aligny>
		<pulseonselect>false</pulseonselect>
		<label></label>
		<texturefocus>grey.png</texturefocus>
		<alttexturefocus>grey.png</alttexturefocus>
		<font>font_settings</font>
		<textcolor>$INFO[skin.string(colortextlist)]</textcolor>
		<focusedcolor>E0101010</focusedcolor>
		<textoffsetx>15</textoffsetx>
		<textureleft>multiplex_arrow2.png</textureleft>
		<textureright>multiplex_arrow.png</textureright>
		<textureleftfocus>multiplex_arrowfocus2.png</textureleftfocus>
		<texturerightfocus>multiplex_arrowfocus.png</texturerightfocus>
	</default>
	<default type="listcontrolex">
		<left>411</left>
		<top>330</top>
		<width>660</width>
		<height>390</height>
		<spinwidth>18</spinwidth>
		<spinheight>24</spinheight>
		<spinposx>718</spinposx>
		<spinposy>237</spinposy>
		<pulseonselect>false</pulseonselect>
		<spinfont></spinfont>
		<spincolor></spincolor>
		<textureup></textureup>
		<texturedown></texturedown>
		<textureupfocus></textureupfocus>
		<texturedownfocus></texturedownfocus>
		<texturefocus></texturefocus>
		<texturenofocus></texturenofocus>
		<textureheight>26</textureheight>
		<image>DefaultFolder.png</image>
		<font></font>
		<textcolor>$INFO[skin.string(colortextlist)]</textcolor>
		<selectedcolor>$INFO[skin.string(colortextlist)]</selectedcolor>
		<suffix> | </suffix>
		<aligny>center</aligny>
	</default>
	<default type="fadelabel">
		<left>82</left>
		<top>795</top>
		<width>270</width>
		<align>left</align>
		<font>font_settings</font>
		<textcolor>$INFO[skin.string(colortext)]</textcolor>
	</default>
	<default type="textbox">
		<left>330</left>
		<top>330</top>
		<width>615</width>
		<height>405</height>
		<spinwidth>24</spinwidth>
		<spinheight>24</spinheight>
		<spinposx>640</spinposx>
		<spinposy>520</spinposy>
		<align>justify</align>
		<spinfont />
		<spincolor>FFF8F8F8</spincolor>
		<textureup></textureup>
		<texturedown></texturedown>
		<textureupfocus></textureupfocus>
		<texturedownfocus></texturedownfocus>
		<image></image>
		<textcolor>$INFO[skin.string(colortext)]</textcolor>
	</default>
	<default type="spincontrol">
		<pulseonselect>false</pulseonselect>
	</default>
	<default type="spincontrolex">
		<left>0</left>
		<top>0</top>
		<width>1560</width>
		<height>60</height>
		<font>font_settings</font>
		<textcolor>$INFO[skin.string(colortextlist)]</textcolor>
		<focusedcolor>E0101010</focusedcolor>
		<disabledcolor>40ffffff</disabledcolor>
		<texturenofocus></texturenofocus>
		<texturefocus>grey.png</texturefocus>
		<textureup>spinup.png</textureup>
		<texturedown>spindown.png</texturedown>
		<textureupfocus>spinup_focus.png</textureupfocus>
		<texturedownfocus>spindown_focus.png</texturedownfocus>
		<pulseonselect>false</pulseonselect>
		<spinposx>49</spinposx>
		<spinwidth>60</spinwidth>
		<spinheight>98</spinheight>
		<textoffsetx>75</textoffsetx>
		<aligny>center</aligny>
		<reverse>yes</reverse>
	</default>
	<default type="sliderex">
		<left>0</left>
		<top>0</top>
		<height>60</height>
		<texturenofocus></texturenofocus>
		<texturefocus>grey.png</texturefocus>
		<sliderwidth>150</sliderwidth>
		<sliderheight>49</sliderheight>
		<texturesliderbar>sliderback.png</texturesliderbar>
		<textureslidernib>slidernub.png</textureslidernib>
		<textureslidernibfocus>slidernubf.png</textureslidernibfocus>
		<font>font_settings</font>
		<textcolor>$INFO[skin.string(colortextlist)]</textcolor>
		<focusedcolor>E0101010</focusedcolor>
		<colordiffuse>FFF8F8F8</colordiffuse>
		<disabledcolor>40ffffff</disabledcolor>
		<textoffsetx>75</textoffsetx>
		<aligny>center</aligny>
	</default>
	<default type="edit">
		<left>0</left>
		<top>0</top>
		<width>450</width>
		<height>52</height>
		<texturenofocus></texturenofocus>
		<texturefocus>grey.png</texturefocus>
		<font>font_settings</font>
		<textcolor>$INFO[skin.string(colortextlist)]</textcolor>
		<focusedcolor>E0101010</focusedcolor>
		<disabledcolor>40ffffff</disabledcolor>
		<textoffsetx>75</textoffsetx>
		<aligny>center</aligny>
		<pulseonselect>false</pulseonselect>
	</default>
	<default type="slider">
		<left>0</left>
		<top>0</top>
		<height>60</height>
		<texturenofocus></texturenofocus>
		<texturefocus>grey.png</texturefocus>
		<sliderwidth>150</sliderwidth>
		<sliderheight>60</sliderheight>
		<texturesliderbar>sliderback.png</texturesliderbar>
		<textureslidernib>slidernub.png</textureslidernib>
		<textureslidernibfocus>slidernubf.png</textureslidernibfocus>
		<font>font_settings</font>
		<textcolor>$INFO[skin.string(colortextlist)]</textcolor>
		<focusedcolor>E0101010</focusedcolor>
		<colordiffuse>FFF8F8F8</colordiffuse>
		<disabledcolor>40ffffff</disabledcolor>
		<textoffsetx>75</textoffsetx>
		<aligny>center</aligny>
		<orientation>horizontal</orientation>
	</default>
	<default type="mover">
		<pulseonselect>false</pulseonselect>
	</default>
	<default type="resize">
		<pulseonselect>false</pulseonselect>
	</default>
</includes>
