<?xml version="1.0" encoding="UTF-8"?>
<window>
	<!-- KBK Multimedia Center -->
	<defaultcontrol always="true">7</defaultcontrol>
	<coordinates>
		<system>1</system>
	</coordinates>
	<controls>
		<control type="group">
			<include>animation_dialogpopup</include>
			<control type="image">
				<left>165</left>
				<top>0</top>
				<width>45</width>
				<height>1080</height>
				<texture flipx="true">shadow.png</texture>
				<colordiffuse>C3FFFFFF</colordiffuse>
			</control>
			<control type="image">
				<left>1710</left>
				<top>0</top>
				<width>45</width>
				<height>1080</height>
				<texture>shadow.png</texture>
				<colordiffuse>C3FFFFFF</colordiffuse>
			</control>
			<control type="image">
				<left>210</left>
				<top>0</top>
				<width>1500</width>
				<height>1080</height>
				<texture>$VAR[texture_base]</texture>
				<colordiffuse>$INFO[skin.string(colortexture)]</colordiffuse>
				<include>animation_defaultglass</include>
			</control>
			<control type="image">
				<left>210</left>
				<top>0</top>
				<width>1500</width>
				<height>120</height>
				<texture>black.png</texture>
				<colordiffuse>90FFFFFF</colordiffuse>
			</control>
			<control type="label">
				<left>322</left>
				<top>34</top>
				<width>1278</width>
				<height>45</height>
				<label>$LOCALIZE[19047]</label>
				<font>font_titlesettings</font>
				<textcolor>FFF8F8F8</textcolor>
				<align>center</align>
				<aligny>center</aligny>
				<include>animation_fade</include>
			</control>
			<control type="label">
				<!-- Nome do programa -->
				<left>322</left>
				<top>135</top>
				<width>1278</width>
				<height>45</height>
				<align>center</align>
				<aligny>center</aligny>
				<textcolor>$INFO[skin.string(colorheader)]</textcolor>
				<font>font_titlesettings</font>
				<label>$INFO[ListItem.Title]</label>
				<scroll>true</scroll>
			</control>
			<control type="group">
				<left>622</left>
				<top>214</top>
				<control type="label">
					<!-- Hora/Data -->
					<left>0</left>
					<top>0</top>
					<width>978</width>
					<height>38</height>
					<align>left</align>
					<aligny>center</aligny>
					<font>font_plot</font>
					<textcolor>$INFO[skin.string(colorheader)]</textcolor>
					<label>$LOCALIZE[142] [COLOR=FFF8F8F8]$INFO[ListItem.StartTime] - $INFO[ListItem.EndTime] ($INFO[ListItem.StartDate])[/COLOR]</label>
				</control>
				<control type="label">
					<!-- Duracao -->
					<description>Duration</description>
					<left>0</left>
					<top>52</top>
					<width>978</width>
					<height>38</height>
					<align>left</align>
					<aligny>center</aligny>
					<font>font_plot</font>
					<textcolor>$INFO[skin.string(colorheader)]</textcolor>
					<label>$LOCALIZE[180]: [COLOR=FFF8F8F8]$INFO[ListItem.Duration][/COLOR]</label>
				</control>
				<control type="label">
					<!-- Canal -->
					<left>0</left>
					<top>105</top>
					<width>978</width>
					<height>38</height>
					<align>left</align>
					<aligny>center</aligny>
					<font>font_plot</font>
					<textcolor>$INFO[skin.string(colorheader)]</textcolor>
					<label>$LOCALIZE[19148]: [COLOR=FFF8F8F8]$INFO[ListItem.ChannelName][/COLOR]</label>
				</control>
				<control type="label">
					<!-- Gereno -->
					<left>0</left>
					<top>158</top>
					<width>978</width>
					<height>38</height>
					<align>left</align>
					<aligny>center</aligny>
					<font>font_plot</font>
					<textcolor>$INFO[skin.string(colorheader)]</textcolor>
					<label>$LOCALIZE[135]: [COLOR=FFF8F8F8]$INFO[ListItem.Genre][/COLOR]</label>
				</control>
			</control>
			<control type="image">
				<left>322</left>
				<top>195</top>
				<width>1238</width>
				<height>3</height>
				<align>left</align>
				<texture flipx="true">divider.png</texture>
			</control>
			<control type="image">
				<left>322</left>
				<top>428</top>
				<width>1238</width>
				<height>3</height>
				<align>left</align>
				<texture flipx="true">divider.png</texture>
			</control>
			<control type="textbox" id="400">
				<left>322</left>
				<top>450</top>
				<width>1278</width>
				<height>390</height>
				<align>justify</align>
				<label>$INFO[ListItem.Plot]</label>
				<textcolor>FFF8F8F8</textcolor>
				<font>font_plot</font>
				<autoscroll delay="20000" time="3000" repeat="20000">!Skin.HasSetting(noallowscroll)</autoscroll>
			</control>
			<control type="image">
				<left>210</left>
				<top>900</top>
				<height>60</height>
				<width>1500</width>
				<texture>black.png</texture>
				<colordiffuse>90FFFFFF</colordiffuse>
			</control>
			<control type="grouplist" id="9001">
				<left>210</left>
				<top>900</top>
				<onup>60</onup>
				<ondown>60</ondown>
				<orientation>horizontal</orientation>
				<itemgap>0</itemgap>
				<control type="button" id="7">
					<!-- OK -->
					<width>500</width>
					<include>SettingsBottomButton</include>
					<label>$LOCALIZE[186]</label>
				</control>
				<control type="button" id="6">
					<!-- Gravar -->
					<width>500</width>
					<include>SettingsBottomButton</include>
					<label></label>
				</control>
				<control type="button" id="5">
					<!-- Trocar canal -->
					<width>500</width>
					<include>SettingsBottomButton</include>
					<label>19165</label>
				</control>
			</control>
		</control>
	</controls>
</window>
