<?xml version="1.0" encoding="UTF-8"?>
<window>
	<!-- KBK Multimedia Center -->
	<defaultcontrol always="true">29</defaultcontrol>
	<coordinates>
		<system>1</system>
	</coordinates>
	<controls>
		<control type="group">
			<visible>!Window.IsVisible(filebrowser)</visible>
			<include>animation_dialogpopup</include>
			<control type="image">
				<left>0</left>
				<top>0</top>
				<width>1920</width>
				<height>1080</height>
				<texture>black.png</texture>
				<colordiffuse>C3FFFFFF</colordiffuse>
				<include>animation_fade</include>
			</control>
			<control type="image">
				<posx>165</posx>
				<posy>0</posy>
				<width>45</width>
				<height>1080</height>
				<texture flipx="true">shadow.png</texture>
				<colordiffuse>C3FFFFFF</colordiffuse>
			</control>
			<control type="image">
				<posx>1710</posx>
				<posy>0</posy>
				<width>45</width>
				<height>1080</height>
				<texture>shadow.png</texture>
				<colordiffuse>C3FFFFFF</colordiffuse>
			</control>
			<control type="image">
				<posx>210</posx>
				<posy>0</posy>
				<width>1500</width>
				<height>1080</height>
				<texture>$VAR[texture_base]</texture>
				<colordiffuse>$INFO[skin.string(colortexture)]</colordiffuse>
				<animation effect="fade" end="85" condition="true">Conditional</animation>
			</control>
			<control type="image">
				<left>210</left>
				<top>0</top>
				<width>1500</width>
				<height>120</height>
				<texture>black.png</texture>
				<colordiffuse>90FFFFFF</colordiffuse>
			</control>
			<control type="label">
				<posx>322</posx>
				<posy>34</posy>
				<width>1278</width>
				<height>45</height>
				<label>$LOCALIZE[19143]</label>
				<font>font_titlesettings</font>
				<textcolor>FFF8F8F8</textcolor>
				<align>center</align>
				<aligny>center</aligny>
				<include>animation_fade</include>
			</control>
			<control type="group">
				<posx>210</posx>
				<posy>105</posy>
				<control type="label">
					<left>30</left>
					<top>30</top>
					<height>45</height>
					<font>font_button</font>
					<align>left</align>
					<aligny>center</aligny>
					<scroll>true</scroll>
					<textcolor>$INFO[skin.string(colorheader)]</textcolor>
					<label>31068</label>
				</control>
				<control type="list" id="13">
					<left>0</left>
					<top>75</top>
					<width>300</width>
					<height>525</height>
					<onleft>73</onleft>
					<onup>13</onup>
					<ondown>13</ondown>
					<onright>71</onright>
					<pagecontrol>73</pagecontrol>
					<scrolltime>200</scrolltime>
					<itemgap>0</itemgap>
					<itemlayout height="45" width="300">
						<control type="label">
							<textoffsetx>60</textoffsetx>
							<include>PVRSearchButton</include>
							<info>ListItem.Label</info>
						</control>
					</itemlayout>
					<focusedlayout height="45" width="300">
						<control type="image">
							<posx>0</posx>
							<posy>0</posy>
							<width>300</width>
							<height>45</height>
							<texture>grey.png</texture>
							<visible>Control.HasFocus(13)</visible>
							<animation effect="fade" start="100" end="50" time="50" condition="!Control.Hasfocus(20)">conditional</animation>
						</control>
						<control type="label">
							<textoffsetx>60</textoffsetx>
							<include>PVRSearchButton</include>
							<info>ListItem.Label</info>
						</control>
					</focusedlayout>
				</control>
				<control type="scrollbar" id="73">
					<include>ScrollBar_Vertical</include>
					<posx>0</posx>
					<posy>75</posy>
					<height>525</height>
					<onleft>9000</onleft>
					<onright>13</onright>
					<ondown>73</ondown>
					<onup>73</onup>
				</control>
			</control>
			<control type="group">
				<left>510</left>
				<top>105</top>
				<control type="label" id="21">
					<left>45</left>
					<top>30</top>
					<height>45</height>
					<font>font_button</font>
					<align>left</align>
					<aligny>center</aligny>
					<scroll>true</scroll>
					<textcolor>$INFO[skin.string(colorheader)]</textcolor>
				</control>
				<control type="list" id="11">
					<left>0</left>
					<top>75</top>
					<width>600</width>
					<height>525</height>
					<onup>11</onup>
					<ondown>11</ondown>
					<onleft>71</onleft>
					<onright>72</onright>
					<pagecontrol>71</pagecontrol>
					<scrolltime>200</scrolltime>
					<itemgap>0</itemgap>
					<itemlayout height="45" width="600">
						<control type="image">
							<posx>60</posx>
							<posy>3</posy>
							<width>39</width>
							<height>39</height>
							<texture fallback="DefaultVideoCover.png" background="true">$INFO[ListItem.Icon]</texture>
						</control>
						<control type="label">
							<posx>112</posx>
							<posy>0</posy>
							<width>375</width>
							<height>45</height>
							<font>font_button</font>
							<align>left</align>
							<aligny>center</aligny>
							<textcolor>FFF8F8F8</textcolor>
							<selectedcolor>$INFO[skin.string(colorheader)]</selectedcolor>
							<label>$INFO[ListItem.ChannelNumberLabel,(,) - ]$INFO[ListItem.ChannelName]</label>
						</control>
					</itemlayout>
					<focusedlayout height="75" width="600">
						<control type="image">
							<posx>0</posx>
							<posy>0</posy>
							<width>600</width>
							<height>75</height>
							<texture>grey.png</texture>
							<visible>Control.HasFocus(11)</visible>
							<animation effect="fade" start="100" end="50" time="50" condition="!Control.Hasfocus(20)">conditional</animation>
						</control>
						<control type="image">
							<posx>60</posx>
							<posy>0</posy>
							<width>75</width>
							<height>75</height>
							<texture>black.png</texture>
							<visible>Control.HasFocus(11)</visible>
							<animation effect="fade" end="70" condition="true">Conditional</animation>
						</control>
						<control type="image">
							<posx>68</posx>
							<posy>8</posy>
							<width>60</width>
							<height>60</height>
							<texture fallback="DefaultVideoCover.png" background="true">$INFO[ListItem.Icon]</texture>
						</control>
						<control type="label">
							<posx>150</posx>
							<posy>1</posy>
							<width>375</width>
							<height>45</height>
							<font>font_list</font>
							<align>left</align>
							<aligny>center</aligny>
							<textcolor>E0101010</textcolor>
							<selectedcolor>$INFO[skin.string(colorheader)]</selectedcolor>
							<label>$INFO[ListItem.ChannelNumberLabel,(,) - ]$INFO[ListItem.ChannelName]</label>
							<visible>Control.HasFocus(11)</visible>
						</control>
						<control type="label">
							<posx>150</posx>
							<posy>1</posy>
							<width>375</width>
							<height>45</height>
							<font>font_list</font>
							<align>left</align>
							<aligny>center</aligny>
							<textcolor>FFF8F8F8</textcolor>
							<selectedcolor>$INFO[skin.string(colorheader)]</selectedcolor>
							<label>$INFO[ListItem.ChannelNumberLabel,(,) - ]$INFO[ListItem.ChannelName]</label>
							<visible>!Control.HasFocus(11)</visible>
						</control>
					</focusedlayout>
				</control>
				<control type="scrollbar" id="71">
					<include>ScrollBar_Vertical</include>
					<posx>0</posx>
					<posy>75</posy>
					<height>525</height>
					<onleft>13</onleft>
					<onright>11</onright>
					<ondown>71</ondown>
					<onup>71</onup>
				</control>
				<control type="image">
					<left>0</left>
					<top>18</top>
					<width>3</width>
					<height>687</height>
					<texture>separator_v.png</texture>
				</control>
			</control>
			<control type="group">
				<left>1110</left>
				<top>105</top>
				<control type="label" id="22">
					<!-- Canais visiveis -->
					<left>45</left>
					<top>30</top>
					<height>45</height>
					<font>font_button</font>
					<align>left</align>
					<aligny>center</aligny>
					<scroll>true</scroll>
					<textcolor>$INFO[skin.string(colorheader)]</textcolor>
				</control>
				<control type="list" id="12">
					<left>0</left>
					<top>75</top>
					<width>600</width>
					<height>525</height>
					<onup>12</onup>
					<ondown>12</ondown>
					<onleft>72</onleft>
					<onright>9000</onright>
					<pagecontrol>72</pagecontrol>
					<scrolltime>200</scrolltime>
					<itemgap>0</itemgap>
					<itemlayout height="45" width="600">
						<control type="image">
							<posx>60</posx>
							<posy>3</posy>
							<width>39</width>
							<height>39</height>
							<texture fallback="DefaultVideoCover.png" background="true">$INFO[ListItem.Icon]</texture>
						</control>
						<control type="label">
							<posx>112</posx>
							<posy>0</posy>
							<width>375</width>
							<height>45</height>
							<font>font_button</font>
							<align>left</align>
							<aligny>center</aligny>
							<textcolor>FFF8F8F8</textcolor>
							<selectedcolor>$INFO[skin.string(colorheader)]</selectedcolor>
							<label>$INFO[ListItem.ChannelNumberLabel,(,) - ]$INFO[ListItem.ChannelName]</label>
						</control>
					</itemlayout>
					<focusedlayout height="75" width="600">
						<control type="image">
							<posx>0</posx>
							<posy>0</posy>
							<width>600</width>
							<height>75</height>
							<texture>grey.png</texture>
							<animation effect="fade" start="100" end="50" time="50" condition="!Control.Hasfocus(20)">conditional</animation>
							<visible>Control.HasFocus(12)</visible>
						</control>
						<control type="image">
							<posx>60</posx>
							<posy>0</posy>
							<width>75</width>
							<height>75</height>
							<texture>black.png</texture>
							<animation effect="fade" end="70" condition="true">Conditional</animation>
							<visible>Control.HasFocus(12)</visible>
						</control>
						<control type="image">
							<posx>68</posx>
							<posy>8</posy>
							<width>60</width>
							<height>60</height>
							<texture fallback="DefaultVideoCover.png" background="true">$INFO[ListItem.Icon]</texture>
						</control>
						<control type="label">
							<posx>150</posx>
							<posy>1</posy>
							<width>375</width>
							<height>45</height>
							<font>font_list</font>
							<align>left</align>
							<aligny>center</aligny>
							<textcolor>E0101010</textcolor>
							<selectedcolor>$INFO[skin.string(colorheader)]</selectedcolor>
							<label>$INFO[ListItem.ChannelNumberLabel,(,) - ]$INFO[ListItem.ChannelName]</label>
							<visible>Control.HasFocus(12)</visible>
						</control>
						<control type="label">
							<posx>150</posx>
							<posy>1</posy>
							<width>375</width>
							<height>45</height>
							<font>font_list</font>
							<align>left</align>
							<aligny>center</aligny>
							<textcolor>FFF8F8F8</textcolor>
							<selectedcolor>$INFO[skin.string(colorheader)]</selectedcolor>
							<label>$INFO[ListItem.ChannelNumberLabel,(,) - ]$INFO[ListItem.ChannelName]</label>
							<visible>!Control.HasFocus(12)</visible>
						</control>
					</focusedlayout>
				</control>
				<control type="scrollbar" id="72">
					<include>ScrollBar_Vertical</include>
					<posx>0</posx>
					<posy>75</posy>
					<height>525</height>
					<onleft>11</onleft>
					<onright>12</onright>
					<ondown>72</ondown>
					<onup>72</onup>
				</control>
				<control type="image">
					<left>0</left>
					<top>18</top>
					<width>3</width>
					<height>687</height>
					<texture>separator_v.png</texture>
				</control>
			</control>
			<control type="image">
				<left>210</left>
				<top>900</top>
				<height>60</height>
				<width>1500</width>
				<texture>black.png</texture>
				<colordiffuse>90FFFFFF</colordiffuse>
			</control>
			<control type="grouplist" id="9000">
				<posx>210</posx>
				<posy>900</posy>
				<onup>12</onup>
				<ondown>13</ondown>
				<orientation>horizontal</orientation>
				<itemgap>0</itemgap>
				<!-- Adicionar -->
				<control type="button" id="26">
					<width>300</width>
					<include>SettingsBottomButton</include>
					<label>31795</label>
				</control>
				<!-- Renomear -->
				<control type="button" id="27">
					<width>300</width>
					<include>SettingsBottomButton</include>
					<label>31796</label>
				</control>
				<!-- Ocultar -->
				<control type="radiobutton" id="25">
					<width>300</width>
					<include>SettingsBottomButton</include>
					<label>19289</label>
				</control>
				<!-- Apagar -->
				<control type="button" id="28">
					<width>300</width>
					<include>SettingsBottomButton</include>
					<label>31797</label>
				</control>
				<!-- OK -->
				<control type="button" id="29">
					<width>300</width>
					<include>SettingsBottomButton</include>
					<label>$LOCALIZE[186]</label>
				</control>
			</control>
		</control>
		<control type="label" id="20">
			<description>Fake Label used to pass on name label</description>
			<visible>false</visible>
		</control>
	</controls>
</window>
