<?xml version="1.0" encoding="UTF-8"?>
<window>
	<!-- KBK Multimedia Center -->
	<defaultcontrol always="true">7</defaultcontrol>
	<coordinates>
		<system>1</system>
	</coordinates>
	<controls>
		<control type="group">
			<include>animation_dialogpopup</include>
			<control type="image">
				<left>165</left>
				<top>0</top>
				<width>45</width>
				<height>1080</height>
				<texture flipx="true">shadow.png</texture>
				<colordiffuse>C3FFFFFF</colordiffuse>
			</control>
			<control type="image">
				<left>1710</left>
				<top>0</top>
				<width>45</width>
				<height>1080</height>
				<texture>shadow.png</texture>
				<colordiffuse>C3FFFFFF</colordiffuse>
			</control>
			<control type="image">
				<left>210</left>
				<top>0</top>
				<width>1500</width>
				<height>1080</height>
				<texture>$VAR[texture_base]</texture>
				<colordiffuse>$INFO[skin.string(colortexture)]</colordiffuse>
				<include>animation_defaultglass</include>
			</control>
			<control type="image">
				<left>210</left>
				<top>0</top>
				<width>1500</width>
				<height>120</height>
				<texture>black.png</texture>
				<colordiffuse>90FFFFFF</colordiffuse>
			</control>
			<control type="label">
				<left>322</left>
				<top>34</top>
				<width>1278</width>
				<height>45</height>
				<label>$LOCALIZE[19047]</label>
				<font>font_titlesettings</font>
				<textcolor>FFF8F8F8</textcolor>
				<align>center</align>
				<aligny>center</aligny>
				<include>animation_fade</include>
			</control>
			<control type="list" id="49">
				<left>210</left>
				<top>120</top>
				<width>960</width>
				<height>495</height>
				<onleft>49</onleft>
				<onright>49</onright>
				<onup>9000</onup>
				<ondown>61</ondown>
				<pagecontrol></pagecontrol>
				<scrolltime>200</scrolltime>
				<itemlayout height="45">
					<control type="label">
						<left>112</left>
						<top>0</top>
						<width>200</width>
						<height>45</height>
						<align>left</align>
						<aligny>center</aligny>
						<font>font_plot</font>
						<textcolor>FFF8F8F8</textcolor>
						<selectedcolor>$INFO[skin.string(colorheader)]</selectedcolor>
						<info>ListItem.Label</info>
					</control>
					<control type="label">
						<left>312</left>
						<top>0</top>
						<width>1076</width>
						<height>45</height>
						<align>left</align>
						<aligny>center</aligny>
						<font>font_plot</font>
						<textcolor>FFF8F8F8</textcolor>
						<selectedcolor>$INFO[skin.string(colorheader)]</selectedcolor>
						<info>ListItem.Label2</info>
					</control>
				</itemlayout>
				<focusedlayout height="45">
					<control type="image">
						<left>0</left>
						<top>0</top>
						<width>1500</width>
						<height>45</height>
						<texture>grey.png</texture>
						<include>animation_fade</include>
						<visible>Control.HasFocus(49)</visible>
					</control>
					<control type="label">
						<left>112</left>
						<top>0</top>
						<width>200</width>
						<height>45</height>
						<align>left</align>
						<aligny>center</aligny>
						<font>font_plot</font>
						<textcolor>FFF8F8F8</textcolor>
						<selectedcolor>$INFO[skin.string(colorheader)]</selectedcolor>
						<info>ListItem.Label</info>
					</control>
					<control type="label">
						<left>312</left>
						<top>0</top>
						<width>1076</width>
						<height>45</height>
						<align>left</align>
						<aligny>center</aligny>
						<font>font_plot</font>
						<textcolor>FFF8F8F8</textcolor>
						<selectedcolor>$INFO[skin.string(colorheader)]</selectedcolor>
						<info>ListItem.Label2</info>
						<scroll>true</scroll>
					</control>
				</focusedlayout>
				<content>
					<item>
						<label>$LOCALIZE[21442]:</label>
						<label2>$INFO[ListItem.EpisodeName]</label2>
						<onclick></onclick>
						<visible>!String.IsEmpty(ListItem.EpisodeName)</visible>
					</item>
					<item>
						<label>$LOCALIZE[20373]:</label>
						<label2>$INFO[ListItem.Season]</label2>
						<onclick></onclick>
						<visible>!String.IsEmpty(ListItem.Season)</visible>
					</item>
					<item>
						<label>$LOCALIZE[20359]:</label>
						<label2>$INFO[ListItem.Episode]</label2>
						<onclick></onclick>
						<visible>!String.IsEmpty(ListItem.Episode)</visible>
					</item>
					<item>
						<label>$LOCALIZE[19148]:</label>
						<label2>$INFO[ListItem.ChannelName]</label2>
						<onclick></onclick>
					</item>
					<item>
						<label>$LOCALIZE[142]</label>
						<label2>$INFO[ListItem.StartTime] - $INFO[ListItem.EndTime] ($INFO[ListItem.StartDate])</label2>
						<onclick></onclick>
					</item>
					<item>
						<label>$LOCALIZE[180]:</label>
						<label2>$INFO[ListItem.Duration]</label2>
						<onclick></onclick>
					</item>
					<item>
						<label>$LOCALIZE[515]:</label>
						<label2>$INFO[ListItem.Genre]</label2>
						<onclick></onclick>
					</item>
					<item>
						<label>$LOCALIZE[20417]:</label>
						<label2>$INFO[ListItem.Writer]</label2>
						<onclick></onclick>
						<visible>!String.IsEmpty(ListItem.Writer)</visible>
					</item>
					<item>
						<label>$LOCALIZE[20339]:</label>
						<label2>$INFO[ListItem.Director]</label2>
						<onclick></onclick>
						<visible>!String.IsEmpty(ListItem.Director)</visible>
					</item>
					<item>
						<label>$LOCALIZE[206]:</label>
						<label2>$INFO[ListItem.Cast]</label2>
						<onclick></onclick>
						<visible>!String.IsEmpty(ListItem.Cast)</visible>
					</item>
				</content>
			</control>
			<control type="spincontrol" id="60">
				<description>Next page button</description>
				<left>1080</left>
				<top>562</top>
				<subtype>page</subtype>
				<font></font>
				<onleft>60</onleft>
				<onright>60</onright>
				<ondown>9000</ondown>
				<onup>9000</onup>
				<textcolor></textcolor>
				<showonepage>true</showonepage>
			</control>
			<control type="textbox" id="400">
				<left>322</left>
				<top>450</top>
				<width>1278</width>
				<height>390</height>
				<align>justify</align>
				<label>$INFO[ListItem.Plot]</label>
				<textcolor>FFF8F8F8</textcolor>
				<font>font_plot</font>
				<autoscroll delay="20000" time="3000" repeat="20000">!Skin.HasSetting(noallowscroll)</autoscroll>
			</control>
			<control type="image">
				<left>315</left>
				<top>1350</top>
				<height>90</height>
				<width>2250</width>
				<texture>black.png</texture>
				<colordiffuse>90FFFFFF</colordiffuse>
			</control>
			<control type="image">
				<left>210</left>
				<top>900</top>
				<height>60</height>
				<width>1500</width>
				<texture>black.png</texture>
				<colordiffuse>90FFFFFF</colordiffuse>
			</control>
			<control type="grouplist" id="9000">
				<left>210</left>
				<top>900</top>
				<onup>60</onup>
				<ondown>60</ondown>
				<width>1500</width>
				<orientation>horizontal</orientation>
				<itemgap>0</itemgap>
				<!-- Procurar similar -->
				<control type="button" id="4">
					<width>300</width>
					<include>SettingsBottomButton</include>
					<label>19003</label>
					<visible>Window.IsActive(pvrguideinfo)</visible>
				</control>
				<!-- Trocar canal -->
				<control type="button" id="5">
					<width>300</width>
					<include>SettingsBottomButton</include>
					<label>19165</label>
					<visible>Window.IsActive(pvrguideinfo)</visible>
				</control>
				<!-- Reproduzir gravacoes -->
				<control type="button" id="8">
					<width>300</width>
					<include>SettingsBottomButton</include>
					<label>19687</label>
					<visible>Window.IsActive(pvrguideinfo)</visible>
				</control>
				<!-- Gravar -->
				<control type="button" id="6">
					<width>300</width>
					<include>SettingsBottomButton</include>
					<label></label>
					<visible>Window.IsActive(pvrguideinfo)</visible>
				</control>
				<!-- OK -->
				<control type="button" id="7">
					<width>300</width>
					<include>SettingsBottomButton</include>
					<label>$LOCALIZE[186]</label>
				</control>
			</control>
		</control>
	</controls>
</window>
