<?xml version="1.0" encoding="UTF-8"?>
<window>
	<!-- KBK Multimedia Center -->
	<defaultcontrol>1000</defaultcontrol>
	<coordinates>
		<left>0</left>
		<top>0</top>
	</coordinates>
	<include>animation_dialogpopup</include>
	<animation effect="slide" time="0" tween="cubic" easing="out" end="600,0" condition="Window.IsVisible(146)">Conditional</animation>
	<onload condition="!System.HasAddon(context.extendedinfo.dialog)">InstallAddon(context.extendedinfo.dialog)</onload>
	<onload condition="!System.HasAddon(script.extendedinfo)">InstallAddon(script.extendedinfo)</onload>
	<controls>
		<control type="image">
			<left>0</left>
			<top>0</top>
			<width>681</width>
			<height>58</height>
			<texture>gradient_focus.png</texture>
			<colordiffuse>$INFO[skin.string(colorheader)]</colordiffuse>
		</control>
		<control type="image">
			<left>0</left>
			<top>-45</top>
			<width>681</width>
			<height>58</height>
			<texture>dialogs_context_nofocus.png</texture>
			<colordiffuse>F9FFFFFF</colordiffuse>
		</control>
		<control type="label">
			<left>120</left>
			<top>-45</top>
			<width>450</width>
			<height>60</height>
			<align>center</align>
			<label>31178</label>
			<font>font_header</font>
			<textcolor>$INFO[skin.string(colorheader)]</textcolor>
		</control>
		<!-- background image -->
		<control type="image" id="999">
			<left>0</left>
			<top>-45</top>
			<width>684</width>
			<height>1080</height>
			<texture></texture>
		</control>
		<!-- top image -->
		<control type="image" id="997">
			<description>top image</description>
			<left>-3</left>
			<top>-10</top>
			<width>694</width>
			<height>40</height>
			<texture></texture>
		</control>
		<!-- bottom image -->
		<control type="image" id="998">
			<left>-3</left>
			<top>-45</top>
			<width>694</width>
			<height>40</height>
			<texture></texture>
		</control>
		<control type="grouplist" id="996">
			<left>0</left>
			<top>30</top>
			<width>681</width>
			<height max="1005">auto</height>
			<itemgap>0</itemgap>
			<control type="button" id="1000">
				<include>DialogContext_Button</include>
			</control>		
			<control type="button" id="1030">
				<include>DialogContext_Button</include>
				<onleft>Dialog.Close(106)</onleft>
				<onright>Dialog.Close(106)</onright>
				<onclick>RunScript(script.libraryeditor,DBID=$INFO[ListItem.DBID])</onclick>
				<label>31671</label>
				<visible>System.HasAddon(script.libraryeditor) + [Container.Content(movies) | Container.Content(episodes) | Container.Content(albums) | Container.Content(songs)]</visible>
			</control>
			<control type="button" id="1031">
				<include>DialogContext_Button</include>
				<onleft>Dialog.Close(106)</onleft>
				<onright>Dialog.Close(106)</onright>
				<onclick>PlayMedia($INFO[ListItem.Trailer])</onclick>
				<label>31945</label>
				<visible>!String.IsEmpty(ListItem.Trailer)</visible>
			</control>
			<control type="button" id="1032">
				<include>DialogContext_Button</include>
				<onleft>Dialog.Close(106)</onleft>
				<onright>Dialog.Close(106)</onright>
				<onclick>ActivateWindow(111)</onclick>
				<label>31243</label>
			</control>
			<control type="button" id="1033">
				<include>DialogContext_Button</include>
				<onleft>Dialog.Close(106)</onleft>
				<onright>Dialog.Close(106)</onright>
				<onclick>RunScript(script.trakt,action=contextmenu)</onclick>
				<label>trakt</label>
				<visible>System.HasAddon(script.trakt)</visible>
			</control>
		</control>
	</controls>
</window>
