<?xml version="1.0" encoding="UTF-8"?>
<window>
	<!-- KBK Multimedia Center -->
	<controls>
		<control type="group">
			<visible>![System.HasAddon(script.cinemavision) + !String.IsEmpty(Window(Home).Property(script.cinemavision.running))]</visible>
			<include>animation_topdialogpopup</include>
			<include>Dialogs_Bar</include>
			<control type="label">
				<include>Dialogs_Label1</include>
				<label>10213</label>
			</control>
			<control type="label">
				<include>Dialogs_Label2</include>
				<label>31461</label>
			</control>
		</control>
	</controls>
</window>
