<?xml version="1.0" encoding="UTF-8"?>
<window>
	<!-- KBK Multimedia Center -->
	<defaultcontrol always="true">5</defaultcontrol>
	<coordinates>
		<system>1</system>
		<left>0</left>
		<top>0</top>
	</coordinates>
	<controls>
		<control type="group">
			<include>animation_dialogpopup</include>
			<control type="image">
				<left>165</left>
				<top>0</top>
				<width>45</width>
				<height>1080</height>
				<texture flipx="true">shadow.png</texture>
				<colordiffuse>C3FFFFFF</colordiffuse>
			</control>
			<control type="image">
				<left>1710</left>
				<top>0</top>
				<width>45</width>
				<height>1080</height>
				<texture>shadow.png</texture>
				<colordiffuse>C3FFFFFF</colordiffuse>
			</control>
			<control type="image">
				<left>210</left>
				<top>0</top>
				<width>1500</width>
				<height>1080</height>
				<texture>$VAR[texture_base]</texture>
				<colordiffuse>$INFO[skin.string(colortexture)]</colordiffuse>
				<include>animation_defaultglass</include>
			</control>
			<control type="image">
				<left>210</left>
				<top>0</top>
				<width>1500</width>
				<height>120</height>
				<texture>black.png</texture>
				<colordiffuse>90FFFFFF</colordiffuse>
			</control>
			<control type="label" id="2">
				<!-- header -->
				<left>322</left>
				<top>34</top>
				<width>1278</width>
				<height>45</height>
				<label>587</label>
				<font>font_titlesettings</font>
				<textcolor>FFF8F8F8</textcolor>
				<align>center</align>
				<aligny>center</aligny>
				<include>animation_fade</include>
			</control>
			<control type="grouplist" id="5">
				<description>control area</description>
				<left>210</left>
				<top>150</top>
				<width>1500</width>
				<height>900</height>
				<itemgap>0</itemgap>
				<pagecontrol></pagecontrol>
				<onup>9001</onup>
				<ondown>9001</ondown>
				<onleft>9001</onleft>
				<onright>9001</onright>
			</control>
			<control type="button" id="7"></control>
			<control type="radiobutton" id="8">
				<radioposx>1341</radioposx>
			</control>
			<control type="spincontrolex" id="9">
				<spinposx>26</spinposx>
			</control>
			<control type="sliderex" id="13"></control>
			<control type="edit" id="12"></control>
			<control type="image">
				<left>210</left>
				<top>900</top>
				<height>60</height>
				<width>1500</width>
				<texture>black.png</texture>
				<colordiffuse>90FFFFFF</colordiffuse>
			</control>
			<control type="grouplist" id="9001">
				<left>210</left>
				<top>900</top>
				<onup>5</onup>
				<ondown>5</ondown>
				<orientation>horizontal</orientation>
				<control type="button" id="28">
					<!-- OK -->
					<width>750</width>
					<include>SettingsBottomButton</include>
					<label>$LOCALIZE[186]</label>
				</control>
				<control type="button" id="27">
					<!-- Clear -->
					<width>750</width>
					<include>SettingsBottomButton</include>
					<label>192</label>
				</control>
			</control>
		</control>
	</controls>
</window>
