<?xml version="1.0" encoding="UTF-8"?>
<window>
	<!-- KBK Multimedia Center -->
	<controls>
		<control type="group">
			<include>animation_topdialogpopup</include>
			<include>Dialogs_Bar</include>
			<visible>!Player.Muted</visible>
			<control type="progress" id="20">
				<left>450</left>
				<top>6</top>
				<width>1020</width>
				<height>30</height>
				<info>Player.Volume</info>
				<visible>!player.passthrough</visible>
			</control>
			<control type="label">
				<include>Dialogs_Label1</include>
				<label>$LOCALIZE[31754]</label>
				<visible>!player.passthrough</visible>
			</control>
			<control type="label">
				<include>Dialogs_Label2</include>
				<label>$INFO[Player.Volume]</label>
				<visible>!player.passthrough</visible>
			</control>
			<control type="label">
				<width>1350</width>
				<include>Dialogs_Label1</include>
				<label>[COLOR=$INFO[skin.string(colorheader)]]$LOCALIZE[31754][/COLOR][COLOR=80ffffff] | [/COLOR]$LOCALIZE[29802]</label>
				<visible>player.passthrough</visible>
			</control>
		</control>
		 <control type="group">
			<include>animation_topdialogpopup</include>
			<visible>Player.Muted</visible>
			 <control type="image">
                <left>1815</left>
                <top>-8</top>
                <width>100</width>
                <height>100</height>
				<aspectratio>keep</aspectratio>
                <texture>scrolllabel_back.png</texture>
            </control>
            <control type="image">
                <left>1830</left>
                <top>4</top>
                <width>75</width>
                <height>75</height>
                <aspectratio>keep</aspectratio>
                <texture colordiffuse="fffffaf0">volume_mute.png</texture>
            </control>
        </control>  
	</controls>
</window>
