<?xml version="1.0" encoding="UTF-8"?>
<window>
	<!-- KBK Multimedia Center -->
	<defaultcontrol>11</defaultcontrol>
	<coordinates>
		<system>1</system>
		<left>0</left>
		<top>0</top>
	</coordinates>
	<include>animation_dialogpopup</include>
	<controls>
		<control type="group">
			<left>326</left>
			<top>285</top>
			<width>1270</width>
			<height>492</height>
			<visible>!Window.IsVisible(contentsettings)</visible>
			<control type="image">
				<left>0</left>
				<top>0</top>
				<width>1270</width>
				<height>1</height>
				<texture>grey.png</texture>
			</control>
			<control type="image">
				<left>0</left>
				<top>490</top>
				<width>1270</width>
				<height>1</height>
				<texture>grey.png</texture>
			</control>
			<control type="image">
				<left>-45</left>
				<top>0</top>
				<width>45</width>
				<height>492</height>
				<texture flipx="true">shadow.png</texture>
				<colordiffuse>C3FFFFFF</colordiffuse>
			</control>
			<control type="image">
				<left>0</left>
				<top>0</top>
				<width>1270</width>
				<height>492</height>
				<texture>$VAR[texture_base]</texture>
				<colordiffuse>$INFO[skin.string(colortexture)]</colordiffuse>
			</control>
			<control type="image">
				<left>0</left>
				<top>70</top>
				<width>1023</width>
				<height>48</height>
				<texture>grey.png</texture>
				<animation effect="fade" start="100" end="30" time="0" condition="!Control.Hasfocus(10)">conditional</animation>
			</control>
			<control type="list" id="10">
				<left>60</left>
				<top>70</top>
				<width>908</width>
				<height>246</height>
				<onup>12</onup>
				<ondown>12</ondown>
				<onleft></onleft>
				<onright>SetFocus(11)</onright>
				<scrolltime>0</scrolltime>
				<itemlayout height="62">
					<control type="label">
						<left>8</left>
						<top>0</top>
						<width>908</width>
						<height>48</height>						
						<align>left</align>
						<aligny>center</aligny>						
						<info>ListItem.Label</info>
						<font>font_plot</font>
						<include>listcolor</include>
					</control>
				</itemlayout>
				<focusedlayout height="62">
					<control type="label">
						<left>8</left>
						<top>0</top>
						<width>908</width>
						<height>48</height>						
						<align>left</align>
						<aligny>center</aligny>						
						<info>ListItem.Label</info>
						<font>font_plot</font>
						<include>listcolorfocus</include>						
					</control>
				</focusedlayout>
			</control>
			<control type="image">
				<left>0</left>
				<top>58</top>
				<width>1023</width>
				<height>1</height>
				<texture>black.png</texture>
			</control>
			<control type="image">
				<left>0</left>
				<top>0</top>
				<width>1023</width>
				<height>60</height>
				<texture>$VAR[texture_base]</texture>
				<colordiffuse>$INFO[skin.string(colortexture)]</colordiffuse>
			</control>
			<!-- header -->
			<control type="label">				
				<left>15</left>
				<top>9</top>
				<width>1010</width>
				<height>42</height>
				<align>center</align>
				<aligny>center</aligny>
				<label>$LOCALIZE[1021]</label>
				<font>font_button</font>
				<textcolor>$INFO[skin.string(colorheader)]</textcolor>				
			</control>
			<!-- Options -->
			<control type="image">
				<left>980</left>
				<top>0</top>
				<width>45</width>
				<height>492</height>
				<texture flipx="true">shadow.png</texture>
				<colordiffuse>C3FFFFFF</colordiffuse>
			</control>
			<control type="image">
				<left>1269</left>
				<top>0</top>
				<width>45</width>
				<height>492</height>
				<texture>shadow.png</texture>
				<colordiffuse>C3FFFFFF</colordiffuse>
			</control>
			<control type="image">
				<left>1024</left>
				<top>0</top>
				<width>244</width>
				<height>492</height>
				<texture>$VAR[texture_base]</texture>
				<colordiffuse>$INFO[skin.string(colortext)]</colordiffuse>
			</control>
			<control type="grouplist" id="9000">
				<left>1024</left>
				<top>63</top>
				<!-- Procurar -->
				<control type="button" id="11">
					<include>SettingsDialogButton</include>
					<label>$LOCALIZE[1024]</label>
					<onleft>SetFocus(4057)</onleft>
					<onright>SetFocus(4057)</onright>
				</control>
				<!-- Add -->
				<control type="button" id="13">
					<include>SettingsDialogButton</include>
					<label>$LOCALIZE[15019]</label>
				</control>
				<!-- Remover -->
				<control type="button" id="14">
					<include>SettingsDialogButton</include>
					<label>$LOCALIZE[1210]</label>
				</control>
				<!-- Cancelar -->
				<control type="button" id="19">
					<include>SettingsDialogButton</include>
					<label>$LOCALIZE[222]</label>
					<align>left</align>
				</control>
				<!-- OK -->
				<control type="button" id="18">
					<include>SettingsDialogButton</include>
					<label>$LOCALIZE[186]</label>
					<onleft>SetFocus(4058)</onleft>
					<onright>SetFocus(4058)</onright>
				</control>
			</control>
			<control type="button" id="4057">
				<include>invisible</include>
				<onfocus>SetFocus(10)</onfocus>
			</control>
			<control type="button" id="4058">
				<include>invisible</include>
				<onfocus>SetFocus(12)</onfocus>
			</control>
			<control type="image">
				<left>0</left>
				<top>388</top>
				<width>1023</width>
				<height>1</height>
				<texture>black.png</texture>
			</control>
			<!-- header folder name -->
			<control type="label">
				<left>15</left>
				<top>348</top>
				<width>1010</width>
				<height>42</height>
				<align>center</align>
				<aligny>center</aligny>
				<label>31349</label>
				<font>font_button</font>
				<textcolor>$INFO[skin.string(colorheader)]</textcolor>				
			</control>
			<control type="image">
				<left>0</left>
				<top>398</top>
				<width>1023</width>
				<height>42</height>
				<texture>grey.png</texture>
				<animation effect="fade" start="100" end="30" time="0" condition="!Control.Hasfocus(12)">conditional</animation>
			</control>
			<!-- Nome -->
			<control type="edit" id="12">
				<left>27</left>
				<top>398</top>
				<width>980</width>
				<height>42</height>
				<font>font_button</font>
				<align>center</align>
				<aligny>center</aligny>
				<texturefocus></texturefocus>
				<texturenofocus></texturenofocus>
				<label></label>
				<onup>10</onup>
				<onleft>18</onleft>
				<onright>18</onright>
				<ondown>10</ondown>
			</control>
		</control>
	</controls>
</window>
