<?xml version="1.0" encoding="UTF-8"?>
<window>
	<!-- KBK Multimedia Center -->
	<defaultcontrol always="true">9000</defaultcontrol>
	<controls>
		<include>settings_fanart</include>
		<control type="group">
			<!-- default group -->
			<include>animation_window</include>
			<include>settings_furniture</include>
			<!--#######################################################################   MENU DA ESQUERDA   #######################################################################-->
			<include>Date</include>
			<control type="label">
				<include>SettingsLeftTitle</include>
				<label>31202</label>
			</control>
			<control type="grouplist" id="9000">
				<left>0</left>
				<top>180</top>
				<width>450</width>
				<height>990</height>
				<orientation>vertical</orientation>
				<itemgap>0</itemgap>
				<!-- instalar/desinstalar -->
				<control type="togglebutton" id="6">
					<include>SettingsButton</include>
					<selected>ListItem.Property(addon.isinstalled) | !Window.IsActive(addonbrowser)</selected>
				</control>
				<!-- ativar/desativar -->
				<control type="togglebutton" id="7">
					<include>SettingsButton</include>
					<selected>!String.StartsWith(Control.GetLabel(7),$LOCALIZE[24022]) | !Window.IsActive(addonbrowser)</selected>
				</control>
				<!-- executar -->
				<control type="button" id="12">
					<label>$LOCALIZE[518]</label>
					<include>SettingsButton</include>
				</control>
				<!-- ajustes -->
				<control type="button" id="9">
					<label>$LOCALIZE[24020]</label>
					<include>SettingsButton</include>
				</control>
				<!-- atualizar -->
				<control type="button" id="8">
					<label>$LOCALIZE[24069]</label>
					<include>SettingsButton</include>
				</control>
				<!-- auto atualizar -->
				<control type="radiobutton" id="13">
					<radioposx>350</radioposx>
					<label>$LOCALIZE[24069]</label>
					<include>SettingsButton</include>
				</control>				
				<!-- dependencias -->
				<control type="button" id="10">
					<label>$LOCALIZE[39024]</label>
					<include>SettingsButton</include>
				</control>
			</control>
			<!--#######################################################################   MENU DA DIREITA   #######################################################################-->
			<control type="label">
				<include>SettingsRightTitle</include>
				<label>$INFO[ListItem.AddonName]</label>
			</control>
			<control type="grouplist">
				<animation effect="fade" reversible="true" time="150">VisibleChange</animation>
				<left>520</left>
				<top>180</top>
				<width>1466</width>
				<height>741</height>
				<itemgap>0</itemgap>
				<!-- Tipo -->
				<control type="label">
					<width>600</width>
					<height>38</height>
					<align>left</align>
					<aligny>center</aligny>
					<label>[COLOR=$INFO[skin.string(colorheader)]]$LOCALIZE[146][/COLOR] $INFO[ListItem.AddonType]</label>
					<font>font_settings</font>
				</control>
				<!-- Autor -->
				<control type="label">
					<width>600</width>
					<height>38</height>
					<align>left</align>
					<aligny>center</aligny>
					<label>[COLOR=$INFO[skin.string(colorheader)]]$LOCALIZE[21863][/COLOR] $INFO[ListItem.AddonCreator]</label>
					<font>font_settings</font>
				</control>
				<!-- Versao -->
				<control type="label">
					<width>600</width>
					<height>38</height>
					<align>left</align>
					<aligny>center</aligny>
					<label>[COLOR=$INFO[skin.string(colorheader)]]$LOCALIZE[24051][/COLOR] $INFO[ListItem.AddonVersion]</label>
					<font>font_settings</font>
				</control>
			</control>
			<!-- Sumario -->
			<control type="label">
				<left>520</left>
				<top>340</top>
				<width>600</width>
				<height>38</height>
				<align>left</align>
				<aligny>center</aligny>
				<label>$LOCALIZE[20037]</label>
				<font>font_settings</font>
				<textcolor>$INFO[skin.string(colorheader)]</textcolor>
			</control>
			<!-- Sumario -->
			<control type="textbox">
				<left>520</left>
				<top>375</top>
				<width>1300</width>
				<height>340</height>
				<label>$INFO[ListItem.AddonSummary]</label>
				<font>font_plot</font>
				<autoscroll delay="10000" time="2000" repeat="10000">!Skin.HasSetting(noallowscroll)</autoscroll>
			</control>
			<!-- Painel de info no rodape -->
			<control type="image">
				<left>454</left>
				<top>645</top>
				<width>1466</width>
				<height>8</height>
				<texture>grey.png</texture>
				<colordiffuse>$INFO[skin.string(colortexture)]</colordiffuse>
			</control>
			<control type="image">
				<left>454</left>
				<top>653</top>
				<width>1466</width>
				<height>374</height>
				<texture>grey.png</texture>
				<colordiffuse>80FFFFFF</colordiffuse>
			</control>
			<!-- Fundo borda -->
			<control type="image">
				<left>510</left>
				<top>650</top>
				<width>380</width>
				<height>380</height>
				<texture>musicframe.png</texture>
			</control>
			<control type="image">
				<left>529</left>
				<top>668</top>
				<width>343</width>
				<height>343</height>
				<texture fallback="DefaultAddon.png" background="true">$INFO[ListItem.Icon]</texture>
				<aspectratio>keep</aspectratio>
			</control>
			<control type="textbox" id="401">
				<left>920</left>
				<top>665</top>
				<width>925</width>
				<height>340</height>
				<label>$INFO[ListItem.AddonDescription]</label>
				<font>font_plot</font>
				<autoscroll delay="10000" time="2000" repeat="10000">!Skin.HasSetting(noallowscroll)</autoscroll>
			</control>
			<control type="image">
				<left>454</left>
				<top>653</top>
				<width>1466</width>
				<height>374</height>
				<texture>osd_glass.png</texture>
				<colordiffuse>90FFFFFF</colordiffuse>
			</control>
		</control>
		<include>RSS</include>
		<include>background_black</include>
	</controls>
</window>
