<?xml version="1.0" encoding="UTF-8"?>
<window>
	<!-- KBK Multimedia Center -->
	<defaultcontrol always="true">20</defaultcontrol>
	<coordinates>
		<system>1</system>
	</coordinates>
	<controls>
		<control type="group">
			<include>animation_dialogpopup</include>
			<control type="image">
				<left>0</left>
				<top>0</top>
				<width>1920</width>
				<height>1080</height>
				<texture>black.png</texture>
				<colordiffuse>C3FFFFFF</colordiffuse>
				<include>animation_fade</include>
			</control>
			<control type="image">
				<left>165</left>
				<top>0</top>
				<width>45</width>
				<height>1080</height>
				<texture flipx="true">shadow.png</texture>
				<colordiffuse>C3FFFFFF</colordiffuse>
			</control>
			<control type="image">
				<left>1710</left>
				<top>0</top>
				<width>45</width>
				<height>1080</height>
				<texture>shadow.png</texture>
				<colordiffuse>C3FFFFFF</colordiffuse>
			</control>
			<control type="image">
				<left>210</left>
				<top>0</top>
				<width>1500</width>
				<height>1080</height>
				<texture>$VAR[texture_base]</texture>
				<colordiffuse>$INFO[skin.string(colortexture)]</colordiffuse>
				<animation effect="fade" end="85" condition="true">Conditional</animation>
			</control>
			<control type="image">
				<left>210</left>
				<top>0</top>
				<width>1500</width>
				<height>120</height>
				<texture>black.png</texture>
				<colordiffuse>90FFFFFF</colordiffuse>
			</control>
			<control type="label">
				<left>322</left>
				<top>34</top>
				<width>1278</width>
				<height>45</height>
				<label>$LOCALIZE[19199] - $LOCALIZE[19023]</label>
				<font>font_titlesettings</font>
				<textcolor>FFF8F8F8</textcolor>
				<align>center</align>
				<aligny>center</aligny>
				<include>animation_fade</include>
				<visible>String.IsEmpty(Window.Property(IsRadio))</visible>
			</control>
			<control type="label">
				<left>322</left>
				<top>34</top>
				<width>1278</width>
				<height>45</height>
				<label>$LOCALIZE[19199] - $LOCALIZE[19024]</label>
				<font>font_titlesettings</font>
				<textcolor>FFF8F8F8</textcolor>
				<align>center</align>
				<aligny>center</aligny>
				<include>animation_fade</include>
				<visible>!String.IsEmpty(Window.Property(IsRadio))</visible>
			</control>
			<control type="image">
				<left>900</left>
				<top>150</top>
				<width>52</width>
				<height>660</height>
				<texture>grey.png</texture>
				<colordiffuse>20FFFFFF</colordiffuse>
			</control>
			<control type="list" id="20">
				<left>210</left>
				<top>150</top>
				<width>750</width>
				<height>660</height>
				<onup>20</onup>
				<ondown>20</ondown>
				<onleft>60</onleft>
				<onright>9002</onright>
				<pagecontrol>60</pagecontrol>
				<scrolltime>200</scrolltime>
				<itemgap>0</itemgap>
				<itemlayout height="45" width="750">
					<control type="image">
						<left>45</left>
						<top>3</top>
						<width>39</width>
						<height>39</height>
						<texture fallback="DefaultVideoCover.png" background="true">$INFO[ListItem.Property(Icon)]</texture>
						<visible>ListItem.Property(ActiveChannel)</visible>
					</control>
					<control type="image">
						<left>45</left>
						<top>3</top>
						<width>39</width>
						<height>39</height>
						<colordiffuse>50FFFAF0</colordiffuse>
						<texture fallback="DefaultVideoCover.png" background="true">$INFO[ListItem.Property(Icon)]</texture>
						<visible>!ListItem.Property(ActiveChannel)</visible>
					</control>
					<control type="label">
						<left>98</left>
						<top>0</top>
						<width>585</width>
						<height>45</height>
						<font>font_button</font>
						<align>left</align>
						<aligny>center</aligny>
						<textcolor>FFF8F8F8</textcolor>
						<selectedcolor>$INFO[skin.string(colorheader)]</selectedcolor>
						<label>$INFO[ListItem.Property(Number),(,) - ]$INFO[ListItem.Property(Name)]</label>
						<visible>ListItem.Property(ActiveChannel)</visible>
					</control>
					<control type="label">
						<left>98</left>
						<top>0</top>
						<width>585</width>
						<height>45</height>
						<font>font_button</font>
						<align>left</align>
						<aligny>center</aligny>
						<textcolor>50FFFAF0</textcolor>
						<selectedcolor>$INFO[skin.string(colorheader)]</selectedcolor>
						<label>$INFO[ListItem.Property(Number),(,) - ]$INFO[ListItem.Property(Name)]</label>
						<visible>!ListItem.Property(ActiveChannel)</visible>
					</control>
					<control type="image">
						<left>702</left>
						<top>8</top>
						<width>33</width>
						<height>33</height>
						<texture>OverlayWatched.png</texture>
						<colordiffuse>$INFO[skin.string(colorheader)]</colordiffuse>
						<visible>ListItem.Property(Changed)</visible>
					</control>
				</itemlayout>
				<focusedlayout height="75" width="750">
					<control type="image">
						<left>0</left>
						<top>0</top>
						<width>750</width>
						<height>75</height>
						<texture>grey.png</texture>
						<animation effect="fade" start="100" end="50" time="50" condition="!Control.Hasfocus(20)">conditional</animation>
					</control>
					<control type="image">
						<left>45</left>
						<top>0</top>
						<width>75</width>
						<height>75</height>
						<texture>black.png</texture>
						<animation effect="fade" end="70" condition="true">Conditional</animation>
					</control>
					<control type="image">
						<left>52</left>
						<top>8</top>
						<width>60</width>
						<height>60</height>
						<texture fallback="DefaultVideoCover.png" background="true">$INFO[ListItem.Property(Icon)]</texture>
						<visible>ListItem.Property(ActiveChannel)</visible>
					</control>
					<control type="image">
						<left>52</left>
						<top>8</top>
						<width>60</width>
						<height>60</height>
						<colordiffuse>50FFFAF0</colordiffuse>
						<texture fallback="DefaultVideoCover.png" background="true">$INFO[ListItem.Property(Icon)]</texture>
						<visible>!ListItem.Property(ActiveChannel)</visible>
					</control>
					<control type="label">
						<left>135</left>
						<top>1</top>
						<width>548</width>
						<height>45</height>
						<font>font_list</font>
						<align>left</align>
						<aligny>center</aligny>
						<textcolor>E0101010</textcolor>
						<selectedcolor>$INFO[skin.string(colorheader)]</selectedcolor>
						<label>$INFO[ListItem.Property(Number),(,) - ]$INFO[ListItem.Property(Name)]</label>
						<visible>ListItem.Property(ActiveChannel)</visible>
					</control>
					<control type="label">
						<left>135</left>
						<top>1</top>
						<width>548</width>
						<height>45</height>
						<font>font_list</font>
						<align>left</align>
						<aligny>center</aligny>
						<textcolor>50101010</textcolor>
						<selectedcolor>$INFO[skin.string(colorheader)]</selectedcolor>
						<label>$INFO[ListItem.Property(Number),(,) - ]$INFO[ListItem.Property(Name)]</label>
						<visible>!ListItem.Property(ActiveChannel)</visible>
					</control>
					<control type="label">
						<left>135</left>
						<top>33</top>
						<width>548</width>
						<height>45</height>
						<font>font_plot</font>
						<align>left</align>
						<aligny>center</aligny>
						<textcolor>E0101010</textcolor>
						<selectedcolor>$INFO[skin.string(colorheader)]</selectedcolor>
						<label>$LOCALIZE[19210]: $INFO[ListItem.Property(ClientName)]</label>
					</control>
					<control type="image">
						<left>702</left>
						<top>8</top>
						<width>33</width>
						<height>33</height>
						<texture>OverlayWatched.png</texture>
						<colordiffuse>$INFO[skin.string(colorheader)]</colordiffuse>
						<visible>ListItem.Property(Changed)</visible>
					</control>
				</focusedlayout>
			</control>
			<control type="scrollbar" id="60">
				<include>ScrollBar_Vertical</include>
				<left>210</left>
				<top>150</top>
				<height>663</height>
				<onleft>4</onleft>
				<onright>20</onright>
				<ondown>60</ondown>
				<onup>60</onup>
			</control>
			<control type="label">
				<left>225</left>
				<top>832</top>
				<width>600</width>
				<height>30</height>
				<font>font_button</font>
				<align>left</align>
				<aligny>center</aligny>
				<scroll>true</scroll>
				<textcolor>$INFO[skin.string(colorheader)]</textcolor>
				<label>$INFO[Container(20).NumItems] $LOCALIZE[19019] - $LOCALIZE[31757] $INFO[Container(20).CurrentPage]/$INFO[Container(20).NumPages]</label>
			</control>
			<control type="group" id="9002">
				<control type="group">
					<left>960</left>
					<top>150</top>
					<control type="label">
						<left>45</left>
						<top>15</top>
						<width>750</width>
						<height>30</height>
						<font>font_button</font>
						<textcolor>$INFO[skin.string(colorheader)]</textcolor>
						<label>$LOCALIZE[31763] - $LOCALIZE[31011]</label>
					</control>
					<control type="radiobutton" id="7">
						<!-- Channel activated -->
						<textoffsetx>60</textoffsetx>
						<include>PVRSearchButton</include>
						<left>0</left>
						<top>52</top>
						<label>19074</label>
						<onleft>20</onleft>
						<onright>4</onright>
						<onup>9000</onup>
						<ondown>8</ondown>
					</control>
					<control type="edit" id="8">
						<!-- Channel name -->
						<textoffsetx>60</textoffsetx>
						<include>PVRSearchButton</include>
						<left>0</left>
						<top>98</top>
						<label>19201</label>
						<onright>4</onright>
						<onleft>20</onleft>
						<onup>7</onup>
						<ondown>9</ondown>
					</control>
					<control type="button" id="9">
						<!-- Channel logo -->
						<textoffsetx>60</textoffsetx>
						<include>PVRSearchButton</include>
						<left>0</left>
						<top>142</top>
						<label>19202</label>
						<onleft>20</onleft>
						<onright>4</onright>
						<onup>8</onup>
						<ondown>12</ondown>
					</control>
					<control type="image">
						<left>638</left>
						<top>142</top>
						<width>52</width>
						<height>45</height>
						<texture>black.png</texture>
						<animation effect="fade" end="70" condition="true">Conditional</animation>
						<visible>Control.HasFocus(9)</visible>
					</control>
					<control type="image" id="10">
						<left>645</left>
						<top>146</top>
						<width>39</width>
						<height>39</height>
						<aspectratio>keep</aspectratio>
						<texture fallback="DefaultVideoCover.png" background="true">$INFO[ListItem.Property(Icon)]</texture>
					</control>
					<control type="radiobutton" id="12">
						<!-- EPG activated -->
						<textoffsetx>60</textoffsetx>
						<include>PVRSearchButton</include>
						<left>0</left>
						<top>188</top>
						<label>19206</label>
						<onleft>20</onleft>
						<onright>4</onright>
						<onup>9</onup>
						<ondown>13</ondown>
					</control>
					<control type="spincontrolex" id="13">
						<!-- EPG source -->
						<textoffsetx>60</textoffsetx>
						<include>PVRSearchButton</include>
						<left>0</left>
						<top>232</top>
						<label>19200</label>
						<onright>4</onright>
						<onleft>20</onleft>
						<onup>12</onup>
						<ondown>14</ondown>
					</control>
					<control type="radiobutton" id="14">
						<!-- Parental locked -->
						<textoffsetx>60</textoffsetx>
						<include>PVRSearchButton</include>
						<left>0</left>
						<top>278</top>
						<label>19267</label>
						<onleft>20</onleft>
						<onright>4</onright>
						<onup>13</onup>
						<ondown>30</ondown>
					</control>
				</control>
				<control type="grouplist">
					<left>960</left>
					<top>495</top>
					<onup>14</onup>
					<ondown>7</ondown>
					<onleft>60</onleft>
					<onright>9000</onright>
					<itemgap>8</itemgap>
					<animation effect="slide" start="0,0" end="0,68" time="0" condition="!Control.IsVisible(31)">Conditional</animation>
					<control type="label" id="9003">
						<left>45</left>
						<top>8</top>
						<width>570</width>
						<height>30</height>
						<font>font_button</font>
						<textoffsetx>45</textoffsetx>
						<textcolor>$INFO[skin.string(colorheader)]</textcolor>
						<label>$LOCALIZE[31375]</label>
					</control>
					<control type="button" id="31">
						<!-- New Channel -->
						<textoffsetx>60</textoffsetx>
						<include>PVRSearchButton</include>
						<left>0</left>
						<top>45</top>
						<label>19204</label>
					</control>
					<control type="button" id="30">
						<!-- Group Manager -->
						<textoffsetx>60</textoffsetx>
						<include>PVRSearchButton</include>
						<left>0</left>
						<top>45</top>
						<label>19205</label>
					</control>
					<control type="button" id="34">
						<!-- TV/Radio -->
						<textoffsetx>60</textoffsetx>
						<include>PVRSearchButton</include>
						<left>334</left>
						<top>45</top>
						<label>19024</label>
						<visible>String.IsEmpty(Window.Property(IsRadio))</visible>
					</control>
				</control>
			</control>
			<control type="image">
				<left>960</left>
				<top>123</top>
				<width>3</width>
				<height>687</height>
				<texture>separator_v.png</texture>
			</control>
			<control type="image">
				<left>210</left>
				<top>900</top>
				<height>60</height>
				<width>1500</width>
				<texture>black.png</texture>
				<colordiffuse>90FFFFFF</colordiffuse>
			</control>
			<control type="grouplist" id="9000">
				<left>210</left>
				<top>900</top>
				<onup>9</onup>
				<ondown>9</ondown>
				<orientation>horizontal</orientation>
				<itemgap>0</itemgap>
				<control type="button" id="4">
					<!-- OK -->
					<width>500</width>
					<include>SettingsBottomButton</include>
					<label>$LOCALIZE[186]</label>
				</control>
				<control type="button" id="5">
					<!-- Aplicar -->
					<width>500</width>
					<include>SettingsBottomButton</include>
					<label>14070</label>
				</control>
				<control type="button" id="6">
					<!-- Cancelar -->
					<width>500</width>
					<include>SettingsBottomButton</include>
					<label>$LOCALIZE[222]</label>
				</control>
			</control>
		</control>
	</controls>
</window>
