<?xml version="1.0" encoding="UTF-8"?>
<window>
	<!-- KBK Multimedia Center -->
	<defaultcontrol>3</defaultcontrol>
	<controls>
		<include>settings_fanart</include>
		<!-- default group -->
		<control type="group">
			<include>animation_window</include>
			<include>settings_furniture</include>
			<!-- MENU DA ESQUERDA -->
			<include>Date</include>
			<control type="label">
				<include>SettingsLeftTitle</include>
				<label>31202</label>
			</control>
			<control type="grouplist" id="3">
				<left>0</left>
				<top>180</top>
				<width>450</width>
				<height>990</height>
				<orientation>vertical</orientation>
				<itemgap>0</itemgap>
				<onup>3</onup>
				<ondown>3</ondown>
				<onleft>18</onleft>
				<onright>5</onright>
			</control>
			<control type="button" id="10">
				<include>SettingsButton</include>
			</control>
			<!-- MENU DA DIREITA -->
			<control type="label">
				<include>SettingsRightTitle</include>
				<label>35059</label>
			</control>
			<control type="grouplist" id="5">
				<left>454</left>
				<top>180</top>
				<width>1046</width>
				<height>420</height>
				<itemgap>0</itemgap>
				<pagecontrol>61</pagecontrol>
				<onleft>3</onleft>
				<onright>61</onright>
			</control>
			<control type="button" id="7"></control>
			<control type="label" id="8">
				<textoffsetx>75</textoffsetx>
				<height>60</height>
				<font>font_header</font>
				<label></label>
				<textcolor>$INFO[skin.string(colorheader)]</textcolor>
				<align>left</align>
				<aligny>center</aligny>
			</control>
			<control type="scrollbar" id="61">
				<include>ScrollBar_Vertical</include>
				<left>1460</left>
				<top>183</top>
				<height>412</height>
				<onleft>5</onleft>
				<onright>18</onright>
			</control>
			<!-- botoes do rodape -->
			<control type="image">
				<left>454</left>
				<top>959</top>
				<width>1466</width>
				<height>8</height>
				<texture>grey.png</texture>
				<colordiffuse>$INFO[skin.string(colortexture)]</colordiffuse>
			</control>
			<control type="image">
				<left>454</left>
				<top>967</top>
				<width>1466</width>
				<height>60</height>
				<texture>$VAR[texture_base]</texture>
				<colordiffuse>$INFO[skin.string(colortexture)]</colordiffuse>
				<animation effect="fade" end="65" condition="true">Conditional</animation>
			</control>
			<control type="image">
				<left>1500</left>
				<top>171</top>
				<width>420</width>
				<height>480</height>				
				<texture colordiffuse="A4303030">black.png</texture>
			</control>
			<control type="image">
				<left>1500</left>
				<top>171</top>
				<width>4</width>
				<height>480</height>
				<texture>$VAR[texture_base]</texture>
				<colordiffuse>$INFO[skin.string(colortexture)]</colordiffuse>
			</control>			
			<control type="grouplist" id="9000">
				<left>1504</left>
				<top>180</top>
				<itemgap>0</itemgap>
				<onleft>5</onleft>
				<onright>5</onright>
				<orientation>vertical</orientation>
				<control type="button" id="18">
					<width>416</width>
					<include>SettingsBottomButton</include>					
					<label>$LOCALIZE[186]</label>
				</control>
				<control type="button" id="19">
					<width>416</width>
					<include>SettingsBottomButton</include>
					<label>$LOCALIZE[10035]</label>
				</control>
				<control type="button" id="20">
					<width>416</width>
					<include>SettingsBottomButton</include>
					<label>$LOCALIZE[21452]</label>
				</control>
				<control type="button" id="22">
					<width>416</width>
					<include>SettingsBottomButton</include>
					<label>$LOCALIZE[35021]</label>
				</control>
				<control type="button" id="17">
					<width>416</width>
					<include>SettingsBottomButton</include>
					<label>$LOCALIZE[10043]</label>
				</control>
				<control type="button" id="21">
					<width>416</width>
					<include>SettingsBottomButton</include>
					<label>$LOCALIZE[35019]</label>
				</control>
			</control>			
			<!-- Painel de info no rodape -->
			<control type="image">
				<left>454</left>
				<top>645</top>
				<width>1466</width>
				<height>8</height>
				<texture>grey.png</texture>
				<colordiffuse>$INFO[skin.string(colortexture)]</colordiffuse>
			</control>
			<control type="image">
				<left>454</left>
				<top>653</top>
				<width>1466</width>
				<height>374</height>
				<texture>grey.png</texture>
				<colordiffuse>80ffffff</colordiffuse>
			</control>
			<!-- Fundo borda -->
			<control type="image">
				<left>510</left>
				<top>650</top>
				<width>380</width>
				<height>380</height>
				<texture>musicframe.png</texture>
			</control>
			<control type="gamecontroller" id="31">
				<left>529</left>
				<top>668</top>
				<width>343</width>
				<height>343</height>
				<aspectratio align="left" aligny="bottom">keep</aspectratio>
				<fadetime>commonfadetime</fadetime>
			</control>
			<control type="textbox" id="32">
				<left>920</left>
				<top>665</top>
				<width>925</width>
				<height>340</height>
				<textcolor>e0101010</textcolor>
				<font>font_plot</font>
				<autoscroll delay="10000" time="2000" repeat="10000">!Skin.HasSetting(noallowscroll)</autoscroll>
			</control>
			<control type="image">
				<left>454</left>
				<top>653</top>
				<width>1466</width>
				<height>374</height>
				<texture>osd_glass.png</texture>
				<colordiffuse>90ffffff</colordiffuse>
			</control>
		</control>
	</controls>
</window>