<?xml version="1.0" encoding="UTF-8"?>
<window>
	<!-- KBK Multimedia Center -->
	<defaultcontrol always="true">149</defaultcontrol>
	<onload condition="System.HasAddon(script.videoextras)">RunScript(script.videoextras,check,"$INFO[ListItem.FilenameAndPath]")</onload>
	<controls>
		<!-- default group -->
		<control type="group">
			<include>animation_window</include>
			<include content="media_backgrounds">	
				<param name="left" value="0" />
				<param name="top" value="0" />
				<param name="width" value="1920" />
				<param name="height" value="1080" />
				<param name="visible" value="true" />
			</include>
			<!-- Controle drive externo -->
			<control type="label" id="556">
				<include>invisible</include>
				<label>$VAR[drive]</label>
			</control>
			<!-- Controle estudio -->
			<control type="image" id="557">
				<include>invisible</include>
				<texture>$INFO[ListItem.Studio,flags/studios/,.png]</texture>
			</control>
			<include>background_live</include>
			<control type="image">
				<left>0</left>
				<top>0</top>
				<height>225</height>
				<width>1920</width>
				<texture flipy="true">shadow_mask.png</texture>
				<colordiffuse>$INFO[skin.string(colortexture)]</colordiffuse>
				<animation effect="fade" end="85" condition="true">Conditional</animation>
			</control>
			<!-- Titulo -->
			<control type="label">
				<left>45</left>
				<top>12</top>
				<width>1380</width>
				<height>60</height>
				<font>font_title</font>
				<label>$VAR[videotitle]</label>
				<scroll>true</scroll>
			</control>
			<!-- Tagline -->
			<control type="label">
				<left>45</left>
				<top>75</top>
				<width>1380</width>
				<height>38</height>
				<font>font_subtitle</font>
				<label>$INFO[ListItem.Tagline]</label>
				<scroll>true</scroll>
			</control>
			<!-- Estrelas -->
			<control type="image">
				<left>1575</left>
				<top>18</top>
				<width>300</width>
				<height>30</height>
				<texture fallback="$VAR[styleratingstars,,0.png]">$VAR[styleratingstars]$INFO[ListItem.Rating,,.png]</texture>
				<aspectratio align="left" aligny="center">keep</aspectratio>
				<colordiffuse>$VAR[colorratingstars]</colordiffuse>
			</control>
			<control type="grouplist">
				<left>1475</left>
				<top>47</top>
				<itemgap>-5</itemgap>						
				<!-- Nota e votos -->
				<control type="label">
					<left>0</left>
					<top>0</top>
					<width>400</width>
					<height>38</height>
					<align>right</align>
					<aligny>center</aligny>
					<font>font_subtitle</font>
					<label>$INFO[ListItem.RatingAndVotes]</label>
				</control>
				<!-- Top250 -->
				<control type="label">
					<left>0</left>
					<top>0</top>
					<width>400</width>
					<height>38</height>
					<align>right</align>
					<aligny>center</aligny>
					<font>font_subtitle</font>
					<label>[B]$INFO[Window(home).Property(SkinHelper.ListItem.IMDB.Top250),Top250 - ][/B]</label>
					<textcolor>$INFO[skin.string(colorheader)]</textcolor>
					<animation effect="fade" time="200">Visible</animation>
					<animation effect="fade" time="0">Hidden</animation>
					<visible>!String.IsEqual(Window(home).Property(SkinHelper.ListItem.IMDB.Top250),0)</visible>
				</control>
			</control>
			<control type="image">
				<left>0</left>
				<top>120</top>
				<width>1920</width>
				<height>579</height>
				<texture>$VAR[texture_base]</texture>
				<colordiffuse>$INFO[skin.string(colortexture)]</colordiffuse>
				<animation effect="fade" start="100" end="75" time="0" condition="true">Conditional</animation>
			</control>
			<!-- Certificacao -->
			<control type="image">
				<left>45</left>
				<top>104</top>
				<height>120</height>
				<width>237</width>
				<align>center</align>
				<aligny>center</aligny>
				<aspectratio>keep</aspectratio>
				<texture>$VAR[mpaa]</texture>
				<colordiffuse>$INFO[skin.string(colorflags)]</colordiffuse>
			</control>
			<!-- Ano -->
			<control type="label">
				<left>330</left>
				<top>120</top>
				<height>60</height>
				<width>165</width>
				<align>left</align>
				<aligny>center</aligny>
				<font>font_list</font>
				<label>$INFO[ListItem.Year]</label>
			</control>
			<!-- Genero -->
			<control type="label">
				<left>330</left>
				<top>154</top>
				<height>60</height>
				<width>735</width>
				<align>left</align>
				<aligny>center</aligny>
				<font>font_plot</font>
				<label>$INFO[ListItem.Genre]</label>
				<scroll>true</scroll>
				<scrollout>false</scrollout>
			</control>
			<!-- Lista de botoes/info -->
			<control type="list" id="49">
				<left>30</left>
				<top>218</top>
				<width>1110</width>
				<height>495</height>
				<onleft>149</onleft>
				<onright>149</onright>
				<onup>149</onup>
				<ondown>149</ondown>
				<itemgap>0</itemgap>
				<pagecontrol></pagecontrol>
				<scrolltime>200</scrolltime>
				<itemlayout height="30">
					<control type="label">
						<left>-42</left>
						<top>0</top>
						<width>300</width>
						<height>30</height>
						<align>right</align>
						<aligny>center</aligny>
						<font>font_plot</font>
						<textcolor>$INFO[skin.string(colorheader)]</textcolor>
						<selectedcolor>$INFO[skin.string(colorheader)]</selectedcolor>
						<label>$INFO[ListItem.Label]</label>
						<scroll>true</scroll>
					</control>
					<control type="label">
						<left>300</left>
						<top>0</top>
						<width>735</width>
						<height>30</height>
						<align>left</align>
						<aligny>center</aligny>
						<font>font_plot</font>
						<selectedcolor>$INFO[skin.string(colortextfocused)]</selectedcolor>
						<label>$INFO[ListItem.Label2]</label>
						<scroll>true</scroll>
					</control>
				</itemlayout>
				<focusedlayout height="30">
					<control type="image">
						<left>285</left>
						<top>0</top>
						<width>765</width>
						<height>30</height>
						<texture>grey.png</texture>
						<visible>Control.HasFocus(49)</visible>
					</control>
					<control type="label">
						<left>-42</left>
						<top>0</top>
						<width>300</width>
						<height>30</height>
						<align>right</align>
						<aligny>center</aligny>
						<font>font_plot</font>
						<textcolor>$INFO[skin.string(colorheader)]</textcolor>
						<selectedcolor>$INFO[skin.string(colorheader)]</selectedcolor>
						<label>$INFO[ListItem.Label]</label>
					</control>
					<control type="label">
						<left>300</left>
						<top>0</top>
						<width>735</width>
						<height>30</height>
						<align>left</align>
						<aligny>center</aligny>
						<font>font_plot</font>
						<selectedcolor>$INFO[skin.string(colorheader)]</selectedcolor>
						<label>$INFO[ListItem.Label2]</label>
						<visible>!Control.HasFocus(49)</visible>
					</control>
					<control type="label">
						<left>300</left>
						<top>0</top>
						<width>735</width>
						<height>30</height>
						<align>left</align>
						<aligny>center</aligny>
						<font>font_plot</font>
						<textcolor>E0101010</textcolor>
						<selectedcolor>$INFO[skin.string(colorheader)]</selectedcolor>
						<label>$INFO[ListItem.Label2]</label>
						<visible>Control.HasFocus(49)</visible>
					</control>
				</focusedlayout>
				<content>
					<item>
						<!-- Original Title/Movies - Premiered/TvShows -->
						<label>$VAR[videoinfo_label1]</label>
						<label2>$VAR[videoinfo_value1]</label2>
						<onclick></onclick>
					</item>
					<item>
						<!-- Country -->
						<label>$LOCALIZE[574]</label>
						<label2>$INFO[ListItem.Country]</label2>
						<onclick></onclick>
						<visible>!String.IsEmpty(ListItem.Country)</visible>
					</item>
					<item>
						<!-- Director/Written -->
						<label>$LOCALIZE[20339]/$LOCALIZE[20417]</label>
						<label2>$INFO[ListItem.Director]$INFO[ListItem.Writer, / ]</label2>
						<onclick>SendClick(2003,13)</onclick>
						<visible>![String.IsEmpty(ListItem.Director) + String.IsEmpty(ListItem.Writer)]</visible>
					</item>
					<item>
						<!-- Studios -->
						<label>$LOCALIZE[572]</label>
						<label2>$INFO[ListItem.Studio]</label2>
						<onclick></onclick>
						<visible>!String.IsEmpty(ListItem.Studio)</visible>
					</item>
					<item>
						<!-- Duration -->
						<label>$LOCALIZE[180]</label>
						<label2>$INFO[ListItem.Duration]</label2>
						<onclick></onclick>
						<visible>!String.IsEmpty(ListItem.Duration)</visible>
					</item>
					<item>
						<!-- Audio Language -->
						<label>31179</label>
						<label2>$INFO[Window.Property(AudioLanguage.1)]$INFO[Window.Property(AudioLanguage.2), / ]$INFO[Window.Property(AudioLanguage.3), / ]$INFO[Window.Property(AudioLanguage.4), / ]$INFO[Window.Property(AudioLanguage.5), / ]$INFO[Window.Property(AudioLanguage.6), / ]$INFO[Window.Property(AudioLanguage.7), / ]$INFO[Window.Property(AudioLanguage.8), / ]$INFO[Window.Property(AudioLanguage.9), / ]$INFO[Window.Property(AudioLanguage.10), / ]</label2>
						<onclick></onclick>
						<visible>!String.IsEmpty(Window.Property(AudioLanguage.1))</visible>
					</item>
					<item>
						<!-- Subtitile Language -->
						<label>$LOCALIZE[287]</label>
						<label2>$INFO[Window.Property(SubtitleLanguage.1)]$INFO[Window.Property(SubtitleLanguage.2), / ]$INFO[Window.Property(SubtitleLanguage.3), / ]$INFO[Window.Property(SubtitleLanguage.4), / ]$INFO[Window.Property(SubtitleLanguage.5), / ]$INFO[Window.Property(SubtitleLanguage.6), / ]$INFO[Window.Property(SubtitleLanguage.7), / ]$INFO[Window.Property(SubtitleLanguage.8), / ]$INFO[Window.Property(SubtitleLanguage.9), / ]$INFO[Window.Property(SubtitleLanguage.10), / ]</label2>
						<onclick></onclick>
						<visible>!String.IsEmpty(Window.Property(SubtitleLanguage.1))</visible>
					</item>
					<item>
						<!-- Path -->
						<label>$LOCALIZE[573]</label>
						<label2>$INFO[ListItem.FilenameAndPath]</label2>
						<onclick></onclick>
						<visible>!String.IsEmpty(ListItem.FilenameAndPath)</visible>
					</item>
				</content>
			</control>
			<control type="image">
				<left>308</left>
				<top>120</top>
				<height>345</height>
				<width>2</width>
				<texture>separator_v.png</texture>
			</control>
			<control type="image">
				<left>0</left>
				<top>204</top>
				<height>2</height>
				<width>1080</width>
				<texture>separator.png</texture>
			</control>
			<control type="image">
				<left>0</left>
				<top>465</top>
				<height>2</height>
				<width>1480</width>
				<texture>separator.png</texture>
				<visible>!Container.Content(episodes)</visible>
			</control>
			<control type="image">
				<left>0</left>
				<top>465</top>
				<height>2</height>
				<width>1078</width>
				<texture>separator.png</texture>
				<visible>Container.Content(episodes)</visible>
			</control>
			<!-- Plot -->
			<control type="textbox">				
				<left>45</left>
				<top>480</top>
				<width>1402</width>
				<height>200</height>
				<align>justify</align>
				<font>font_plot</font>
				<label>$INFO[ListItem.Plot]</label>
				<autoscroll delay="15000" time="5000" repeat="15000">!Skin.HasSetting(noinfoplotscroll)</autoscroll>
				<visible>!Container.Content(episodes)</visible>
			</control>
			<!-- Plot -->
			<control type="textbox">				
				<left>45</left>
				<top>480</top>
				<width>990</width>
				<height>200</height>
				<align>justify</align>
				<font>font_plot</font>
				<label>$INFO[ListItem.Plot]</label>
				<autoscroll delay="15000" time="5000" repeat="15000">!Skin.HasSetting(noinfoplotscroll)</autoscroll>
				<visible>Container.Content(episodes)</visible>
			</control>
			<control type="image">
				<left>1080</left>
				<top>120</top>
				<width>2</width>
				<height>345</height>
				<texture>separator_v.png</texture>
				<visible>!Container.Content(episodes)</visible>
			</control>
			<!-- Logo -->
			<control type="image">				
				<left>1132</left>
				<top>105</top>
				<height>218</height>
				<width>285</width>
				<aspectratio>keep</aspectratio>
				<texture background="true">$VAR[videoinfoclearlogo]</texture>
				<visible>!Container.Content(episodes)</visible>
			</control>
			<!-- ClearArt -->
			<control type="image">				
				<left>1132</left>
				<top>261</top>
				<height>248</height>
				<width>285</width>
				<aspectratio align="center">keep</aspectratio>
				<texture background="true">$VAR[videoinfoclearart]</texture>
				<visible>!Container.Content(episodes)</visible>
			</control>
			<!-- Thumb -->
			<control type="image">				
				<left>1480</left>
				<top>123</top>
				<width>784</width>
				<height>573</height>
				<aspectratio align="left">keep</aspectratio>
				<texture background="true">$VAR[poster]</texture>
				<bordertexture border="-2">black.png</bordertexture>
				<animation effect="slide" end="-399,0" time="0" condition="Container.Content(episodes)">Conditional</animation>
			</control>
			<control type="image">
				<left>1479</left>
				<top>120</top>
				<width>2</width>
				<height>576</height>
				<texture>separator_v.png</texture>
				<animation effect="slide" end="-399,0" time="0" condition="Container.Content(episodes)">Conditional</animation>
			</control>
			<control type="image">
				<left>0</left>
				<top>120</top>
				<height>2</height>
				<width>1920</width>
				<texture>separator.png</texture>
			</control>
			<!-- Fundo do rodape -->
			<control type="image">				
				<left>0</left>
				<top>975</top>
				<width>1920</width>
				<height>105</height>
				<texture>shadow_mask.png</texture>
				<colordiffuse>$INFO[skin.string(colorfloor)]</colordiffuse>
			</control>
			<!-- Etiquetas -->
			<control type="image">
				<left>0</left>
				<top>1016</top>
				<height>64</height>
				<width>1920</width>
				<texture colordiffuse="cc505050">shadow_mask.png</texture>
				<visible>Skin.HasSetting(texture_white)</visible>
			</control>
			<control type="group">
				<animation effect="slide" start="0,450" end="0,0" time="500" tween="sine" easing="out">WindowOpen</animation>
				<animation effect="slide" start="0,450" end="0,0" time="500" tween="sine" easing="out">Visible</animation>
				<animation effect="slide" start="0,0" end="0,450" time="500" tween="sine" easing="in">Hidden</animation>
				<visible>Control.HasFocus(149)</visible>
				<include content="mediaflags_group">					
					<param name="left" value="30" />
					<param name="top" value="1016" />
					<param name="itemgap" value="5" />
				</include>
			</control>
			<!-- Nome do Elenco -->
			<control type="group">				
				<left>0</left>
				<top>1028</top>
				<animation effect="slide" start="0,450" end="0,0" time="500" tween="sine" easing="out">WindowOpen</animation>
				<animation effect="slide" start="0,450" end="0,0" time="500" tween="sine" easing="out">Visible</animation>
				<animation effect="slide" start="0,0" end="0,450" time="500" tween="sine" easing="in">Hidden</animation>
				<visible>Control.HasFocus(50)</visible>
				<control type="label">
					<left>45</left>
					<top>0</top>
					<width>600</width>
					<height>40</height>
					<align>left</align>
					<aligny>center</aligny>
					<font>font_plot</font>
					<label>31703</label>
					<textcolor>$INFO[skin.string(colorflags)]</textcolor>
				</control>
				<control type="label">
					<left>472</left>
					<top>0</top>
					<width>975</width>
					<align>center</align>
					<aligny>center</aligny>
					<font>font_list</font>
					<label>$INFO[Container(50).ListItem.Label]$INFO[Container(50).ListItem.Label2, $LOCALIZE[20347] ,]</label>
					<textcolor>$INFO[skin.string(colorflags)]</textcolor>
					<scroll>true</scroll>
				</control>
			</control>
			<control type="image">
				<left>0</left>
				<top>1020</top>
				<height>64</height>
				<width>1920</width>
				<texture>gradient_small.png</texture>
			</control>
			<!-- Cast -->
			<control type="image">				
				<left>0</left>
				<top>1018</top>
				<width>1928</width>
				<height>45</height>
				<texture flipy="true">shadow_h.png</texture>
				<colordiffuse>C3FFFFFF</colordiffuse>
			</control>
			<control type="image">
				<left>0</left>
				<top>741</top>
				<height>279</height>
				<width>1920</width>
				<texture>$VAR[texture_base]</texture>
				<colordiffuse>$INFO[skin.string(colortexture)]</colordiffuse>
				<animation effect="fade" end="75" condition="true">Conditional</animation>
			</control>
			<control type="list" id="50">
				<viewtype label="List">List Info</viewtype>
				<left>45</left>
				<top>738</top>
				<width>1830</width>
				<height>330</height>
				<onup>149</onup>
				<ondown>Skin.Reset(coverzoom)</ondown>
				<ondown>SetFocus(160)</ondown>
				<ondown>Skin.SetBool(artistzoom)</ondown>
				<orientation>horizontal</orientation>
				<scrolltime>400</scrolltime>
				<focusposition>3</focusposition>
				<itemlayout height="255" width="272">
					<control type="image">
						<left>0</left>
						<top>8</top>
						<width>195</width>
						<height>270</height>
						<aligny>center</aligny>
						<align>center</align>
						<aspectratio>keep</aspectratio>
						<texture fallback="DefaultVideoPoster.png" background="true">$INFO[ListItem.Icon]</texture>
						<bordertexture border="-2">black.png</bordertexture>
						<colordiffuse>FF909090</colordiffuse>
					</control>
				</itemlayout>
				<focusedlayout height="255" width="272">
					<control type="image">
						<left>0</left>
						<top>8</top>
						<width>195</width>
						<height>270</height>
						<aligny>center</aligny>
						<align>center</align>
						<aspectratio>keep</aspectratio>
						<texture fallback="DefaultVideoPoster.png" background="true">$INFO[ListItem.Icon]</texture>
						<bordertexture border="-2">black.png</bordertexture>
						<colordiffuse>FF909090</colordiffuse>
						<include>animation_fade</include>
						<visible>!Control.HasFocus(50)</visible>
					</control>
					<control type="image">
						<left>0</left>
						<top>8</top>
						<width>195</width>
						<height>270</height>
						<aligny>center</aligny>
						<align>center</align>
						<aspectratio>keep</aspectratio>
						<texture fallback="DefaultVideoPoster.png" background="true">$INFO[ListItem.Icon]</texture>
						<bordertexture border="-2">grey.png</bordertexture>
						<include>animation_fade</include>
						<visible>Control.HasFocus(50)</visible>
					</control>
				</focusedlayout>
				<!--<content>plugin://script.extendedinfo?info=similarmovies&amp;&amp;DBID=$INFO[ListItem.DBID]</content>-->
			</control>
			<!-- Menu bar -->
			<control type="group">
				<left>0</left>
				<top>698</top>
				<control type="image">
					<left>0</left>
					<top>-45</top>
					<width>1928</width>
					<height>45</height>
					<texture>shadow_h.png</texture>
					<colordiffuse>C3FFFFFF</colordiffuse>
				</control>
				<control type="image">
					<left>0</left>
					<top>44</top>
					<width>1928</width>
					<height>45</height>
					<texture flipy="true">shadow_h.png</texture>
					<colordiffuse>C3FFFFFF</colordiffuse>
				</control>
				<control type="image">
					<left>0</left>
					<top>0</top>
					<width>1920</width>
					<height>45</height>
					<texture>$VAR[texture_base]</texture>
					<colordiffuse>$INFO[skin.string(colortexture)]</colordiffuse>
					<include>animation_defaultglass2</include>
				</control>
				<control type="list" id="149">
					<left>0</left>
					<top>4</top>
					<width>1920</width>
					<height>38</height>
					<onup>Skin.Reset(artistzoom)</onup>
					<onup>Skin.SetBool(coverzoom)</onup>
					<onup>SetFocus(160)</onup>
					<ondown>50</ondown>
					<orientation>horizontal</orientation>
					<pagecontrol></pagecontrol>
					<scrolltime>300</scrolltime>
					<focusposition>3</focusposition>
					<itemlayout height="38" width="274">
						<control type="image">
							<left>0</left>
							<top>0</top>
							<width>1</width>
							<height>38</height>
							<texture>separator_v.png</texture>
						</control>
						<control type="label">
							<left>15</left>
							<top>1</top>
							<height>38</height>
							<width>243</width>
							<align>center</align>
							<aligny>center</aligny>
							<font>font_button</font>
							<label>$INFO[ListItem.Label]</label>
							<textcolor>$INFO[skin.string(colortextlist)]</textcolor>
						</control>
					</itemlayout>
					<focusedlayout height="38" width="274">
						<control type="image">
							<left>0</left>
							<top>-2</top>
							<width>273</width>
							<height>40</height>
							<texture colordiffuse="$INFO[skin.string(colortext)]">white.png</texture>
							<animation effect="fade" start="100" end="50" time="0" condition="!Control.Hasfocus(149)">conditional</animation>
						</control>
						<control type="image">
							<left>0</left>
							<top>0</top>
							<width>1</width>
							<height>38</height>
							<texture>separator_v.png</texture>
						</control>
						<control type="label">
							<left>15</left>
							<top>1</top>
							<height>38</height>
							<width>243</width>
							<align>center</align>
							<aligny>center</aligny>
							<font>font_button</font>
							<label>$INFO[ListItem.Label]</label>
							<textcolor>$INFO[skin.string(colortextfocused)]</textcolor>
							<visible>Control.Hasfocus(149)</visible>
						</control>
						<control type="label">
							<left>15</left>
							<top>1</top>
							<height>38</height>
							<width>243</width>
							<align>center</align>
							<aligny>center</aligny>
							<font>font_button</font>
							<label>$INFO[ListItem.Label]</label>
							<textcolor>80FFFAF0</textcolor>
							<visible>!Control.Hasfocus(149)</visible>
						</control>
					</focusedlayout>
					<content>
						<!-- Resume -->
						<item id="2">
							<label>13404</label>
							<onclick>SendClick(2003,9)</onclick>
						</item>
						<!-- Refresh -->
						<item id="1">
							<label>31695</label>
							<onclick>SendClick(2003,6)</onclick>
							<visible>!Skin.HasSetting(kioskininfo)</visible>
						</item>
						<!-- Iniciar -->
						<item id="3">
							<label>31700</label>
							<onclick>SendClick(2003,8)</onclick>
						</item>
						<!-- CinemaVision -->
						<item id="4">
							<label>31066</label>
							<onclick>Dialog.Close(MovieInformation)</onclick>
							<onclick>RunScript(script.cinemavision,experience)</onclick>
							<visible>System.HasAddon(script.cinemavision) + !Skin.HasSetting(trailers) + [Container.Content(movies) | Container.Content(tvshows) | Container.Content(seasons) | Container.Content(episodes)]</visible>
						</item>
						<!-- Increase/Decrease Rating -->
						<item id="7">
							<label>38023</label>
							<onclick>SendClick(2003,7)</onclick>
							<visible>!Skin.HasSetting(kioskininfo)</visible>
						</item>
						<!-- Extras -->
						<item id="23">
							<label>31416</label>
							<onclick>RunScript(script.videoextras,display,"$INFO[ListItem.FilenameAndPath]")</onclick>
							<visible>System.HasAddon(script.videoextras) + [Container.Content(movies) | Container.Content(episodes) | Container.Content(TVShows)] + String.IsEmpty(Window(movieinformation).Property("HideVideoExtrasButton"))</visible>
						</item>
						<!-- Trailer Tela Cheia -->
						<item id="11">
							<label>31701</label>
							<onclick>SendClick(2003,11)</onclick>
							<visible>!String.IsEmpty(ListItem.Trailer)</visible>
						</item>
						<!-- Escolher arte -->
						<item id="8">
							<label>13511</label>
							<onclick>SendClick(2003,10)</onclick>
							<visible>!Skin.HasSetting(kioskininfo)</visible>
						</item>
						<!-- Escolher Fanart -->
						<item id="9">
							<label>20413</label>
							<onclick>SendClick(2003,12)</onclick>
							<visible>![Container.Content(episodes) | Container.Content(seasons) | Skin.HasSetting(kioskininfo)]</visible>
						</item>
						<!-- Editor de info -->
						<item id="20">
							<label>31671</label>
							<onclick>RunScript(script.libraryeditor,DBID=$INFO[ListItem.DBID])</onclick>
							<visible>System.HasAddon(script.libraryeditor)</visible>
							<!--<visible>System.HasAddon(script.libraryeditor) + [Container.Content(Movies) | Container.Content(episodes)]</visible>-->
						</item>
						<!-- Filmes do Diretor -->
						<item id="13">
							<label>31906</label>
							<onclick>SendClick(2003,13)</onclick>
							<visible>!String.IsEmpty(ListItem.Director)</visible>
						</item>
						<!-- Info do Director Info -->
						<item id="10">
							<label>31883</label>
							<onclick condition="!System.HasAddon(script.extendedinfo)">InstallAddon(script.extendedinfo)</onclick>
							<onclick condition="System.HasAddon(script.extendedinfo)">Dialog.Close(movieinformation)</onclick>
							<onclick condition="System.HasAddon(script.extendedinfo)">RunScript(script.extendedinfo,info=extendedactorinfo,name=$INFO[ListItem.Director])</onclick>
							<onclick condition="System.HasAddon(script.extendedinfo)">Skin.SetBool(coverzoom)</onclick>							
						</item>
						<!-- Info do Escritor -->
						<item id="31">
							<label>31884</label>
							<onclick condition="!System.HasAddon(script.extendedinfo)">InstallAddon(script.extendedinfo)</onclick>
							<onclick condition="System.HasAddon(script.extendedinfo)">Dialog.Close(movieinformation)</onclick>
							<onclick condition="System.HasAddon(script.extendedinfo)">RunScript(script.extendedinfo,info=extendedactorinfo,name=$INFO[ListItem.Writer])</onclick>
						</item>
					</content>
				</control>
			</control>
			<control type="image">
				<left>0</left>
				<top>0</top>
				<width>1920</width>
				<height>1080</height>
				<texture>darkgrey.png</texture>
				<animation effect="fade" start="0" end="100" time="200">Visible</animation>
				<animation effect="fade" start="100" end="0" time="400">Hidden</animation>
				<visible>Control.HasFocus(160)</visible>
			</control>
			<control type="image">
				<left>0</left>
				<top>0</top>
				<width>1920</width>
				<height>1080</height>
				<texture>black.png</texture>
				<colordiffuse>A4303030</colordiffuse>
				<animation effect="fade" start="0" end="100" time="200">Visible</animation>
				<animation effect="fade" start="100" end="0" time="400">Hidden</animation>
				<visible>Control.HasFocus(160)</visible>
			</control>
			<control type="group">
				<left>-1920</left>
				<top>22</top>
				<animation effect="slide" start="0,0" end="1920,0" time="400" tween="cubic" easing="inout" condition="Control.HasFocus(160)">Conditional</animation>
				<animation effect="slide" start="0,0" end="0,-38" time="600" delay="1000" tween="cubic" easing="inout" condition="Control.HasFocus(160)">Conditional</animation>
				<control type="image">
					<left>600</left>
					<top>0</top>
					<width>720</width>
					<height>1050</height>
					<align>center</align>
					<texture>actor_border.png</texture>
					<animation effect="rotate" start="0,0" end="-2.0.0" center="auto" delay="1000" easing="out" tween="back" time="600" condition="Control.HasFocus(160)">Conditional</animation>
					<visible>Control.HasFocus(160) + [Skin.HasSetting(artistzoom) | Skin.HasSetting(actorzoom)]</visible>
				</control>
				<control type="image">
					<left>645</left>
					<top>48</top>
					<width>638</width>
					<height>960</height>
					<aspectratio>scale</aspectratio>
					<texture background="true">$INFO[Container(50).ListItem.Icon]</texture>
					<visible>Skin.HasSetting(artistzoom)</visible>
				</control>
				<control type="image">
					<left>-1860</left>
					<top>70</top>
					<width>1800</width>
					<height>960</height>
					<texture background="true">$VAR[poster]</texture>
					<aspectratio>keep</aspectratio>
					<fadetime>commonfadetime</fadetime>
					<animation effect="slide" start="0,0" end="1920,0" time="400" tween="cubic" easing="inout" condition="Control.HasFocus(160)">Conditional</animation>
					<animation effect="slide" start="0,0" end="0,-38" time="600" delay="1000" tween="cubic" easing="inout" condition="Control.HasFocus(160)">Conditional</animation>
					<visible>Skin.HasSetting(coverzoom)</visible>
				</control>
				<control type="image">
					<left>600</left>
					<top>0</top>
					<width>720</width>
					<height>1050</height>
					<align>center</align>
					<texture>actor_border.png</texture>
					<visible>Skin.HasSetting(artistzoom)</visible>
				</control>
			</control>
			<control type="group">
				<visible>Control.HasFocus(160)</visible>
				<animation effect="slide" start="0,0" end="0,-120" time="600" delay="1000" tween="cubic" easing="inout" condition="Control.HasFocus(160)">Conditional</animation>
				<control type="image">
					<left>0</left>
					<top>1140</top>
					<height>60</height>
					<width>1920</width>
					<texture>$VAR[texture_base]</texture>
					<colordiffuse>$INFO[skin.string(colortexture)]</colordiffuse>
					<include>animation_defaultglass2</include>
				</control>
				<control type="label">
					<left>0</left>
					<top>1140</top>
					<height>60</height>
					<width>1920</width>
					<align>center</align>
					<aligny>center</aligny>
					<label>$VAR[videoinfo_zoomlabel]</label>
					<font>font_list</font>
					<scroll>true</scroll>
				</control>
				<control type="image">
					<left>0</left>
					<top>1140</top>
					<height>60</height>
					<width>1920</width>
					<texture>gradient_small.png</texture>
				</control>
			</control>
			<control type="button" id="160">
				<animation effect="slide" start="0,0" end="0,-120" time="600" delay="1000" tween="cubic" easing="inout" condition="Control.HasFocus(160) + System.HasAddon(script.extendedinfo) + Skin.HasSetting(artistzoom)">Conditional</animation>
				<top>1140</top>
				<width>450</width>
				<include>SettingsBottomButton</include>
				<label>$LOCALIZE[31798]</label>
				<onup condition="Skin.HasSetting(artistzoom)">SetFocus(50)</onup>
				<onup condition="Skin.HasSetting(coverzoom)">SetFocus(149)</onup>
				<ondown condition="Skin.HasSetting(artistzoom)">SetFocus(50)</ondown>
				<ondown condition="Skin.HasSetting(coverzoom)">SetFocus(149)</ondown>
				<onleft condition="Skin.HasSetting(artistzoom)">SetFocus(50)</onleft>
				<onleft condition="Skin.HasSetting(coverzoom)">SetFocus(149)</onleft>
				<onright condition="Skin.HasSetting(artistzoom)">SetFocus(50)</onright>
				<onright condition="Skin.HasSetting(coverzoom)">SetFocus(149)</onright>
				<onclick condition="!System.HasAddon(script.extendedinfo)">InstallAddon(script.extendedinfo)</onclick>
				<onclick condition="System.HasAddon(script.extendedinfo)">Dialog.Close(movieinformation)</onclick>
				<onclick condition="System.HasAddon(script.extendedinfo) + Skin.HasSetting(artistzoom)">RunScript(script.extendedinfo,info=extendedactorinfo,name=$INFO[Container(50).ListItem.Label])</onclick>
			</control>
			<include>background_black</include>
		</control>
	</controls>
</window>
