<?xml version="1.0" encoding="UTF-8"?>
<window type="dialog">
	<!-- KBK Multimedia Center -->
	<defaultcontrol>3</defaultcontrol>
	<coordinates>
		<left>0</left>
		<top>0</top>
	</coordinates>
	<controls>
		<control type="image">
			<include>backgroundspecs_single</include>
			<texture fallback="special://skin/backgrounds/settings.jpg" background="true">$INFO[skin.string(settings.background)]</texture>
		</control>
		<!-- default group -->
		<control type="group">
			<include>animation_fade</include>
			<!--#######################################################################   MENU DA DIREITA   #######################################################################-->
			<control type="group">
				<left>75</left>
				<animation effect="slide" start="900,0" end="0,0" time="1000" tween="cubic" easing="out">WindowOpen</animation>
				<animation effect="slide" start="0,0" end="900,0" time="1000" tween="cubic" easing="out">WindowClose</animation>
				<animation effect="slide" start="900,0" end="0,0" time="1000" tween="cubic" easing="out">Visible</animation>
				<animation effect="fade" start="100" end="0" time="400">Hidden</animation>
				<control type="image">
					<left>1208</left>
					<top>69</top>
					<width>638</width>
					<height>45</height>
					<texture>shadow_h.png</texture>
					<colordiffuse>C3FFFFFF</colordiffuse>
				</control>
				<control type="image">
					<left>1208</left>
					<top>112</top>
					<width>638</width>
					<height>968</height>
					<texture flipy="true" diffuse="shadow_mask.png">$VAR[texture_base]</texture>
					<colordiffuse>$INFO[skin.string(colortexture)]</colordiffuse>
					<animation effect="fade" end="85" condition="true">Conditional</animation>
				</control>
				<control type="image">
					<left>1208</left>
					<top>680</top>
					<width>638</width>
					<height>402</height>
					<texture flipy="true" diffuse="shadow_mask.png">$VAR[texture_base]</texture>
					<colordiffuse>$INFO[skin.string(colortexture)]</colordiffuse>
					<animation effect="fade" end="85" condition="true">Conditional</animation>
				</control>
				<control type="image">
					<left>1260</left>
					<top>142</top>
					<width>540</width>
					<height>540</height>
					<fadetime>commonfadetime</fadetime>
					<texture fallback="DefaultVideoPoster.png" background="true">$VAR[dialogselect_icon]</texture>
					<aspectratio aligny="bottom">keep</aspectratio>
					<bordertexture border="-2">black.png</bordertexture>
				</control>
				<control type="image">
					<left>1260</left>
					<top>690</top>
					<width>540</width>
					<height>540</height>
					<fadetime>commonfadetime</fadetime>
					<texture flipy="true" diffuse="thumb_reflect.png" background="true">$VAR[dialogselect_icon]</texture>
					<aspectratio aligny="top">keep</aspectratio>
				</control>
				<control type="textbox">
					<left>1278</left>
					<top>694</top>
					<width>506</width>
					<height>262</height>
					<font>font_plot</font>
					<label>$INFO[Container(6).ListItem.AddonDescription][CR]$INFO[Container(6).ListItem.Label2]</label>
					<autoscroll delay="8000" time="2000" repeat="8000">!Skin.HasSetting(noallowscroll)</autoscroll>
				</control>
			</control>
			<!--#######################################################################   MENU DA ESQUERDA   #######################################################################-->
			<control type="group">
				<animation effect="slide" start="-1290,0" end="0,0" time="700" tween="cubic" easing="out">WindowOpen</animation>
				<animation effect="slide" start="0,0" end="-1290,0" time="500" tween="cubic" easing="out">WindowClose</animation>
				<animation effect="slide" start="-1290,0" end="0,0" time="700" tween="cubic" easing="out">Visible</animation>
				<animation effect="fade" start="100" end="0" time="200">Hidden</animation>
				<control type="image">
					<left>0</left>
					<top>69</top>
					<width>1282</width>
					<height>45</height>
					<texture>shadow_h.png</texture>
					<colordiffuse>C3FFFFFF</colordiffuse>
				</control>
				<control type="image">
					<left>1282</left>
					<top>112</top>
					<width>45</width>
					<height>968</height>
					<texture>shadow.png</texture>
					<colordiffuse>C3FFFFFF</colordiffuse>
				</control>
				<control type="image">
					<left>0</left>
					<top>112</top>
					<width>1282</width>
					<height>968</height>
					<texture flipy="true" diffuse="shadow_mask.png">$VAR[texture_base]</texture>
					<colordiffuse>$INFO[skin.string(colortexture)]</colordiffuse>
				</control>
				<control type="image">
					<left>0</left>
					<top>112</top>
					<width>1282</width>
					<height>90</height>
					<texture>grey.png</texture>
					<animation effect="fade" end="20" condition="true">conditional</animation>
				</control>
				<!-- header label -->
				<control type="label" id="1">
					<left>68</left>
					<top>136</top>
					<width>1156</width>
					<height>34</height>
					<font>font_list</font>
				</control>
				<!-- Common List -->
				<control type="list" id="3">
					<viewtype label="31801">list</viewtype>
					<left>0</left>
					<top>237</top>
					<width>1282</width>
					<height>705</height>
					<pagecontrol>61</pagecontrol>
					<onleft>5</onleft>
					<onright>5</onright>
					<onup>3</onup>
					<ondown>3</ondown>
					<orientation>vertical</orientation>
					<scrolltime>450</scrolltime>
					<preloaditems>2</preloaditems>
					<itemlayout height="60">
						<control type="image">
							<left>15</left>
							<top>58</top>
							<width>1252</width>
							<height>1</height>
							<texture>line.png</texture>
						</control>
						<control type="label">
							<left>68</left>
							<top>0</top>
							<width>1140</width>
							<height>62</height>
							<font>font_list</font>
							<aligny>center</aligny>
							<include>listcolor</include>
							<info>ListItem.Label</info>
							<scroll>false</scroll>
						</control>
					</itemlayout>
					<focusedlayout height="60">
						<control type="image">
							<left>0</left>
							<top>0</top>
							<height>60</height>
							<width>1282</width>
							<texture>grey.png</texture>
							<animation effect="fade" start="100" end="50" time="0" condition="!Control.Hasfocus(3)">conditional</animation>
						</control>
						<control type="label">
							<left>68</left>
							<top>0</top>
							<width>1140</width>
							<height>62</height>
							<font>font_list</font>
							<aligny>center</aligny>
							<include>listcolorfocus</include>
							<label>$INFO[ListItem.Label]</label>
						</control>
					</focusedlayout>
				</control>
				<!-- Addon List -->
				<control type="list" id="6">
					<viewtype label="31801">list</viewtype>
					<left>0</left>
					<top>237</top>
					<width>1282</width>
					<height>705</height>
					<pagecontrol>61</pagecontrol>
					<onleft>5</onleft>
					<onright>5</onright>
					<onup>6</onup>
					<ondown>6</ondown>
					<orientation>vertical</orientation>
					<scrolltime>450</scrolltime>
					<preloaditems>2</preloaditems>
					<animation effect="fade" start="100" end="50" time="200" condition="!Control.HasFocus(6)">Conditional</animation>
					<itemlayout height="98">
						<control type="image">
							<left>15</left>
							<top>96</top>
							<width>1252</width>
							<height>1</height>
							<texture>line.png</texture>
						</control>
						<control type="label">
							<left>68</left>
							<top>0</top>
							<width>1140</width>
							<height>62</height>
							<font>font_list</font>
							<aligny>center</aligny>
							<include>listcolor</include>
							<label>$INFO[ListItem.Label]</label>
						</control>
						<control type="label">
							<left>68</left>
							<top>55</top>
							<height>24</height>
							<width>1140</width>
							<font>font_plot</font>
							<align>left</align>
							<aligny>center</aligny>
							<include>subcolor</include>
							<label>[COLOR=$INFO[skin.string(colorheader)]]$LOCALIZE[21864]:[/COLOR] $INFO[ListItem.Label2]</label>
							<visible>String.IsEmpty(ListItem.AddonCreator)</visible>
						</control>
						<control type="label">
							<left>68</left>
							<top>55</top>
							<height>24</height>
							<width>1140</width>
							<font>font_plot</font>
							<align>left</align>
							<aligny>center</aligny>
							<include>subcolor</include>
							<label>[COLOR=$INFO[skin.string(colorheader)]]$LOCALIZE[24051][/COLOR] $INFO[ListItem.AddonVersion] - [COLOR=$INFO[skin.string(colorheader)]]$LOCALIZE[21863]:[/COLOR] $INFO[ListItem.AddonCreator] - [COLOR=$INFO[skin.string(colorheader)]]$LOCALIZE[20037]:[/COLOR] $INFO[ListItem.Label2]</label>
							<visible>!String.IsEmpty(ListItem.AddonCreator)</visible>
						</control>
					</itemlayout>
					<focusedlayout height="98">
						<control type="image">
							<left>0</left>
							<top>0</top>
							<width>1282</width>
							<height>98</height>
							<texture>grey.png</texture>
							<animation effect="fade" start="100" end="50" time="0" condition="!Control.Hasfocus(6)">conditional</animation>
						</control>
						<control type="label">
							<left>68</left>
							<top>0</top>
							<width>1140</width>
							<height>62</height>
							<font>font_list</font>
							<aligny>center</aligny>
							<include>listcolorfocus</include>
							<label>$INFO[ListItem.Label]</label>
						</control>
						<control type="label">
							<left>68</left>
							<top>55</top>
							<width>1140</width>
							<height>24</height>
							<font>font_plot</font>
							<align>left</align>
							<aligny>center</aligny>
							<include>subcolorfocus</include>
							<label>[COLOR=$INFO[skin.string(colorheader)]]$LOCALIZE[21864]:[/COLOR] $INFO[ListItem.Label2]</label>
							<visible>String.IsEmpty(ListItem.AddonCreator)</visible>
						</control>
						<control type="label">
							<left>68</left>
							<top>55</top>
							<width>1140</width>
							<height>24</height>
							<font>font_plot</font>
							<align>left</align>
							<aligny>center</aligny>
							<include>subcolorfocus</include>
							<label>[COLOR=$INFO[skin.string(colorheader)]]$LOCALIZE[24051][/COLOR] $INFO[ListItem.AddonVersion] - [COLOR=$INFO[skin.string(colorheader)]]$LOCALIZE[21863]:[/COLOR] $INFO[ListItem.AddonCreator] - [COLOR=$INFO[skin.string(colorheader)]]$LOCALIZE[20037]:[/COLOR] $INFO[ListItem.Label2]</label>
							<visible>!String.IsEmpty(ListItem.AddonCreator)</visible>
						</control>
					</focusedlayout>
					<!-- ScrollBar -->
				</control>
				<control type="scrollbar" id="61">
					<include>ScrollBar_Vertical</include>
					<left>322</left>
					<top>210</top>
					<height>477</height>
					<onleft>3</onleft>
					<onright>3</onright>
					<ondown>61</ondown>
					<onup>61</onup>
					<visible allowhiddenfocus="true">Control.HasFocus(61)</visible>
				</control>
				<!-- Manual Button -->
				<control type="button" id="5">
					<left>900</left>
					<top>945</top>
					<width>315</width>
					<height>52</height>
					<label>$LOCALIZE[186]</label>
					<texturenofocus></texturenofocus>
					<font>font_header</font>
					<align>right</align>
					<aligny>center</aligny>
					<onleft>3</onleft>
					<onright>3</onright>
					<onup>3</onup>
					<ondown>3</ondown>
				</control>
				<include>MultiData</include>
			</control>
		</control>
	</controls>
</window>
