<?xml version="1.0" encoding="UTF-8"?>
<window>
	<!-- KBK Multimedia Center -->
	<include>animation_topdialogpopup</include>
	<controls>			
		<include>Dialogs_Bar2</include>
		<control type="label" id="1">
			<include>invisible</include>
			<visible>false</visible>
		</control>
		<control type="label">
			<include>Dialogs_Label1</include>
			<label>$INFO[Control.GetLabel(1)] [COLOR=$INFO[skin.string(colortext)]]$INFO[System.Progressbar,- ,%][/COLOR]</label>
		</control>
		<control type="label" id="2">
			<include>Dialogs_Label2</include>
		</control>
		<control type="label" id="3">
			<include>Dialogs_Label3</include>
		</control>
		<control type="label" id="4">
			<include>Dialogs_Label4</include>
		</control>
		<control type="grouplist">
			<left>623</left>
			<top>19</top>
			<width>675</width>
			<height>44</height>
			<align>center</align>
			<orientation>horizontal</orientation>
			<itemgap>0</itemgap>
			<!-- nao -->
			<control type="button" id="10">				
				<width>225</width>
				<height>44</height>
				<align>center</align>
				<label>-</label>
				<font>font_plot</font>
				<textcolor>$INFO[skin.string(colortext)]</textcolor>
				<focusedcolor>$INFO[skin.string(colortextfocused)]</focusedcolor>				
				<textoffsetx>5</textoffsetx>
				<textwidth>215</textwidth>
				<texturefocus colordiffuse="$INFO[skin.string(colortext)]">grey.png</texturefocus>
				<texturenofocus></texturenofocus>
			</control>
			<!-- sim -->
			<control type="button" id="11">				
				<width>225</width>
				<height>44</height>
				<align>center</align>
				<label>-</label>
				<font>font_plot</font>
				<textcolor>$INFO[skin.string(colortext)]</textcolor>
				<focusedcolor>$INFO[skin.string(colortextfocused)]</focusedcolor>				
				<textoffsetx>5</textoffsetx>
				<textwidth>215</textwidth>
				<texturefocus colordiffuse="$INFO[skin.string(colortext)]">grey.png</texturefocus>
				<texturenofocus></texturenofocus>
				<onclick condition="!String.IsEqual(skin.string(defaultsettings),0)">AlarmClock(firstfocus,ActivateWindow(1163),0:01,true)</onclick>
			</control>
			<!-- custom -->
			<control type="button" id="12">				
				<width>225</width>
				<height>44</height>
				<align>center</align>
				<label>-</label>
				<font>font_plot</font>
				<textcolor>$INFO[skin.string(colortext)]</textcolor>
				<focusedcolor>$INFO[skin.string(colortextfocused)]</focusedcolor>					
				<textoffsetx>5</textoffsetx>
				<textwidth>215</textwidth>
				<texturefocus colordiffuse="$INFO[skin.string(colortext)]">grey.png</texturefocus>
				<texturenofocus></texturenofocus>
		</control>
		</control>
		<!-- Barra de progresso -->
		<control type="progress" id="20">
			<top>84</top>
			<include>Dialogs_Progress</include>
			<info>System.Progressbar</info>
		</control>
	</controls>
</window>
