<?xml version="1.0" encoding="UTF-8"?>
<window>
	<!-- KBK Multimedia Center -->
	<controls>
		<control type="group">
			<include>animation_topdialogpopup</include>
			<include>Dialogs_Bar</include>
			<animation effect="slide" end="0,-105" time="200" condition="Window.IsVisible(FullscreenVideo) | Window.IsVisible(visualisation)">conditional</animation>
			<control type="progress" id="32">
				<include>Dialogs_Progress</include>
			</control>
			<control type="label" id="30">
				<include>Dialogs_Label1</include>
			</control>
			<control type="label" id="31">
				<include>Dialogs_Label2</include>
			</control>
		</control>
	</controls>
</window>
