<?xml version="1.0" encoding="UTF-8"?>
<window>
	<!-- KBK Multimedia Center -->
	<defaultcontrol always="true">5</defaultcontrol>
	<coordinates>
		<system>1</system>
		<left>0</left>
		<top>72</top>
	</coordinates>
	<controls>
		<control type="group">
			<animation effect="slide" start="0,-489" end="0,0" time="500" tween="cubic" easing="out" delay="200">WindowOpen</animation>
			<control type="image">
				<left>0</left>
				<top>0</top>
				<width>1920</width>
				<height>480</height>
				<texture>black.png</texture>
				<colordiffuse>E4FFFFFF</colordiffuse>
				<animation effect="fade" time="200">WindowClose</animation>
				<animation effect="fade" end="80" condition="true">Conditional</animation>
			</control>
			<control type="image">
				<left>0</left>
				<top>-74</top>
				<width>1920</width>
				<height>75</height>
				<texture>black.png</texture>
				<animation effect="slide" start="0,-74" end="0,0" time="300" tween="cubic" easing="out" delay="0">WindowOpen</animation>
				<animation effect="fade" time="200">WindowClose</animation>
			</control>
			<control type="label">
				<description>header label</description>
				<left>82</left>
				<top>-57</top>
				<width>1754</width>
				<height>45</height>
				<font>font_button</font>
				<label>13406</label>
				<align>center</align>
				<aligny>center</aligny>
				<animation effect="fade" time="1000">WindowOpen</animation>
				<animation effect="fade" time="200">WindowClose</animation>
			</control>
			<control type="list" id="5">
				<left>0</left>
				<top>0</top>
				<width>1920</width>
				<height>478</height>
				<onleft>80</onleft>
				<onright>80</onright>
				<onup>5</onup>
				<ondown>5</ondown>
				<pagecontrol>80</pagecontrol>
				<scrolltime>200</scrolltime>
				<itemlayout height="52">
					<control type="label">
						<left>960</left>
						<top>0</top>
						<width>585</width>
						<height>52</height>
						<aligny>center</aligny>
						<textcolor>FFF8F8F8</textcolor>
						<align>right</align>
						<label>[COLOR=$INFO[skin.string(colorheader)]]$INFO[ListItem.Label] : [/COLOR]</label>
					</control>
					<control type="label">
						<left>960</left>
						<top>0</top>
						<width>585</width>
						<height>52</height>
						<aligny>center</aligny>
						<textcolor>FFF8F8F8</textcolor>
						<align>left</align>
						<info>ListItem.Label2</info>
					</control>
				</itemlayout>
				<focusedlayout height="52">
					<control type="image">
						<left>0</left>
						<top>0</top>
						<width>1920</width>
						<height>52</height>
						<texture>grey.png</texture>
					</control>
					<control type="label">
						<left>960</left>
						<top>0</top>
						<width>585</width>
						<height>52</height>
						<aligny>center</aligny>
						<textcolor>E0101010</textcolor>
						<align>right</align>
						<label>[COLOR=$INFO[skin.string(colorheader)]]$INFO[ListItem.Label] : [/COLOR]</label>
					</control>
					<control type="label">
						<left>960</left>
						<top>0</top>
						<width>585</width>
						<height>52</height>
						<aligny>center</aligny>
						<textcolor>E0101010</textcolor>
						<align>left</align>
						<info>ListItem.Label2</info>
					</control>
				</focusedlayout>
			</control>
		</control>
		<control type="scrollbar" id="80">
			<include>ScrollBar_Vertical</include>
			<left>1840</left>
			<top>30</top>
			<height>435</height>
			<onleft>5</onleft>
			<onright>5</onright>
		</control>
	</controls>
</window>
