<?xml version="1.0" encoding="UTF-8"?>
<window type="dialog">
	<!-- KBK Multimedia Center -->
	<defaultcontrol always="true">4112</defaultcontrol>
	<controls>
		<control type="group">
			<include>animation_dialogpopup</include>
			<control type="image">
				<left>615</left>
				<top>125</top>
				<width>681</width>
				<height>58</height>
				<texture>gradient_focus.png</texture>
				<colordiffuse>$INFO[skin.string(colorheader)]</colordiffuse>
			</control>
			<control type="image">
				<left>615</left>
				<top>80</top>
				<width>681</width>
				<height>58</height>
				<texture>dialogs_context_nofocus.png</texture>
				<colordiffuse>F9FFFFFF</colordiffuse>
			</control>
			<control type="label">
				<left>735</left>
				<top>80</top>
				<width>450</width>
				<height>60</height>
				<align>center</align>
				<label>31177</label>
				<font>font_header</font>
				<textcolor>$INFO[skin.string(colorheader)]</textcolor>
			</control>
			<control type="list" id="4112">
				<left>615</left>
				<top>155</top>
				<width>681</width>
				<height>875</height>
				<onleft>Dialog.Close(111)</onleft>
				<onright>Dialog.Close(111)</onright>
				<orientation>vertical</orientation>
				<pagecontrol></pagecontrol>
				<scrolltime>300</scrolltime>
				<focusposition>0</focusposition>
				<itemlayout height="58" width="681">
					<control type="image">
						<left>0</left>
						<top>0</top>
						<width>681</width>
						<height>58</height>
						<texture>dialogs_context_nofocus.png</texture>
					</control>
					<control type="label">
						<left>22</left>
						<top>0</top>
						<height>58</height>
						<width>645</width>
						<align>center</align>
						<aligny>center</aligny>
						<font>font_button</font>
						<label>[UPPERCASE]$INFO[ListItem.Label][/UPPERCASE]</label>
						<textcolor>FFF8F8F8</textcolor>
					</control>
				</itemlayout>
				<focusedlayout height="58" width="681">
					<control type="image">
						<left>0</left>
						<top>0</top>
						<width>681</width>
						<height>58</height>
						<texture>dialogs_context_focus.png</texture>
					</control>
					<control type="label">
						<left>22</left>
						<top>0</top>
						<height>58</height>
						<width>645</width>
						<align>center</align>
						<aligny>center</aligny>
						<font>font_button</font>
						<label>[UPPERCASE]$INFO[ListItem.Label][/UPPERCASE]</label>
						<textcolor>E0101010</textcolor>
					</control>
				</focusedlayout>
				<content>
					<item>
						<label>31012</label>
						<onclick>Quit()</onclick>
						<visible>System.ShowExitButton</visible>
					</item>
					<item>
						<label>31058</label>
						<onclick>Powerdown()</onclick>
						<visible>System.CanPowerDown</visible>
					</item>
					<item>
						<label>31241</label>
						<onclick>System.ExecWait("/usr/sbin/rebootfromnand")</onclick>
						<visible>[System.Platform.Android | System.Platform.Linux | System.Platform.Linux.RaspberryPi] + System.CanReboot</visible>
					</item>
					<item>
						<label>$LOCALIZE[20150]</label>
						<onclick>AlarmClock(shutdowntimer,Shutdown())</onclick>
						<visible>!System.HasAlarm(shutdowntimer)</visible>
						<visible>System.CanPowerDown | System.CanSuspend | System.CanHibernate</visible>
					</item>
					<item>
						<label>$LOCALIZE[20151] $INFO[System.AlarmPos,(,)]</label>
						<onclick>CancelAlarm(shutdowntimer)</onclick>
						<visible>System.HasAlarm(shutdowntimer)</visible>
					</item>
					<item>
						<label>$LOCALIZE[13011]</label>
						<onclick>Suspend()</onclick>
						<visible>System.CanSuspend</visible>
					</item>
					<item>
						<label>$LOCALIZE[13010]</label>
						<onclick>Hibernate()</onclick>
						<visible>System.CanHibernate</visible>
					</item>
					<item>
						<label>$LOCALIZE[13013]</label>
						<onclick>Reset()</onclick>
						<visible>System.CanReboot</visible>
					</item>
					<item>
						<label>$LOCALIZE[20126] $INFO[system.profilename]</label>
						<onclick>dialog.close(all,true)</onclick>
						<onclick>System.LogOff</onclick>
						<visible>System.Loggedon + [System.HasLoginScreen | Integer.IsGreater(System.ProfileCount,1)]</visible>
					</item>
					<item>
						<label>$VAR[mastermodelabel]</label>
						<onclick>mastermode</onclick>
						<visible>System.HasLocks</visible>
					</item>
					<item>
						<label>$LOCALIZE[13017]</label>
						<onclick>InhibitIdleShutdown(true)</onclick>
						<visible>System.HasShutdown +!System.IsInhibit</visible>
					</item>
					<item>
						<label>$LOCALIZE[13018]</label>
						<onclick>InhibitIdleShutdown(false)</onclick>
						<visible>System.HasShutdown + System.IsInhibit</visible>
					</item>
					<item>
						<label>31165</label>
						<onclick>Dialog.Close(111)</onclick>
						<onclick>ActivateWindow(1161)</onclick>
						<visible>![String.IsEmpty(skin.string(preset1.on)) + String.IsEmpty(skin.string(preset2.on)) + String.IsEmpty(skin.string(preset3.on)) + String.IsEmpty(skin.string(preset4.on)) + String.IsEmpty(skin.string(preset5.on)) + String.IsEmpty(skin.string(preset6.on)) + String.IsEmpty(skin.string(preset7.on)) + String.IsEmpty(skin.string(preset8.on)) + String.IsEmpty(skin.string(preset9.on)) + String.IsEmpty(skin.string(preset10.on))] + Window.IsVisible(home)</visible>
					</item>
					<item>
						<label>31011</label>
						<onclick>Dialog.Close(111)</onclick>
						<onclick>ActivateWindow(settings)</onclick>
						<visible>!Window.IsVisible(loginscreen)</visible>
					</item>
					<item>
						<label>$VAR[buttonmenu_video]</label>
						<onclick>Skin.Togglesetting(homevisvideo)</onclick>
						<visible>Window.IsActive(home)</visible>
					</item>
					<item>
						<label>$VAR[buttonmenu_audio]</label>
						<onclick>Skin.Togglesetting(homevisaudio)</onclick>
						<visible>Window.IsActive(home)</visible>
					</item>
					<item>
						<label>31035</label>
						<onclick>ActivateWindow(musicplaylist)</onclick>
						<visible>!Window.IsVisible(loginscreen)</visible>
					</item>
					<item>
						<label>31742</label>
						<onclick>EjectTray</onclick>
						<visible>!Window.IsVisible(loginscreen)</visible>
					</item>
					<item>
						<label>$LOCALIZE[10003]</label>
						<onclick>Dialog.Close(111)</onclick>
						<onclick>ActivateWindow(filemanager)</onclick>
						<visible>!Window.IsVisible(loginscreen)</visible>
					</item>
					<item>
						<label>$LOCALIZE[1036]</label>
						<onclick>Dialog.Close(111)</onclick>
						<onclick>ActivateWindow(favourites)</onclick>
						<visible>!Window.IsVisible(loginscreen)</visible>
					</item>
				</content>
			</control>
		</control>
	</controls>
</window>
