<?xml version="1.0" encoding="UTF-8"?>
<window>
	<!-- KBK Multimedia Center -->
	<defaultcontrol always="true">50</defaultcontrol>
	<menucontrol>9000</menucontrol>
	<views>50</views>
	<controls>
		<control type="image">
			<include>backgroundspecs_single</include>
			<texture background="true">$VAR[settings_background]</texture>
		</control>
		<control type="group">
			<include>animation_window</include>
			<include>settings_furniture</include>
			<animation effect="fade" start="100" end="0" time="200" tween="sine" condition="$EXP[infodialog_active]">Conditional</animation>
			<!-- MENU DA ESQUERDA -->
			<include>Date</include>
			<control type="label">
				<include>SettingsLeftTitle</include>
				<label>31202</label>
			</control>
			<control type="grouplist" id="9000">
				<left>0</left>
				<top>180</top>
				<width>450</width>
				<height>990</height>
				<orientation>vertical</orientation>
				<itemgap>0</itemgap>
				<onleft>50</onleft>
				<onright>50</onright>
				<onup>9000</onup>
				<ondown>9000</ondown>
				<control type="togglebutton" id="4">
					<include>SettingsButton</include>
					<label>$LOCALIZE[31032]: $LOCALIZE[584]</label>
					<altlabel>$LOCALIZE[31032]: $LOCALIZE[585]</altlabel>
				</control>
				<control type="button" id="21">
					<include>SettingsButton</include>
				</control>
				<control type="radiobutton" id="22">
					<include>SettingsButton</include>
					<radioposx>335</radioposx>
				</control>
				<control type="button" id="20">
					<include>SettingsButton</include>
					<label>$LOCALIZE[192]</label>
				</control>
				<control type="button" id="501">
					<include>SettingsButton</include>
					<label>$LOCALIZE[5]</label>
				</control>
			</control>
			<!-- MENU DA DIREITA -->
			<control type="label">
				<include>SettingsRightTitle</include>
				<label>$VAR[settings_title]</label>
			</control>
			<control type="fixedlist" id="50">
				<viewtype label="535">list</viewtype>
				<left>454</left>
				<top>180</top>
				<width>1466</width>
				<height>670</height>
				<onleft>9000</onleft>
				<onright>60</onright>
				<onup>50</onup>
				<ondown>50</ondown>				
				<pagecontrol>60</pagecontrol>
				<scrolltime tween="cubic" easing="out">450</scrolltime>
				<itemlayout height="128" width="1466">
					<control type="label">
						<left>135</left>
						<top>0</top>
						<width>1305</width>
						<height>45</height>
						<label>$INFO[ListItem.Label]</label>
						<aligny>center</aligny>
						<include>listcolor</include>
					</control>
					<control type="textbox">
						<left>135</left>
						<top>48</top>
						<width>1305</width>
						<height>72</height>
						<align>left</align>
						<aligny>center</aligny>
						<label>$INFO[ListItem.Property(Event.Description)]</label>
						<font>font_plot</font>						
						<include>listcolor</include>
					</control>
					<control type="label">
						<left>135</left>
						<top>0</top>
						<width>1455</width>
						<height>45</height>
						<align>right</align>
						<label>$INFO[ListItem.Label2]</label>
						<font>font_plotsmall</font>						
						<include>detailcolor</include>
					</control>
				</itemlayout>
				<focusedlayout height="128" width="1466">
					<control type="image">
						<left>0</left>
						<top>0</top>
						<width>1620</width>
						<height>120</height>
						<texture>grey.png</texture>
						<visible>Control.HasFocus(50)</visible>
						<include>animation_fade</include>
					</control>
					<control type="image">
						<left>3</left>
						<top>3</top>
						<width>120</width>
						<height>114</height>
						<texture aspectratio="keep">$INFO[Listitem.Icon]</texture>
						<bordertexture border="3">black.png</bordertexture>
						<bordersize>2</bordersize>
					</control>
					<control type="label">
						<left>135</left>
						<top>0</top>
						<width>1305</width>
						<height>45</height>
						<aligny>center</aligny>
						<include>listcolor</include>
						<label>$INFO[ListItem.Label]</label>
						<visible>!Control.HasFocus(50)</visible>
					</control>
					<control type="label">
						<left>135</left>
						<top>0</top>
						<width>1305</width>
						<height>45</height>
						<aligny>center</aligny>						
						<label>[B]$INFO[ListItem.Label][/B]</label>
						<include>listcolorfocus</include>
						<visible>Control.HasFocus(50)</visible>
					</control>
					<control type="textbox">
						<left>135</left>
						<top>48</top>
						<width>1305</width>
						<height>72</height>
						<align>left</align>
						<label>$INFO[ListItem.Property(Event.Description)]</label>
						<font>font_plot</font>
						<include>listcolor</include>
						<visible>!Control.HasFocus(50)</visible>						
					</control>
					<control type="textbox">
						<left>135</left>
						<top>48</top>
						<width>1305</width>
						<height>72</height>
						<align>left</align>
						<label>$INFO[ListItem.Property(Event.Description)]</label>
						<font>font_plot</font>
						<include>listcolorfocus</include>
						<visible>Control.HasFocus(50)</visible>						
					</control>
					<control type="label">
						<left>135</left>
						<top>0</top>
						<width>1455</width>
						<height>45</height>
						<align>right</align>
						<aligny>center</aligny>
						<label>$INFO[ListItem.Label2]</label>
						<font>font_plotsmall</font>
						<include>detailcolor</include>
						<visible>!Control.HasFocus(50)</visible>						
					</control>
					<control type="label">
						<left>135</left>
						<top>0</top>
						<width>1455</width>
						<height>45</height>
						<align>right</align>
						<aligny>center</aligny>
						<label>$INFO[ListItem.Label2]</label>
						<font>font_plotsmall</font>
						<include>detailcolorfocus</include>
						<visible>Control.HasFocus(50)</visible>						
					</control>
				</focusedlayout>
			</control>
			<control type="scrollbar" id="60">
				<include>ScrollBar_Vertical</include>
				<left>1860</left>
				<top>188</top>
				<height>645</height>
				<onleft>5</onleft>
				<onright>5</onright>
				<animation effect="fade" time="200">Visible</animation>
				<animation effect="fade" time="50">Hidden</animation>
			</control>
		</control>
	</controls>
</window>