<?xml version="1.0" encoding="UTF-8"?>
<window>
	<!-- KBK Multimedia Center -->
	<defaultcontrol>20</defaultcontrol>
	<controls>
		<control type="image">
			<include>backgroundspecs_single</include>
			<texture fallback="special://skin/backgrounds/settings.jpg" background="true">$VAR[settings_background]</texture>
		</control>
		<control type="group">
			<!-- default group -->
			<include>animation_window</include>
			<control type="image">
				<left>0</left>
				<top>84</top>
				<width>1920</width>
				<height>45</height>
				<texture>shadow_h.png</texture>
				<colordiffuse>C3FFFFFF</colordiffuse>
			</control>
			<!-- Left Panel -->
			<control type="group">
				<left>0</left>
				<top>128</top>
				<width>930</width>
				<height>970</height>
				<animation effect="slide" start="-960" end="0" time="300" tween="quadratic" easing="out">WindowOpen</animation>
				<animation effect="slide" start="0" end="-960" time="300" tween="quadratic" easing="in">WindowClose</animation>
				<animation effect="fade" time="200" start="75" end="100" reversible="false" condition="Control.HasFocus(20)">Conditional</animation>
				<animation effect="fade" time="200" start="100" end="75" reversible="false" condition="Control.HasFocus(21)">Conditional</animation>
				<control type="image">
					<left>930</left>
					<top>0</top>
					<width>45</width>
					<height>952</height>
					<texture>shadow.png</texture>
					<colordiffuse>C3FFFFFF</colordiffuse>
				</control>
				<control type="image">
					<left>0</left>
					<top>0</top>
					<width>930</width>
					<height>952</height>
					<texture>$VAR[texture_base]</texture>
					<colordiffuse>$INFO[skin.string(colortexture)]</colordiffuse>
					<animation effect="fade" end="85" condition="true">Conditional</animation>
				</control>
				<control type="image">
					<left>0</left>
					<top>0</top>
					<width>930</width>
					<height>82</height>
					<texture>$VAR[texture_base]</texture>
					<colordiffuse>$INFO[skin.string(colortexture)]</colordiffuse>
					<animation effect="fade" end="85" condition="true">Conditional</animation>
				</control>
				<control type="label" id="101">
					<left>30</left>
					<top>20</top>
					<width>712</width>
					<height>75</height>
					<font>font_list</font>
					<scroll>true</scroll>
					<textcolor>FFF8F8F8</textcolor>
				</control>
				<control type="label">
					<left>758</left>
					<top>24</top>
					<width>150</width>
					<height>75</height>
					<align>right</align>
					<font>font_button</font>
					<textcolor>FFF8F8F8</textcolor>
					<label>$INFO[Container(20).NumItems] $LOCALIZE[31210]</label>
				</control>
			</control>
			<!-- Left list -->
			<control type="list" id="20">
				<viewtype label="31450">list</viewtype>
				<left>0</left>
				<top>210</top>
				<width>930</width>
				<height>772</height>
				<scrolltime>0</scrolltime>
				<onright>21</onright>
				<onup>20</onup>
				<ondown>20</ondown>
				<animation effect="slide" start="-960" end="0" time="300" tween="quadratic" easing="out">WindowOpen</animation>
				<animation effect="slide" start="0" end="-960" time="300" tween="quadratic" easing="in">WindowClose</animation>
				<animation effect="fade" time="200" start="75" end="100" reversible="false" condition="Control.HasFocus(20)">Conditional</animation>
				<animation effect="fade" time="200" start="100" end="75" reversible="false" condition="Control.HasFocus(21)">Conditional</animation>
				<itemlayout height="75">
					<control type="image">
						<left>0</left>
						<top>0</top>
						<width>930</width>
						<height>1</height>
						<texture>line.png</texture>
					</control>
					<control type="label">
						<left>30</left>
						<top>0</top>
						<width>750</width>
						<height>75</height>
						<font>font_button</font>
						<aligny>center</aligny>
						<textcolor>FFF8F8F8</textcolor>
						<selectedcolor>$INFO[skin.string(colorheader)]</selectedcolor>
						<info>ListItem.Label</info>
					</control>
					<control type="label">
						<left>776</left>
						<top>0</top>
						<width>128</width>
						<height>75</height>
						<font>font_button</font>
						<align>right</align>
						<aligny>center</aligny>
						<textcolor>FFF8F8F8</textcolor>
						<selectedcolor>$INFO[skin.string(colorheader)]</selectedcolor>
						<label>[UPPERCASE]$INFO[ListItem.Size][/UPPERCASE]</label>
					</control>
				</itemlayout>
				<focusedlayout height="75">
					<control type="image">
						<left>0</left>
						<top>0</top>
						<width>930</width>
						<height>1</height>
						<texture>line.png</texture>
					</control>
					<control type="image">
						<left>0</left>
						<top>0</top>
						<width>930</width>
						<height>75</height>
						<texture>grey.png</texture>
						<visible>Control.HasFocus(20)</visible>
					</control>
					<control type="label">
						<left>30</left>
						<top>0</top>
						<width>750</width>
						<height>75</height>
						<font>font_button</font>
						<aligny>center</aligny>
						<textcolor>E0101010</textcolor>
						<selectedcolor>$INFO[skin.string(colorheader)]</selectedcolor>
						<info>ListItem.Label</info>
					</control>
					<control type="label">
						<left>776</left>
						<top>0</top>
						<width>128</width>
						<height>75</height>
						<font>font_button</font>
						<align>right</align>
						<aligny>center</aligny>
						<textcolor>E0101010</textcolor>
						<selectedcolor>$INFO[skin.string(colorheader)]</selectedcolor>
						<label>[UPPERCASE]$INFO[ListItem.Size][/UPPERCASE]</label>
					</control>
					<control type="label">
						<left>30</left>
						<top>0</top>
						<width>750</width>
						<height>75</height>
						<font>font_button</font>
						<aligny>center</aligny>
						<textcolor>FFF8F8F8</textcolor>
						<selectedcolor>$INFO[skin.string(colorheader)]</selectedcolor>
						<info>ListItem.Label</info>
						<visible>!Control.HasFocus(20)</visible>
					</control>
					<control type="label">
						<left>776</left>
						<top>0</top>
						<width>128</width>
						<height>62</height>
						<font>font_button</font>
						<align>right</align>
						<aligny>center</aligny>
						<textcolor>FFF8F8F8</textcolor>
						<selectedcolor>$INFO[skin.string(colorheader)]</selectedcolor>
						<label>[UPPERCASE]$INFO[ListItem.Size][/UPPERCASE]</label>
						<visible>!Control.HasFocus(20)</visible>
					</control>
				</focusedlayout>
			</control>
			<!-- Right Panel -->
			<control type="group">
				<left>990</left>
				<top>128</top>
				<width>930</width>
				<height>970</height>
				<animation effect="slide" start="960" end="0" time="300" tween="quadratic" easing="out">WindowOpen</animation>
				<animation effect="slide" start="0" end="960" time="300" tween="quadratic" easing="in">WindowClose</animation>
				<animation effect="fade" time="200" start="75" end="100" reversible="false" condition="Control.HasFocus(21)">Conditional</animation>
				<animation effect="fade" time="200" start="100" end="75" reversible="false" condition="Control.HasFocus(20)">Conditional</animation>
				<control type="image">
					<left>-45</left>
					<top>0</top>
					<width>45</width>
					<height>952</height>
					<texture flipx="true">shadow.png</texture>
					<colordiffuse>C3FFFFFF</colordiffuse>
				</control>
				<control type="image">
					<left>0</left>
					<top>0</top>
					<width>930</width>
					<height>952</height>
					<texture>$VAR[texture_base]</texture>
					<colordiffuse>$INFO[skin.string(colortexture)]</colordiffuse>
					<animation effect="fade" end="85" condition="true">Conditional</animation>
				</control>
				<control type="image">
					<left>0</left>
					<top>0</top>
					<width>930</width>
					<height>82</height>
					<texture>$VAR[texture_base]</texture>
					<colordiffuse>$INFO[skin.string(colortexture)]</colordiffuse>
					<animation effect="fade" end="85" condition="true">Conditional</animation>
				</control>
				<control type="label" id="102">
					<left>30</left>
					<top>20</top>
					<width>712</width>
					<height>75</height>
					<font>font_list</font>
					<scroll>true</scroll>
					<textcolor>FFF8F8F8</textcolor>
				</control>
				<control type="label">
					<left>758</left>
					<top>24</top>
					<width>150</width>
					<height>75</height>
					<align>right</align>
					<font>font_button</font>
					<textcolor>FFF8F8F8</textcolor>
					<label>$INFO[Container(21).NumItems] $LOCALIZE[31210]</label>
				</control>
			</control>
			<!-- Right list -->
			<control type="list" id="21">
				<viewtype label="31450">list</viewtype>
				<left>990</left>
				<top>210</top>
				<width>930</width>
				<height>772</height>
				<scrolltime>0</scrolltime>
				<onleft>20</onleft>
				<onup>21</onup>
				<ondown>21</ondown>
				<animation effect="slide" start="960" end="0" time="300" tween="quadratic" easing="out">WindowOpen</animation>
				<animation effect="slide" start="0" end="960" time="300" tween="quadratic" easing="in">WindowClose</animation>
				<animation effect="fade" time="200" start="75" end="100" reversible="false" condition="Control.HasFocus(21)">Conditional</animation>
				<animation effect="fade" time="200" start="100" end="75" reversible="false" condition="Control.HasFocus(20)">Conditional</animation>
				<itemlayout height="75">
					<control type="image">
						<left>0</left>
						<top>0</top>
						<width>930</width>
						<height>1</height>
						<texture>line.png</texture>
					</control>
					<control type="label">
						<left>30</left>
						<top>0</top>
						<width>750</width>
						<height>75</height>
						<font>font_button</font>
						<aligny>center</aligny>
						<textcolor>FFF8F8F8</textcolor>
						<selectedcolor>$INFO[skin.string(colorheader)]</selectedcolor>
						<info>ListItem.Label</info>
					</control>
					<control type="label">
						<left>776</left>
						<top>0</top>
						<width>128</width>
						<height>75</height>
						<font>font_button</font>
						<align>right</align>
						<aligny>center</aligny>
						<textcolor>FFF8F8F8</textcolor>
						<selectedcolor>$INFO[skin.string(colorheader)]</selectedcolor>
						<label>[UPPERCASE]$INFO[ListItem.Size][/UPPERCASE]</label>
					</control>
				</itemlayout>
				<focusedlayout height="75">
					<control type="image">
						<left>0</left>
						<top>0</top>
						<width>930</width>
						<height>1</height>
						<texture>line.png</texture>
					</control>
					<control type="image">
						<left>0</left>
						<top>0</top>
						<width>930</width>
						<height>75</height>
						<texture>grey.png</texture>
						<visible>Control.HasFocus(21)</visible>
					</control>
					<control type="label">
						<left>30</left>
						<top>0</top>
						<width>750</width>
						<height>75</height>
						<font>font_button</font>
						<aligny>center</aligny>
						<textcolor>E0101010</textcolor>
						<selectedcolor>$INFO[skin.string(colorheader)]</selectedcolor>
						<info>ListItem.Label</info>
					</control>
					<control type="label">
						<left>776</left>
						<top>0</top>
						<width>128</width>
						<height>75</height>
						<font>font_button</font>
						<align>right</align>
						<aligny>center</aligny>
						<textcolor>E0101010</textcolor>
						<selectedcolor>$INFO[skin.string(colorheader)]</selectedcolor>
						<label>[UPPERCASE]$INFO[ListItem.Size][/UPPERCASE]</label>
					</control>
					<control type="label">
						<left>30</left>
						<top>0</top>
						<width>750</width>
						<height>75</height>
						<font>font_button</font>
						<aligny>center</aligny>
						<textcolor>FFF8F8F8</textcolor>
						<selectedcolor>$INFO[skin.string(colorheader)]</selectedcolor>
						<info>ListItem.Label</info>
						<visible>!Control.HasFocus(21)</visible>
					</control>
					<control type="label">
						<left>776</left>
						<top>0</top>
						<width>128</width>
						<height>62</height>
						<font>font_button</font>
						<align>right</align>
						<aligny>center</aligny>
						<textcolor>FFF8F8F8</textcolor>
						<selectedcolor>$INFO[skin.string(colorheader)]</selectedcolor>
						<label>[UPPERCASE]$INFO[ListItem.Size][/UPPERCASE]</label>
						<visible>!Control.HasFocus(21)</visible>
					</control>
				</focusedlayout>
			</control>
			<include>MultiData</include>
			<include>background_black</include>
		</control>
	</controls>
</window>
