<?xml version="1.0" encoding="UTF-8"?>
<window type="dialog">
	<!-- KBK Multimedia Center -->
	<defaultcontrol>450</defaultcontrol>
	<controls>
		<control type="image">
			<include>backgroundspecs_single</include>
			<texture fallback="special://skin/backgrounds/settings.jpg" background="true">$VAR[settings_background]</texture>
		</control>
		<control type="group">
			<!-- default group -->
			<include>animation_window</include>
			<!--#######################################################################   MENU DA DIREITA   #######################################################################-->
			<control type="group">
				<left>75</left>
				<animation effect="slide" start="900,0" end="0,0" time="1000" tween="cubic" easing="out">WindowOpen</animation>
				<animation effect="slide" start="0,0" end="900,0" time="1000" tween="cubic" easing="out">WindowClose</animation>
				<animation effect="slide" start="1200,0" end="0,0" time="1000" tween="cubic" easing="out">Visible</animation>
				<animation effect="fade" start="100" end="0" time="400">Hidden</animation>
				<control type="image">
					<left>1208</left>
					<top>69</top>
					<width>638</width>
					<height>45</height>
					<texture>shadow_h.png</texture>
					<colordiffuse>C3FFFFFF</colordiffuse>
				</control>
				<control type="image">
					<left>1208</left>
					<top>112</top>
					<width>638</width>
					<height>968</height>
					<texture>$VAR[texture_base]</texture>
					<colordiffuse>$INFO[skin.string(colortexture)]</colordiffuse>
					<animation effect="fade" end="85" condition="true">Conditional</animation>
				</control>
				<control type="image">
					<left>1208</left>
					<top>680</top>
					<width>638</width>
					<height>402</height>
					<texture>$VAR[texture_base]</texture>
					<colordiffuse>$INFO[skin.string(colortexture)]</colordiffuse>
					<animation effect="fade" end="85" condition="true">Conditional</animation>
				</control>
				<control type="image">
					<left>1260</left>
					<top>142</top>
					<width>540</width>
					<height>540</height>
					<fadetime>commonfadetime</fadetime>
					<texture fallback="DefaultPicture.png" background="true">$INFO[ListItem.Icon]</texture>
					<aspectratio aligny="bottom">keep</aspectratio>
					<bordertexture border="-2">black.png</bordertexture>
				</control>
				<control type="image">
					<left>1260</left>
					<top>690</top>
					<width>540</width>
					<height>540</height>
					<fadetime>commonfadetime</fadetime>
					<texture flipy="true" fallback="DefaultPicture.png" diffuse="thumb_reflect.png" background="true">$INFO[ListItem.Icon]</texture>
					<aspectratio aligny="top">keep</aspectratio>
					<bordertexture flipy="true" border="-2" diffuse="thumb_reflect.png">black.png</bordertexture>
				</control>
			</control>
			<!--#######################################################################   MENU DA ESQUERDA   #######################################################################-->
			<control type="group">
				<animation effect="slide" time="700" start="-1200,0" end="0,0" tween="cubic" easing="out">WindowOpen</animation>
				<animation effect="slide" time="700" start="0,0" end="-1200,0" tween="cubic" easing="out">WindowClose</animation>
				<animation effect="slide" time="700" start="-1200,0" end="0,0" tween="cubic" easing="out">Visible</animation>
				<animation effect="fade" time="200" start="100" end="0">Hidden</animation>
				<control type="image">
					<left>0</left>
					<top>69</top>
					<width>1282</width>
					<height>45</height>
					<texture>shadow_h.png</texture>
					<colordiffuse>C3FFFFFF</colordiffuse>
				</control>
				<control type="image">
					<left>1282</left>
					<top>112</top>
					<width>45</width>
					<height>968</height>
					<texture>shadow.png</texture>
					<colordiffuse>C3FFFFFF</colordiffuse>
				</control>
				<control type="image">
					<left>0</left>
					<top>112</top>
					<width>1282</width>
					<height>968</height>
					<texture>$VAR[texture_base]</texture>
					<colordiffuse>$INFO[skin.string(colortexture)]</colordiffuse>
					<animation effect="fade" end="85" condition="true">Conditional</animation>
				</control>
				<control type="image">
					<left>0</left>
					<top>112</top>
					<width>1282</width>
					<height>90</height>
					<texture>$VAR[texture_base]</texture>
					<colordiffuse>$INFO[skin.string(colortexture)]</colordiffuse>
					<animation effect="fade" end="85" condition="true">Conditional</animation>
				</control>
				<control type="label" id="411">
					<!-- header label -->
					<left>68</left>
					<top>136</top>
					<width>1156</width>
					<height>34</height>
					<font>font_list</font>
				</control>
				<control type="label">
					<!-- numero de itens -->
					<left>68</left>
					<top>975</top>
					<width>1156</width>
					<height>34</height>
					<font>font_plot</font>
					<label>$VAR[numitens_browser]</label>
				</control>
				<control type="list" id="450">
					<viewtype label="31801">list</viewtype>
					<left>0</left>
					<top>237</top>
					<width>1282</width>
					<height>705</height>
					<pagecontrol>80</pagecontrol>
					<onleft>413</onleft>
					<onright>413</onright>
					<orientation>vertical</orientation>
					<scrolltime>450</scrolltime>
					<preloaditems>2</preloaditems>
					<itemlayout height="60">
						<control type="image">
							<left>15</left>
							<top>58</top>
							<width>1252</width>
							<height>1</height>
							<texture>line.png</texture>
						</control>
						<control type="label">
							<left>68</left>
							<top>0</top>
							<width>1140</width>
							<height>62</height>
							<font>font_settings</font>
							<aligny>center</aligny>
							<include>listcolor</include>
							<label>$INFO[ListItem.Label]</label>
						</control>
					</itemlayout>
					<focusedlayout height="60">
						<control type="image">
							<left>0</left>
							<top>0</top>
							<width>1282</width>
							<height>62</height>
							<texture>grey.png</texture>
							<animation effect="fade" start="100" end="50" time="0" condition="!Control.Hasfocus(450)">conditional</animation>
						</control>
						<control type="label">
							<left>68</left>
							<top>0</top>
							<width>1140</width>
							<height>62</height>
							<font>font_header</font>
							<aligny>center</aligny>
							<include>listcolorfocus</include>
							<label>$INFO[ListItem.Label]</label>
						</control>
						<control type="label">
							<left>1134</left>
							<top>0</top>
							<width>128</width>
							<height>62</height>
							<font>font_settings</font>
							<align>center</align>
							<aligny>center</aligny>
							<include>detailcolorfocus</include>
							<label fallback="-">[UPPERCASE]$INFO[ListItem.Size][/UPPERCASE]</label>
						</control>
					</focusedlayout>
				</control>
				<control type="list" id="451">
					<viewtype label="31801">list</viewtype>
					<left>0</left>
					<top>237</top>
					<width>1282</width>
					<height>705</height>
					<pagecontrol>80</pagecontrol>
					<onleft>413</onleft>
					<onright>413</onright>
					<orientation>vertical</orientation>
					<scrolltime>450</scrolltime>
					<preloaditems>2</preloaditems>
					<itemlayout height="60">
						<control type="image">
							<left>15</left>
							<top>58</top>
							<width>1252</width>
							<height>1</height>
							<texture>line.png</texture>
						</control>
						<control type="label">
							<left>68</left>
							<top>0</top>
							<width>1140</width>
							<height>62</height>
							<font>font_settings</font>
							<aligny>center</aligny>
							<include>listcolor</include>
							<label>$INFO[ListItem.Label]</label>
						</control>
					</itemlayout>
					<focusedlayout height="60">
						<control type="image">
							<left>0</left>
							<top>0</top>
							<width>1282</width>
							<height>62</height>
							<texture>grey.png</texture>
							<animation effect="fade" start="100" end="50" time="0" condition="!Control.Hasfocus(451)">conditional</animation>
						</control>
						<control type="label">
							<left>68</left>
							<top>0</top>
							<width>1140</width>
							<height>62</height>
							<font>font_header</font>
							<aligny>center</aligny>
							<include>listcolorfocus</include>
							<label>$INFO[ListItem.Label]</label>
						</control>
						<control type="label">
							<left>1134</left>
							<top>0</top>
							<width>128</width>
							<height>62</height>
							<font>font_settings</font>
							<align>center</align>
							<aligny>center</aligny>
							<include>detailcolorfocus</include>
							<label fallback="-">[UPPERCASE]$INFO[ListItem.Size][/UPPERCASE]</label>
						</control>
					</focusedlayout>
				</control>
			</control>
		</control>
		<control type="group">
			<animation effect="slide" start="0,105" end="0,0" time="500" delay="1000" easing="inout" tween="cubic">WindowOpen</animation>
			<animation effect="slide" start="0,105" end="0,0" time="500" delay="1000" easing="inout" tween="cubic">Visible</animation>
			<animation effect="slide" start="0,0" end="0,105" time="300" easing="inout" tween="cubic">WindowClose</animation>
			<animation effect="slide" start="0,0" end="0,105" time="300" easing="inout" tween="cubic">Hidden</animation>
			<control type="image">
				<left>0</left>
				<top>976</top>
				<width>1920</width>
				<height>45</height>
				<texture>shadow_h.png</texture>
				<colordiffuse>C3FFFFFF</colordiffuse>
			</control>
			<control type="image">
				<left>0</left>
				<top>1017</top>
				<height>63</height>
				<width>1920</width>
				<aligny>top</aligny>
				<texture>$VAR[texture_base]</texture>
				<colordiffuse>$INFO[skin.string(colortexture)]</colordiffuse>
				<animation effect="fade" end="85" condition="true">Conditional</animation>
			</control>
			<control type="image">
				<left>0</left>
				<top>1020</top>
				<height>60</height>
				<width>1920</width>
				<aligny>top</aligny>
				<texture>$VAR[texture_base]</texture>
				<colordiffuse>$INFO[skin.string(colortexture)]</colordiffuse>
				<animation effect="fade" end="85" condition="true">Conditional</animation>
			</control>
			<control type="grouplist" id="9001">
				<left>218</left>
				<top>1020</top>
				<itemgap>0</itemgap>
				<onup>451</onup>
				<ondown>451</ondown>
				<orientation>horizontal</orientation>
				<control type="button" id="413">
					<include>SettingsBottomButton</include>
					<label>$LOCALIZE[186]</label>
				</control>
				<control type="button" id="414">
					<include>SettingsBottomButton</include>
					<label>$LOCALIZE[222]</label>
				</control>
				<control type="button" id="415">
					<include>SettingsBottomButton</include>
					<label>119</label>
				</control>
			</control>
			<control type="scrollbar" id="80">
				<include>ScrollBar_Vertical</include>
				<left>8</left>
				<top>102</top>
				<height>870</height>
				<onleft>9900</onleft>
				<onright>51</onright>
				<include>animation_fade</include>
				<visible allowhiddenfocus="true">Control.HasFocus(80)</visible>
			</control>
		</control>
	</controls>
</window>
