<?xml version="1.0" encoding="UTF-8"?>
<fonts>
	<!-- KBK Multimedia Center -->
	<!-- ########################################### DEFAULT ########################################### -->
	<fontset id="Default" unicode="true">
		<font>
			<name>font_headersmall</name>
			<filename>aeon_common.ttf</filename>
			<size>20</size>
			<style>uppercase</style>
		</font>
		<font>
			<name>font_yearshome</name>
			<filename>aeon_mainmenu8.ttf</filename>
			<size>20</size>
		</font>
		<font>
			<name>font_button</name>
			<filename>aeon_common.ttf</filename>
			<size>22</size>
			<style>uppercase</style>
		</font>
		<font>
			<name>font_plotsmall</name>
			<filename>aeon_common.ttf</filename>
			<size>23</size>
		</font>
		<font>
			<name>Font13</name>
			<filename>aeon_common.ttf</filename>
			<size>24</size>
		</font>
		<font>
			<name>font_settings</name>
			<filename>aeon_common.ttf</filename>
			<size>25</size>
			<style>uppercase</style>
			<linespacing>1.2</linespacing>
		</font>
		<font>
			<name>font_header</name>
			<filename>aeon_common.ttf</filename>
			<size>28</size>
			<style>uppercase</style>
		</font>
		<font>
			<name>font_plot</name>
			<filename>aeon_common.ttf</filename>
			<size>28</size>
		</font>
		<font>
			<name>font_subtitle</name>
			<filename>aeon_common.ttf</filename>
			<size>30</size>
		</font>
		<font>
			<name>font_lyrics</name>
			<filename>aeon_mainmenu1.ttf</filename>
			<size>32</size>
			<style>bold</style>
		</font>
		<font>
			<name>font_timesmall</name>
			<filename>aeon_common.ttf</filename>
			<size>36</size>
		</font>
		<font>
			<name>font_list</name>
			<filename>aeon_common.ttf</filename>
			<size>38</size>
		</font>
		<font>
			<name>font_channels</name>
			<filename>aeon_mainmenu6.ttf</filename>
			<size>38</size>
		</font>
		<font>
			<name>font_lyricsfocus</name>
			<filename>aeon_mainmenu1.ttf</filename>
			<size>45</size>
			<style>bold</style>
		</font>
		<font>
			<name>font_time</name>
			<filename>aeon_common.ttf</filename>
			<size>45</size>
		</font>
		<font>
			<name>font_titlesettings</name>
			<filename>aeon_common.ttf</filename>
			<size>45</size>
			<style>uppercase</style>
		</font>
		<font>
			<name>font_title</name>
			<filename>aeon_common.ttf</filename>
			<size>55</size>
		</font>
		<font>
			<name>font_virtualmenu1</name>
			<filename>aeon_mainmenu1.ttf</filename>
			<size>65</size>
		</font>
		<font>
			<name>font_virtualmenu2</name>
			<filename>aeon_mainmenu2.ttf</filename>
			<size>65</size>
		</font>
		<font>
			<name>font_virtualmenu3</name>
			<filename>aeon_mainmenu3.ttf</filename>
			<size>65</size>
		</font>
		<font>
			<name>font_virtualmenu4</name>
			<filename>aeon_mainmenu4.ttf</filename>
			<size>65</size>
		</font>
		<font>
			<name>font_virtualmenu5</name>
			<filename>aeon_mainmenu5.ttf</filename>
			<size>65</size>
		</font>
		<font>
			<name>font_virtualmenu6</name>
			<filename>aeon_mainmenu6.ttf</filename>
			<size>65</size>
		</font>
		<font>
			<name>font_virtualmenu7</name>
			<filename>aeon_mainmenu7.ttf</filename>
			<size>65</size>
		</font>
		<font>
			<name>font_virtualmenu8</name>
			<filename>aeon_mainmenu8.ttf</filename>
			<size>65</size>
		</font>
		<font>
			<name>font_menu1</name>
			<filename>aeon_mainmenu1.ttf</filename>
			<size>80</size>
		</font>
		<font>
			<name>font_menu2</name>
			<filename>aeon_mainmenu2.ttf</filename>
			<size>80</size>
		</font>
		<font>
			<name>font_menu3</name>
			<filename>aeon_mainmenu3.ttf</filename>
			<size>80</size>
		</font>
		<font>
			<name>font_menu4</name>
			<filename>aeon_mainmenu4.ttf</filename>
			<size>80</size>
		</font>
		<font>
			<name>font_menu5</name>
			<filename>aeon_mainmenu5.ttf</filename>
			<size>80</size>
		</font>
		<font>
			<name>font_menu6</name>
			<filename>aeon_mainmenu6.ttf</filename>
			<size>80</size>
		</font>
		<font>
			<name>font_menu7</name>
			<filename>aeon_mainmenu7.ttf</filename>
			<size>80</size>
		</font>
		<font>
			<name>font_menu8</name>
			<filename>aeon_mainmenu8.ttf</filename>
			<size>80</size>
		</font>
		<font>
			<name>font_titleviews</name>
			<filename>aeon_mainmenu1.ttf</filename>
			<size>105</size>
		</font>
		<font>
			<name>font_pause</name>
			<filename>aeon_common.ttf</filename>
			<size>150</size>
			<style>uppercase bold</style>
		</font>
		<font>
			<name>lyr1</name>
			<filename>lyrics/Theboldfont.ttf</filename>
			<size>120</size>
		</font>
		<font>
			<name>lyr1b</name>
			<filename>lyrics/PollerOne.ttf</filename>
			<linespacing>0.9</linespacing>
			<aspect>0.9</aspect>
			<size>54</size>
		</font>
		<font>
			<name>lyr2</name>
			<filename>lyrics/Luckiest Guy.ttf</filename>
			<style>uppercase</style>
			<linespacing>0.9</linespacing>
			<size>130</size>
		</font>
		<font>
			<name>lyr2b</name>
			<filename>lyrics/Exo2-Black.ttf</filename>
			<linespacing>0.80</linespacing>
			<size>58</size>
		</font>
		<font>
			<name>lyr3</name>
			<filename>lyrics/SF Distant Galaxy.ttf</filename>
			<style>lowercase</style>
			<linespacing>0.9</linespacing>
			<size>120</size>
		</font>
		<font>
			<name>lyr3b</name>
			<filename>lyrics/Ranchers-Regular.ttf</filename>
			<aspect>1.4</aspect>
			<linespacing>0.9</linespacing>
			<size>50</size>
		</font>
		<font>
			<name>lyr4</name>
			<filename>lyrics/Geomancy - Extra Bold.ttf</filename>
			<linespacing>0.9</linespacing>
			<size>120</size>
		</font>
		<font>
			<name>lyr4b</name>
			<filename>lyrics/hemi head bd it.ttf</filename>
			<style>bold</style>
			<linespacing>0.85</linespacing>
			<size>54</size>
		</font>
		<font>
			<name>lyr5</name>
			<filename>lyrics/BOXING.ttf</filename>
			<aspect>1.3</aspect>
			<style>lowercase</style>
			<linespacing>0.9</linespacing>
			<size>104</size>
		</font>
		<font>
			<name>lyr5b</name>
			<filename>lyrics/Fredoka One.ttf</filename>
			<linespacing>0.85</linespacing>
			<size>54</size>
		</font>
		<font>
			<name>lyr6</name>
			<style>uppercase</style>
			<filename>lyrics/Luckiest Guy.ttf</filename>
			<size>110</size>
		</font>
		<font>
			<name>lyr6a</name>
			<style>uppercase</style>
			<filename>lyrics/Luckiest Guy.ttf</filename>
			<size>165</size>
		</font>
		<font>
			<name>lyr6b</name>
			<style>uppercase</style>
			<filename>lyrics/Luckiest Guy.ttf</filename>
			<size>220</size>
		</font>
		<font>
			<name>lyr6c</name>
			<filename>lyrics/Exo2-Black.ttf</filename>
			<linespacing>0.80</linespacing>
			<size>56</size>
		</font>
		<font>
			<name>lyr7</name>
			<filename>lyrics/Theboldfont.ttf</filename>
			<size>120</size>
		</font>
		<font>
			<name>lyr7b</name>
			<filename>lyrics/PollerOne.ttf</filename>
			<linespacing>0.9</linespacing>
			<aspect>0.9</aspect>
			<size>54</size>
		</font>
		<font>
			<name>lyr8</name>
			<filename>lyrics/SF Distant Galaxy.ttf</filename>
			<style>lowercase</style>
			<linespacing>0.9</linespacing>
			<size>120</size>
		</font>
		<font>
			<name>lyr8b</name>
			<filename>lyrics/Ranchers-Regular.ttf</filename>
			<aspect>1.4</aspect>
			<linespacing>0.9</linespacing>
			<size>50</size>
		</font>
		<font>
			<name>lyr9</name>
			<filename>lyrics/Geomancy - Extra Bold.ttf</filename>
			<linespacing>0.9</linespacing>
			<size>130</size>
		</font>
		<font>
			<name>lyr9b</name>
			<filename>lyrics/hemi head bd it.ttf</filename>
			<style>bold</style>
			<linespacing>0.85</linespacing>
			<size>54</size>
		</font>
		<font>
			<name>lyr10</name>
			<style>uppercase</style>
			<filename>lyrics/Luckiest Guy.ttf</filename>
			<size>170</size>
		</font>
		<font>
			<name>lyr10b</name>
			<style>uppercase</style>
			<filename>lyrics/Luckiest Guy.ttf</filename>
			<size>145</size>
		</font>
		<font>
			<name>lyr10c</name>
			<style>uppercase</style>
			<filename>lyrics/Luckiest Guy.ttf</filename>
			<size>120</size>
		</font>
		<font>
			<name>lyr10d</name>
			<filename>lyrics/Exo2-Black.ttf</filename>
			<linespacing>0.80</linespacing>
			<size>56</size>
		</font>
		<font>
			<name>lyr11</name>
			<filename>lyrics/Theboldfont.ttf</filename>
			<size>120</size>
		</font>
		<font>
			<name>lyr11b</name>
			<filename>lyrics/PollerOne.ttf</filename>
			<linespacing>0.9</linespacing>
			<aspect>0.9</aspect>
			<size>54</size>
		</font>
		<font>
			<name>lyr12</name>
			<filename>lyrics/BOXING.ttf</filename>
			<style>lowercase</style>
			<linespacing>0.9</linespacing>
			<size>275</size>
		</font>
		<font>
			<name>lyr12b</name>
			<filename>lyrics/BOXING.ttf</filename>
			<style>lowercase</style>
			<linespacing>0.9</linespacing>
			<size>165</size>
		</font>
		<font>
			<name>lyr12c</name>
			<filename>lyrics/BOXING.ttf</filename>
			<style>lowercase</style>
			<linespacing>0.9</linespacing>
			<size>220</size>
		</font>
		<font>
			<name>lyr12d</name>
			<filename>lyrics/Fredoka One.ttf</filename>
			<linespacing>0.9</linespacing>
			<size>58</size>
		</font>
		<font>
			<name>lyr13</name>
			<filename>lyrics/SF Distant Galaxy.ttf</filename>
			<style>lowercase</style>
			<linespacing>0.9</linespacing>
			<size>120</size>
		</font>
		<font>
			<name>lyr13b</name>
			<filename>lyrics/Ranchers-Regular.ttf</filename>
			<aspect>1.4</aspect>
			<linespacing>0.9</linespacing>
			<size>50</size>
		</font>
		<font>
			<name>lyr14</name>
			<style>uppercase</style>
			<filename>lyrics/Luckiest Guy.ttf</filename>
			<size>130</size>
		</font>
		<font>
			<name>lyr14b</name>
			<style>uppercase</style>
			<filename>lyrics/Luckiest Guy.ttf</filename>
			<size>150</size>
		</font>
		<font>
			<name>lyr14c</name>
			<style>uppercase</style>
			<filename>lyrics/Luckiest Guy.ttf</filename>
			<size>170</size>
		</font>
		<font>
			<name>lyr14d</name>
			<filename>lyrics/Exo2-Black.ttf</filename>
			<linespacing>0.8</linespacing>
			<size>56</size>
		</font>
		<font>
			<name>lyr15</name>
			<filename>lyrics/Geomancy - Extra Bold.ttf</filename>
			<linespacing>0.9</linespacing>
			<size>130</size>
		</font>
		<font>
			<name>lyr15b</name>
			<filename>lyrics/hemi head bd it.ttf</filename>
			<style>bold</style>
			<linespacing>0.85</linespacing>
			<size>54</size>
		</font>
		<font>
			<name>lyr16</name>
			<filename>lyrics/Theboldfont.ttf</filename>
			<size>120</size>
		</font>
		<font>
			<name>lyr16b</name>
			<filename>lyrics/PollerOne.ttf</filename>
			<linespacing>0.9</linespacing>
			<aspect>0.9</aspect>
			<size>54</size>
		</font>
		<font>
			<name>lyr17</name>
			<style>uppercase</style>
			<filename>lyrics/Luckiest Guy.ttf</filename>
			<size>110</size>
		</font>
		<font>
			<name>lyr17a</name>
			<style>uppercase</style>
			<filename>lyrics/Luckiest Guy.ttf</filename>
			<size>165</size>
		</font>
		<font>
			<name>lyr17b</name>
			<style>uppercase</style>
			<filename>lyrics/Luckiest Guy.ttf</filename>
			<size>220</size>
		</font>
		<font>
			<name>lyr17c</name>
			<filename>lyrics/Exo2-Black.ttf</filename>
			<linespacing>0.80</linespacing>
			<size>56</size>
		</font>
		<font>
			<name>lyr18</name>
			<filename>lyrics/Geomancy - Extra Bold.ttf</filename>
			<linespacing>0.9</linespacing>
			<size>120</size>
		</font>
		<font>
			<name>lyr18b</name>
			<filename>lyrics/hemi head bd it.ttf</filename>
			<style>bold</style>
			<linespacing>0.85</linespacing>
			<size>54</size>
		</font>
		<font>
			<name>lyr19</name>
			<filename>lyrics/BOXING.ttf</filename>
			<style>lowercase</style>
			<linespacing>0.9</linespacing>
			<size>230</size>
		</font>
		<font>
			<name>lyr19b</name>
			<filename>lyrics/BOXING.ttf</filename>
			<style>lowercase</style>
			<linespacing>0.9</linespacing>
			<size>170</size>
		</font>
		<font>
			<name>lyr19c</name>
			<filename>lyrics/BOXING.ttf</filename>
			<style>lowercase</style>
			<linespacing>0.9</linespacing>
			<size>115</size>
		</font>
		<font>
			<name>lyr19d</name>
			<filename>lyrics/Fredoka One.ttf</filename>
			<linespacing>0.9</linespacing>
			<size>58</size>
		</font>
		<font>
			<name>lyr20</name>
			<filename>lyrics/SF Distant Galaxy.ttf</filename>
			<style>lowercase</style>
			<linespacing>0.9</linespacing>
			<size>120</size>
		</font>
		<font>
			<name>lyr20b</name>
			<filename>lyrics/Ranchers-Regular.ttf</filename>
			<aspect>1.4</aspect>
			<linespacing>0.9</linespacing>
			<size>50</size>
		</font>
	</fontset>
	<!-- ########################################### CYRILLIC ########################################### -->
	<fontset id="Cyrillic" unicode="true">
		<font>
			<name>font_headersmall</name>
			<filename>arial.ttf</filename>
			<size>20</size>
			<style>uppercase</style>
		</font>
		<font>
			<name>font_yearshome</name>
			<filename>aeon_mainmenu8.ttf</filename>
			<size>20</size>
		</font>
		<font>
			<name>font_button</name>
			<filename>arial.ttf</filename>
			<size>22</size>
			<style>uppercase</style>
		</font>
		<font>
			<name>font_plotsmall</name>
			<filename>arial.ttf</filename>
			<size>23</size>
		</font>
		<font>
			<name>Font13</name>
			<filename>arial.ttf</filename>
			<size>24</size>
		</font>
		<font>
			<name>font_settings</name>
			<filename>arial.ttf</filename>
			<size>25</size>
			<style>uppercase</style>
			<linespacing>1.2</linespacing>
		</font>
		<font>
			<name>font_header</name>
			<filename>arial.ttf</filename>
			<size>28</size>
			<style>uppercase</style>
		</font>
		<font>
			<name>font_plot</name>
			<filename>arial.ttf</filename>
			<size>28</size>
		</font>
		<font>
			<name>font_subtitle</name>
			<filename>arial.ttf</filename>
			<size>30</size>
		</font>
		<font>
			<name>font_lyrics</name>
			<filename>arial.ttf</filename>
			<size>32</size>
			<style>bold</style>
		</font>
		<font>
			<name>font_timesmall</name>
			<filename>arial.ttf</filename>
			<size>36</size>
		</font>
		<font>
			<name>font_list</name>
			<filename>arial.ttf</filename>
			<size>38</size>
		</font>
		<font>
			<name>font_channels</name>
			<filename>aeon_mainmenu6.ttf</filename>
			<size>38</size>
		</font>
		<font>
			<name>font_lyricsfocus</name>
			<filename>arial.ttf</filename>
			<size>45</size>
			<style>bold</style>
		</font>
		<font>
			<name>font_time</name>
			<filename>arial.ttf</filename>
			<size>40</size>
		</font>
		<font>
			<name>font_titlesettings</name>
			<filename>arial.ttf</filename>
			<size>45</size>
			<style>uppercase</style>
		</font>
		<font>
			<name>font_title</name>
			<filename>arial.ttf</filename>
			<size>55</size>
		</font>
		<font>
			<name>font_virtualmenu1</name>
			<filename>aeon_mainmenu1.ttf</filename>
			<size>65</size>
		</font>
		<font>
			<name>font_virtualmenu2</name>
			<filename>aeon_mainmenu2.ttf</filename>
			<size>65</size>
		</font>
		<font>
			<name>font_virtualmenu3</name>
			<filename>aeon_mainmenu3.ttf</filename>
			<size>65</size>
		</font>
		<font>
			<name>font_virtualmenu4</name>
			<filename>aeon_mainmenu4.ttf</filename>
			<size>65</size>
		</font>
		<font>
			<name>font_virtualmenu5</name>
			<filename>aeon_mainmenu5.ttf</filename>
			<size>65</size>
		</font>
		<font>
			<name>font_virtualmenu6</name>
			<filename>aeon_mainmenu6.ttf</filename>
			<size>65</size>
		</font>
		<font>
			<name>font_virtualmenu7</name>
			<filename>aeon_mainmenu7.ttf</filename>
			<size>65</size>
		</font>
		<font>
			<name>font_virtualmenu8</name>
			<filename>aeon_mainmenu8.ttf</filename>
			<size>65</size>
		</font>
		<font>
			<name>font_menu1</name>
			<filename>aeon_mainmenu2.ttf</filename>
			<size>70</size>
		</font>
		<font>
			<name>font_menu2</name>
			<filename>aeon_mainmenu2.ttf</filename>
			<size>80</size>
		</font>
		<font>
			<name>font_menu3</name>
			<filename>aeon_mainmenu4.ttf</filename>
			<size>70</size>
		</font>
		<font>
			<name>font_menu4</name>
			<filename>aeon_mainmenu4.ttf</filename>
			<size>80</size>
		</font>
		<font>
			<name>font_menu5</name>
			<filename>aeon_mainmenu8.ttf</filename>
			<size>50</size>
		</font>
		<font>
			<name>font_menu6</name>
			<filename>aeon_mainmenu8.ttf</filename>
			<size>60</size>
		</font>
		<font>
			<name>font_menu7</name>
			<filename>aeon_mainmenu8.ttf</filename>
			<size>70</size>
		</font>
		<font>
			<name>font_menu8</name>
			<filename>aeon_mainmenu8.ttf</filename>
			<size>90</size>
		</font>
		<font>
			<name>font_titleviews</name>
			<filename>aeon_mainmenu8.ttf</filename>
			<size>90</size>
			<style>lighten</style>
		</font>
		<font>
			<name>font_pause</name>
			<filename>arial.ttf</filename>
			<size>150</size>
			<style>uppercase bold</style>
		</font>		
		<font>
			<name>lyr1</name>
			<filename>lyrics/Theboldfont.ttf</filename>
			<size>120</size>
		</font>
		<font>
			<name>lyr1b</name>
			<filename>lyrics/PollerOne.ttf</filename>
			<linespacing>0.9</linespacing>
			<aspect>0.9</aspect>
			<size>54</size>
		</font>
		<font>
			<name>lyr2</name>
			<filename>lyrics/Luckiest Guy.ttf</filename>
			<style>uppercase</style>
			<linespacing>0.9</linespacing>
			<size>130</size>
		</font>
		<font>
			<name>lyr2b</name>
			<filename>lyrics/Exo2-Black.ttf</filename>
			<linespacing>0.80</linespacing>
			<size>58</size>
		</font>
		<font>
			<name>lyr3</name>
			<filename>lyrics/SF Distant Galaxy.ttf</filename>
			<style>lowercase</style>
			<linespacing>0.9</linespacing>
			<size>120</size>
		</font>
		<font>
			<name>lyr3b</name>
			<filename>lyrics/Ranchers-Regular.ttf</filename>
			<aspect>1.4</aspect>
			<linespacing>0.9</linespacing>
			<size>50</size>
		</font>
		<font>
			<name>lyr4</name>
			<filename>lyrics/Geomancy - Extra Bold.ttf</filename>
			<linespacing>0.9</linespacing>
			<size>120</size>
		</font>
		<font>
			<name>lyr4b</name>
			<filename>lyrics/hemi head bd it.ttf</filename>
			<style>bold</style>
			<linespacing>0.85</linespacing>
			<size>54</size>
		</font>
		<font>
			<name>lyr5</name>
			<filename>lyrics/BOXING.ttf</filename>
			<aspect>1.3</aspect>
			<style>lowercase</style>
			<linespacing>0.9</linespacing>
			<size>104</size>
		</font>
		<font>
			<name>lyr5b</name>
			<filename>lyrics/Fredoka One.ttf</filename>
			<linespacing>0.85</linespacing>
			<size>54</size>
		</font>
		<font>
			<name>lyr6</name>
			<style>uppercase</style>
			<filename>lyrics/Luckiest Guy.ttf</filename>
			<size>110</size>
		</font>
		<font>
			<name>lyr6a</name>
			<style>uppercase</style>
			<filename>lyrics/Luckiest Guy.ttf</filename>
			<size>165</size>
		</font>
		<font>
			<name>lyr6b</name>
			<style>uppercase</style>
			<filename>lyrics/Luckiest Guy.ttf</filename>
			<size>220</size>
		</font>
		<font>
			<name>lyr6c</name>
			<filename>lyrics/Exo2-Black.ttf</filename>
			<linespacing>0.80</linespacing>
			<size>56</size>
		</font>
		<font>
			<name>lyr7</name>
			<filename>lyrics/Theboldfont.ttf</filename>
			<size>120</size>
		</font>
		<font>
			<name>lyr7b</name>
			<filename>lyrics/PollerOne.ttf</filename>
			<linespacing>0.9</linespacing>
			<aspect>0.9</aspect>
			<size>54</size>
		</font>
		<font>
			<name>lyr8</name>
			<filename>lyrics/SF Distant Galaxy.ttf</filename>
			<style>lowercase</style>
			<linespacing>0.9</linespacing>
			<size>120</size>
		</font>
		<font>
			<name>lyr8b</name>
			<filename>lyrics/Ranchers-Regular.ttf</filename>
			<aspect>1.4</aspect>
			<linespacing>0.9</linespacing>
			<size>50</size>
		</font>
		<font>
			<name>lyr9</name>
			<filename>lyrics/Geomancy - Extra Bold.ttf</filename>
			<linespacing>0.9</linespacing>
			<size>130</size>
		</font>
		<font>
			<name>lyr9b</name>
			<filename>lyrics/hemi head bd it.ttf</filename>
			<style>bold</style>
			<linespacing>0.85</linespacing>
			<size>54</size>
		</font>
		<font>
			<name>lyr10</name>
			<style>uppercase</style>
			<filename>lyrics/Luckiest Guy.ttf</filename>
			<size>170</size>
		</font>
		<font>
			<name>lyr10b</name>
			<style>uppercase</style>
			<filename>lyrics/Luckiest Guy.ttf</filename>
			<size>145</size>
		</font>
		<font>
			<name>lyr10c</name>
			<style>uppercase</style>
			<filename>lyrics/Luckiest Guy.ttf</filename>
			<size>120</size>
		</font>
		<font>
			<name>lyr10d</name>
			<filename>lyrics/Exo2-Black.ttf</filename>
			<linespacing>0.80</linespacing>
			<size>56</size>
		</font>
		<font>
			<name>lyr11</name>
			<filename>lyrics/Theboldfont.ttf</filename>
			<size>120</size>
		</font>
		<font>
			<name>lyr11b</name>
			<filename>lyrics/PollerOne.ttf</filename>
			<linespacing>0.9</linespacing>
			<aspect>0.9</aspect>
			<size>54</size>
		</font>
		<font>
			<name>lyr12</name>
			<filename>lyrics/BOXING.ttf</filename>
			<style>lowercase</style>
			<linespacing>0.9</linespacing>
			<size>275</size>
		</font>
		<font>
			<name>lyr12b</name>
			<filename>lyrics/BOXING.ttf</filename>
			<style>lowercase</style>
			<linespacing>0.9</linespacing>
			<size>165</size>
		</font>
		<font>
			<name>lyr12c</name>
			<filename>lyrics/BOXING.ttf</filename>
			<style>lowercase</style>
			<linespacing>0.9</linespacing>
			<size>220</size>
		</font>
		<font>
			<name>lyr12d</name>
			<filename>lyrics/Fredoka One.ttf</filename>
			<linespacing>0.9</linespacing>
			<size>58</size>
		</font>
		<font>
			<name>lyr13</name>
			<filename>lyrics/SF Distant Galaxy.ttf</filename>
			<style>lowercase</style>
			<linespacing>0.9</linespacing>
			<size>120</size>
		</font>
		<font>
			<name>lyr13b</name>
			<filename>lyrics/Ranchers-Regular.ttf</filename>
			<aspect>1.4</aspect>
			<linespacing>0.9</linespacing>
			<size>50</size>
		</font>
		<font>
			<name>lyr14</name>
			<style>uppercase</style>
			<filename>lyrics/Luckiest Guy.ttf</filename>
			<size>130</size>
		</font>
		<font>
			<name>lyr14b</name>
			<style>uppercase</style>
			<filename>lyrics/Luckiest Guy.ttf</filename>
			<size>150</size>
		</font>
		<font>
			<name>lyr14c</name>
			<style>uppercase</style>
			<filename>lyrics/Luckiest Guy.ttf</filename>
			<size>170</size>
		</font>
		<font>
			<name>lyr14d</name>
			<filename>lyrics/Exo2-Black.ttf</filename>
			<linespacing>0.8</linespacing>
			<size>56</size>
		</font>
		<font>
			<name>lyr15</name>
			<filename>lyrics/Geomancy - Extra Bold.ttf</filename>
			<linespacing>0.9</linespacing>
			<size>130</size>
		</font>
		<font>
			<name>lyr15b</name>
			<filename>lyrics/hemi head bd it.ttf</filename>
			<style>bold</style>
			<linespacing>0.85</linespacing>
			<size>54</size>
		</font>
		<font>
			<name>lyr16</name>
			<filename>lyrics/Theboldfont.ttf</filename>
			<size>120</size>
		</font>
		<font>
			<name>lyr16b</name>
			<filename>lyrics/PollerOne.ttf</filename>
			<linespacing>0.9</linespacing>
			<aspect>0.9</aspect>
			<size>54</size>
		</font>
		<font>
			<name>lyr17</name>
			<style>uppercase</style>
			<filename>lyrics/Luckiest Guy.ttf</filename>
			<size>110</size>
		</font>
		<font>
			<name>lyr17a</name>
			<style>uppercase</style>
			<filename>lyrics/Luckiest Guy.ttf</filename>
			<size>165</size>
		</font>
		<font>
			<name>lyr17b</name>
			<style>uppercase</style>
			<filename>lyrics/Luckiest Guy.ttf</filename>
			<size>220</size>
		</font>
		<font>
			<name>lyr17c</name>
			<filename>lyrics/Exo2-Black.ttf</filename>
			<linespacing>0.80</linespacing>
			<size>56</size>
		</font>
		<font>
			<name>lyr18</name>
			<filename>lyrics/Geomancy - Extra Bold.ttf</filename>
			<linespacing>0.9</linespacing>
			<size>120</size>
		</font>
		<font>
			<name>lyr18b</name>
			<filename>lyrics/hemi head bd it.ttf</filename>
			<style>bold</style>
			<linespacing>0.85</linespacing>
			<size>54</size>
		</font>
		<font>
			<name>lyr19</name>
			<filename>lyrics/BOXING.ttf</filename>
			<style>lowercase</style>
			<linespacing>0.9</linespacing>
			<size>230</size>
		</font>
		<font>
			<name>lyr19b</name>
			<filename>lyrics/BOXING.ttf</filename>
			<style>lowercase</style>
			<linespacing>0.9</linespacing>
			<size>170</size>
		</font>
		<font>
			<name>lyr19c</name>
			<filename>lyrics/BOXING.ttf</filename>
			<style>lowercase</style>
			<linespacing>0.9</linespacing>
			<size>115</size>
		</font>
		<font>
			<name>lyr19d</name>
			<filename>lyrics/Fredoka One.ttf</filename>
			<linespacing>0.9</linespacing>
			<size>58</size>
		</font>
		<font>
			<name>lyr20</name>
			<filename>lyrics/SF Distant Galaxy.ttf</filename>
			<style>lowercase</style>
			<linespacing>0.9</linespacing>
			<size>120</size>
		</font>
		<font>
			<name>lyr20b</name>
			<filename>lyrics/Ranchers-Regular.ttf</filename>
			<aspect>1.4</aspect>
			<linespacing>0.9</linespacing>
			<size>50</size>
		</font>
	</fontset>
</fonts>
