<?xml version="1.0" encoding="UTF-8"?>
<includes>
	<!-- KBK Multimedia Center -->
	<!-- ############################# Letras layout estilo default ############################# -->
	<include name="LyricsDefault">
		<control type="group">
			<animation effect="slide" start="0,-500" end="0,0" time="700" tween="sine" easing="inout" delay="4000">WindowOpen</animation>
			<animation effect="slide" start="0,-500" end="0,0" time="700" tween="sine" easing="inout" delay="1000">Visible</animation>
			<visible>Player.HasAudio + Window.IsVisible(visualisation) + ![Window.IsVisible(musicosd) | Window.IsVisible(visualisationpresetlist) | Window.IsVisible(1158) | Skin.HasSetting(nolyrics_on) | Skin.HasSetting(novisfurniture)]</visible>
			<!-- Para proximas faixas -->
			<control type="button">
				<left>38</left>
				<top>519</top>
				<width>375</width>
				<height>30</height>
				<label>31325</label>
				<font>font_button</font>
				<align>left</align>
				<textoffsetx>60</textoffsetx>
				<onclick>ActivateWindow(1158)</onclick>
				<textcolor>80FFFAF0</textcolor>
				<focusedcolor>FFF8F8F8</focusedcolor>
				<texturefocus diffuse="gradient_button.png">grey.png</texturefocus>
				<visible>![String.IsEmpty(MusicPlayer.offset(1).Artist) | Skin.HasSetting(nonexttracks_on)]</visible>
			</control>
			<control type="image">
				<left>60</left>
				<top>518</top>
				<width>30</width>
				<height>30</height>
				<texture>arrow_left.png</texture>
				<colordiffuse>80FFFAF0</colordiffuse>
				<include>animation_fade</include>
				<visible>![String.IsEmpty(MusicPlayer.offset(1).Artist) | Skin.HasSetting(nonexttracks_on)]</visible>
			</control>
			<!-- Para Menu -->
			<control type="button">
				<left>1508</left>
				<top>519</top>
				<width>375</width>
				<height>30</height>
				<label>31238</label>
				<font>font_button</font>
				<align>right</align>
				<textoffsetx>60</textoffsetx>
				<onclick>ActivateWindow(120)</onclick>
				<textcolor>80FFFAF0</textcolor>
				<focusedcolor>FFF8F8F8</focusedcolor>
				<texturefocus flipx="true" diffuse="gradient_button.png">grey.png</texturefocus>
				<texturenofocus></texturenofocus>
			</control>
			<control type="image">
				<left>1830</left>
				<top>518</top>
				<width>30</width>
				<height>30</height>
				<texture flipx="true">arrow_left.png</texture>
				<colordiffuse>80FFFAF0</colordiffuse>
				<include>animation_fade</include>
			</control>
			<!-- Scraper -->
			<control type="label" id="200">
				<visible>false</visible>
			</control>
			<!-- ** Required ** Do not change <id> or <type> -->
			<control type="list" id="110">
				<left>60</left>
				<top>30</top>
				<width>1620</width>
				<height>470</height>
				<onleft condition="![String.IsEmpty(MusicPlayer.offset(1).Artist) | Skin.HasSetting(nonexttracks_on)]">ActivateWindow(1158)</onleft>
				<onright>ActivateWindow(120)</onright>
				<onup>999</onup>
				<ondown>110</ondown>
				<viewtype label="535">list</viewtype>
				<pagecontrol>111</pagecontrol>
				<scrolltime>200</scrolltime>
				<itemlayout height="52">
					<control type="label">
						<left>2</left>
						<top>0</top>
						<width>1620</width>
						<height>33</height>
						<info>ListItem.Label</info>
						<font>font_lyrics</font>
						<align>left</align>
						<aligny>top</aligny>
						<textcolor>black</textcolor>
					</control>
					<control type="label">
						<left>-1</left>
						<top>0</top>
						<width>1620</width>
						<height>33</height>
						<info>ListItem.Label</info>
						<font>font_lyrics</font>
						<align>left</align>
						<aligny>top</aligny>
						<textcolor>black</textcolor>
					</control>
					<control type="label">
						<left>1</left>
						<top>2</top>
						<width>1620</width>
						<height>33</height>
						<info>ListItem.Label</info>
						<font>font_lyrics</font>
						<align>left</align>
						<aligny>top</aligny>
						<textcolor>black</textcolor>
					</control>
					<control type="label">
						<left>0</left>
						<top>-1</top>
						<width>1620</width>
						<height>33</height>
						<info>ListItem.Label</info>
						<font>font_lyrics</font>
						<align>left</align>
						<aligny>top</aligny>
						<textcolor>black</textcolor>
					</control>
					<control type="label">
						<width>1620</width>
						<height>33</height>
						<info>ListItem.Label</info>
						<font>font_lyrics</font>
						<align>left</align>
						<aligny>top</aligny>
						<textcolor>FFE9F2F3</textcolor>
					</control>
				</itemlayout>
				<focusedlayout height="52">
					<control type="label">
						<left>2</left>
						<top>-6</top>
						<width>1620</width>
						<height>33</height>
						<info>ListItem.Label</info>
						<font>font_lyricsfocus</font>
						<align>left</align>
						<aligny>top</aligny>
						<textcolor>black</textcolor>
					</control>
					<control type="label">
						<left>-1</left>
						<top>-6</top>
						<width>1620</width>
						<height>33</height>
						<info>ListItem.Label</info>
						<font>font_lyricsfocus</font>
						<align>left</align>
						<aligny>top</aligny>
						<textcolor>black</textcolor>
					</control>
					<control type="label">
						<left>1</left>
						<top>-4</top>
						<width>1620</width>
						<height>33</height>
						<info>ListItem.Label</info>
						<font>font_lyricsfocus</font>
						<align>left</align>
						<aligny>top</aligny>
						<textcolor>black</textcolor>
					</control>
					<control type="label">
						<left>0</left>
						<top>-7</top>
						<width>1620</width>
						<height>33</height>
						<info>ListItem.Label</info>
						<font>font_lyricsfocus</font>
						<align>left</align>
						<aligny>top</aligny>
						<textcolor>black</textcolor>
					</control>
					<control type="label">
						<left>0</left>
						<top>-7</top>
						<width>1620</width>
						<height>33</height>
						<info>ListItem.Label</info>
						<font>font_lyricsfocus</font>
						<align>left</align>
						<aligny>top</aligny>
						<textcolor>$INFO[skin.string(colorheader)]</textcolor>
					</control>
				</focusedlayout>
			</control>
			<control type="spincontrol" id="111">
				<visible>false</visible>
			</control>
			<!-- ** Required ** Do not change <id> or <type> -->
			<control type="list" id="120">
				<left>150</left>
				<top>105</top>
				<width>1620</width>
				<height>405</height>
				<onleft condition="![String.IsEmpty(MusicPlayer.offset(1).Artist) | Skin.HasSetting(nonexttracks_on)]">ActivateWindow(1158)</onleft>
				<onright>ActivateWindow(120)</onright>
				<onup>120</onup>
				<ondown>120</ondown>
				<viewtype label="535">list</viewtype>
				<pagecontrol>121</pagecontrol>
				<scrolltime>200</scrolltime>
				<itemlayout height="52">
					<control type="label">
						<left>0</left>
						<top>4</top>
						<width>1620</width>
						<height>33</height>
						<info>ListItem.Label</info>
						<font>font_list</font>
						<align>center</align>
						<aligny>center</aligny>
						<textcolor>80FFFAF0</textcolor>
					</control>
				</itemlayout>
				<focusedlayout height="52">
					<control type="image">
						<left>0</left>
						<top>4</top>
						<width>1620</width>
						<height>52</height>
						<texture>gradient_focus.png</texture>
						<colordiffuse>$INFO[skin.string(colorheader)]</colordiffuse>
						<visible>Control.HasFocus(120)</visible>
					</control>
					<control type="label">
						<left>-82</left>
						<top>4</top>
						<width>1620</width>
						<height>33</height>
						<info>ListItem.Label</info>
						<font>font_title</font>
						<align>center</align>
						<aligny>center</aligny>
						<textcolor>$INFO[skin.string(colorheader)]</textcolor>
					</control>
				</focusedlayout>
			</control>
			<control type="spincontrol" id="121">
				<visible>false</visible>
			</control>
		</control>
	</include>
	<!-- ############################# Letras em modo karaoke ############################# -->
	<include name="LyricsKaraoke">
		<control type="group">
			<animation effect="slide" start="-1920,0" end="0,0" time="700" tween="sine" easing="inout" delay="1000">WindowOpen</animation>
			<animation effect="slide" start="-1920,0" end="0,0" time="700" tween="sine" easing="inout" delay="1000">Visible</animation>
			<animation effect="slide" start="0,0" end="-1920,0" time="400" tween="sine" easing="inout">WindowClose</animation>
			<animation effect="slide" start="0,0" end="-1920,0" time="400" tween="sine" easing="inout">Hidden</animation>
			<visible>Player.HasAudio + ![Window.IsVisible(musicosd) | Window.IsVisible(visualisationpresetlist) | Window.IsVisible(1158)]</visible>
			<control type="image">
				<left>0</left>
				<top>0</top>
				<width>1920</width>
				<height>1080</height>
				<texture>black.png</texture>
				<colordiffuse>C3FFFFFF</colordiffuse>
			</control>
			<control type="image">
				<left>0</left>
				<top>94</top>
				<width>1920</width>
				<height>45</height>
				<texture flipy="true">shadow_h.png</texture>
				<colordiffuse>C3FFFFFF</colordiffuse>
			</control>
			<control type="image">
				<left>0</left>
				<top>0</top>
				<width>1920</width>
				<height>94</height>
				<texture>black.png</texture>
				<colordiffuse>C3FFFFFF</colordiffuse>
			</control>
			<control type="image">
				<left>0</left>
				<top>0</top>
				<width>1920</width>
				<height>92</height>
				<texture>black.png</texture>
				<colordiffuse>90FFFFFF</colordiffuse>
			</control>
			<!-- Titulo -->
			<control type="label">
				<left>75</left>
				<top>18</top>
				<width>1770</width>
				<height>30</height>
				<label>[COLOR=$INFO[skin.string(colorheader)]]$INFO[MusicPlayer.Artist][/COLOR] - $INFO[MusicPlayer.Title]</label>
				<font>font_title</font>
				<align>center</align>
				<textcolor>FFF8F8F8</textcolor>
			</control>
			<control type="image">
				<left>1845</left>
				<top>1020</top>
				<width>30</width>
				<height>30</height>
				<texture flipx="true">arrow_left.png</texture>
				<colordiffuse>30FFFAF0</colordiffuse>
				<include>animation_fade</include>
			</control>
			<!-- Para Menu -->
			<control type="label">
				<left>1830</left>
				<top>1020</top>
				<width>225</width>
				<height>30</height>
				<label>31238</label>
				<font>font_button</font>
				<align>right</align>
				<textcolor>30FFFAF0</textcolor>
			</control>
			<!-- Scraper -->
			<control type="label" id="200">
				<visible>false</visible>
			</control>
			<!-- ** Required ** Do not change <id> or <type> -->
			<control type="list" id="110">
				<left>150</left>
				<top>135</top>
				<width>1620</width>
				<height>885</height>
				<onright>ActivateWindow(120)</onright>
				<onup>999</onup>
				<ondown>110</ondown>
				<viewtype label="535">list</viewtype>
				<pagecontrol>111</pagecontrol>
				<scrolltime>200</scrolltime>
				<itemlayout height="52">
					<control type="label">
						<left>0</left>
						<top>4</top>
						<width>1620</width>
						<height>33</height>
						<info>ListItem.Label</info>
						<font>font_list</font>
						<align>center</align>
						<aligny>center</aligny>
						<textcolor>80FFFAF0</textcolor>
					</control>
				</itemlayout>
				<focusedlayout height="52">
					<control type="image">
						<left>0</left>
						<top>4</top>
						<width>1620</width>
						<height>52</height>
						<texture>gradient_focus.png</texture>
						<colordiffuse>$INFO[skin.string(colorheader)]</colordiffuse>
						<visible>Control.HasFocus(110)</visible>
					</control>
					<control type="label">
						<left>-82</left>
						<top>4</top>
						<width>1770</width>
						<height>33</height>
						<info>ListItem.Label</info>
						<font>font_title</font>
						<align>center</align>
						<aligny>center</aligny>
						<textcolor>$INFO[skin.string(colorheader)]</textcolor>
					</control>
				</focusedlayout>
			</control>
			<control type="spincontrol" id="111">
				<visible>false</visible>
			</control>
			<!-- ** Required ** Do not change <id> or <type> -->
			<control type="list" id="120">
				<left>150</left>
				<top>135</top>
				<width>1620</width>
				<height>885</height>
				<onright>ActivateWindow(120)</onright>
				<onup>120</onup>
				<ondown>120</ondown>
				<viewtype label="535">list</viewtype>
				<pagecontrol>121</pagecontrol>
				<scrolltime>200</scrolltime>
				<itemlayout height="52">
					<control type="label">
						<left>0</left>
						<top>4</top>
						<width>1620</width>
						<height>33</height>
						<info>ListItem.Label</info>
						<font>font_list</font>
						<align>center</align>
						<aligny>center</aligny>
						<textcolor>80FFFAF0</textcolor>
					</control>
				</itemlayout>
				<focusedlayout height="52">
					<control type="image">
						<left>0</left>
						<top>4</top>
						<width>1620</width>
						<height>52</height>
						<texture>gradient_focus.png</texture>
						<colordiffuse>$INFO[skin.string(colorheader)]</colordiffuse>
						<visible>Control.HasFocus(120)</visible>
					</control>
					<control type="label">
						<left>-82</left>
						<top>4</top>
						<width>1620</width>
						<height>33</height>
						<info>ListItem.Label</info>
						<font>font_title</font>
						<align>center</align>
						<aligny>center</aligny>
						<textcolor>$INFO[skin.string(colorheader)]</textcolor>
					</control>
				</focusedlayout>
			</control>
			<control type="spincontrol" id="121">
				<visible>false</visible>
			</control>
		</control>
	</include>
	<!-- ############################# Letras em modo animado (by MANFEED) ############################# -->
	<include name="LyricsAnimated">
		<control type="group">
			<animation effect="slide" start="0,-500" end="0,0" time="700" tween="sine" easing="inout" delay="4000">WindowOpen</animation>
			<animation effect="slide" start="0,-500" end="0,0" time="700" tween="sine" easing="inout" delay="1000">Visible</animation>
			<visible>Player.HasAudio + Window.IsVisible(visualisation) + ![Window.IsVisible(musicosd) | Window.IsVisible(visualisationpresetlist) | Window.IsVisible(1158) | Skin.HasSetting(nolyrics_on) | Skin.HasSetting(novisfurniture)]</visible>
		<!-- Para proximas faixas -->
		<control type="button">	
			<left>38</left>
			<top>519</top>
			<width>375</width>
			<height>30</height>
			<label>31325</label>
			<font>font_button</font>
			<align>left</align>
			<textoffsetx>60</textoffsetx>
			<onclick>ActivateWindow(1158)</onclick>
			<textcolor>80FFFAF0</textcolor>
			<focusedcolor>FFFFFAF0</focusedcolor>
			<texturefocus diffuse="gradient_button.png">grey.png</texturefocus>
			<visible>![String.IsEmpty(MusicPlayer.offset(1).Artist) | Skin.HasSetting(nonexttracks_on)]</visible>
		</control>
		<control type="image">
			<left>60</left>
			<top>518</top>
			<width>30</width>
			<height>30</height>
			<texture>arrow_left.png</texture>
			<colordiffuse>80FFFAF0</colordiffuse>
			<include>animation_fade</include>
			<visible>![String.IsEmpty(MusicPlayer.offset(1).Artist) | Skin.HasSetting(nonexttracks_on)]</visible>
		</control>
		<!-- Para Menu -->
		<control type="button">	
			<left>1508</left>
			<top>519</top>
			<width>375</width>
			<height>30</height>
			<label>31238</label>
			<font>font_button</font>
			<align>right</align>
			<textoffsetx>60</textoffsetx>
			<onclick>ActivateWindow(120)</onclick>
			<textcolor>80FFFAF0</textcolor>
			<focusedcolor>FFFFFAF0</focusedcolor>
			<texturefocus flipx="true" diffuse="gradient_button.png">grey.png</texturefocus>
			<texturenofocus></texturenofocus>
		</control>
		<control type="image">
			<left>1830</left>
			<top>518</top>
			<width>30</width>
			<height>30</height>
			<texture flipx="true">arrow_left.png</texture>
			<colordiffuse>80FFFAF0</colordiffuse>
			<include>animation_fade</include>
		</control>
			<!-- ** Required ** Do not change <id> or <type> (Text box for lyrics) -->
			<control type="textbox" id="100">
				<description>textarea</description>
				<left>45</left>
				<top>50</top>
				<width>1830</width>
				<height>330</height>
				<align>center</align>
				<font>font_header</font>
				<textcolor>white</textcolor>
			</control>
			<!-- ** Required ** Do not change <id> or <type> (Text box for lyrics) -->
			<control type="list" id="110">
				<left>60</left>
				<top>65</top>
				<width>1830</width>
				<height>450</height>
				<!--* MULTI MOD *-->
				<onleft condition="![String.IsEmpty(MusicPlayer.offset(1).Artist) | Skin.HasSetting(nonexttracks_on)]">ActivateWindow(1158)</onleft>
				<onright>ActivateWindow(120)</onright>
				<!--* MULTI MOD *-->
				<onup>110</onup>
				<ondown>110</ondown>
				<pagecontrol>111</pagecontrol>
				<scrolltime tween="quadratic" easing="out">300</scrolltime>
				<itemlayout height="110">
				</itemlayout>
				<focusedlayout height="110">
				</focusedlayout>
			</control>			
			<!-- ** Required ** Do not change <id> or <type> (Song Chooser if it gets it wrong) -->
			<control type="list" id="120">
				<left>45</left>
				<top>45</top>
				<width>1830</width>
				<height>430</height>
				<onleft>121</onleft>
				<onright>121</onright>
				<onup>120</onup>
				<ondown>120</ondown>
				<pagecontrol>121</pagecontrol>
				<scrolltime tween="quadratic" easing="out">200</scrolltime>
				<itemlayout height="60" width="641">
					<control type="image">
						<left>1</left>
						<width>630</width>
						<height>60</height>
						<texture border="1">separator.png</texture>
					</control>
					<control type="label">
						<width>630</width>
						<height>60</height>
						<font>font_plot</font>
						<textoffsetx>15</textoffsetx>
						<textcolor>grey2</textcolor>
						<selectedcolor>$INFO[skin.string(colorheader)]</selectedcolor>
						<label>$INFO[ListItem.Label]</label>
					</control>
					<control type="label">
						<width>630</width>
						<height>60</height>
						<font>font_plot</font>
						<textoffsetx>15</textoffsetx>
						<textcolor>grey2</textcolor>
						<selectedcolor>$INFO[skin.string(colorheader)]</selectedcolor>
						<align>right</align>
						<label>$INFO[ListItem.Label2]</label>
					</control>
				</itemlayout>
				<focusedlayout height="60" width="641">
					<control type="image">
						<left>1</left>
						<width>630</width>
						<height>60</height>
						<texture border="5">grey.png</texture>
						<visible>Control.HasFocus(120)</visible>
						<include>animation_fade</include>
					</control>
					<control type="label">
						<width>630</width>
						<height>60</height>
						<font>font_plot</font>
						<textoffsetx>15</textoffsetx>
						<textcolor>white</textcolor>
						<selectedcolor>$INFO[skin.string(colorheader)]</selectedcolor>
						<label>$INFO[ListItem.Label]</label>
						<animation effect="fade" start="100" end="70" time="300" tween="sine" easing="inout" condition="!Control.HasFocus(120)">Conditional</animation>
					</control>
					<control type="label">
						<width>630</width>
						<height>60</height>
						<font>font_plot</font>
						<textoffsetx>15</textoffsetx>
						<textcolor>grey</textcolor>
						<selectedcolor>$INFO[skin.string(colorheader)]</selectedcolor>
						<align>right</align>
						<label>$INFO[ListItem.Label2]</label>
						<animation effect="fade" start="100" end="70" time="300" tween="sine" easing="inout" condition="!Control.HasFocus(120)">Conditional</animation>
					</control>
				</focusedlayout>
			</control>
			<control type="label">
				<description>Scraper label</description>
				<visible>!Integer.IsGreater(MusicPlayer.Time,45) + Player.ShowInfo</visible>
				<left>32</left>
				<top>530</top>
				<width>825</width>
				<height>45</height>
				<label>$INFO[Control.GetLabel(200)]</label>
				<font>font_plotsmall</font>
				<align>left</align>
				<textcolor>grey2</textcolor>
			</control>
			<control type="label" id="200">
				<description>Scraper label</description>
				<visible>false</visible>
			</control>
			<!-- ** Required ** Do not change <id> or <type> -->
			<control type="group">
				<visible>!String.IsEmpty(Container(110).ListItem.Label)</visible>
				<control type="group">
					<visible>[!String.IsEmpty(Window(Home).Property(culrc.islrc)) + Integer.IsGreater(Container(110).ListItem.Property(duration),299) + !Integer.IsGreater(Container(110).ListItem.Property(duration),1449)] | String.IsEmpty(Container(110).ListItem.Property(part4))</visible>
					<!--Short LINE 1-->
					<control type="grouplist">
						<left>0</left>
					      <top>199</top>
					      <width>1920</width>
					      <height>100</height>
					      <itemgap>10</itemgap>
					      <scrolltime>0</scrolltime>
					      <orientation>horizontal</orientation>
					      <visible>true</visible>
					      <align>center</align><include content="Line1"></include></control>
					<control type="grouplist">
						<left>4</left>
					      <top>203</top>
					      <width>1920</width>
					      <height>100</height>
					      <itemgap>10</itemgap>
					      <scrolltime>0</scrolltime>
					      <orientation>horizontal</orientation>
					      <visible>true</visible>
					      <align>center</align><include content="Line1"></include></control>
					<control type="grouplist">
						<left>1</left>
					      <top>200</top>
					      <width>1920</width>
					      <height>100</height>
					      <itemgap>10</itemgap>
					      <scrolltime>0</scrolltime>
					      <orientation>horizontal</orientation>
					      <visible>true</visible>
					      <align>center</align><include content="Line1"><param name="col11">$VAR[Col_lyr1]</param><param name="col12">$VAR[Col_lyr2]</param><param name="col13">$VAR[Col_lyr3]</param></include></control>
					<include content="Line1b">
						<param name="1b_left">509</param>
						<param name="1b_top">223</param>
					</include>
					<include content="Line1b">
						<param name="1b_left">513</param>
						<param name="1b_top">227</param>
					</include>
					<include content="Line1b">
						<param name="col14">$VAR[Col_lyr4]</param>
					</include>
					<!--Short LINE 2-->
					<include content="Line2"></include>
					<include content="Line2">
						<param name="2_left">14</param>
						<param name="2_top">4</param>
					</include>
					<include content="Line2">
						<param name="col21">$VAR[Col_lyr1]</param>
						<param name="col22">$VAR[Col_lyr2]</param>
						<param name="col23">$VAR[Col_lyr3]</param>
						<param name="col24">$VAR[Col_lyr4]</param>
						<param name="2_left">11</param>
						<param name="2_top">1</param>
					</include>
					<!--Short LINE 3-->
					<control type="grouplist">
						<left>0</left>
					      <top>199</top>
					      <width>1920</width>
					      <height>120</height>
					      <itemgap>3</itemgap>
					      <scrolltime>0</scrolltime>
					      <orientation>horizontal</orientation>
					      <visible>true</visible>
					      <align>center</align><include content="Line3"></include></control>
					<control type="grouplist">
						<left>4</left>
					      <top>203</top>
					      <width>1920</width>
					      <height>120</height>
					      <itemgap>3</itemgap>
					      <scrolltime>0</scrolltime>
					      <orientation>horizontal</orientation>
					      <visible>true</visible>
					      <align>center</align><include content="Line3"></include></control>
					<control type="grouplist">
						<left>1</left>
					      <top>200</top>
					      <width>1920</width>
					      <height>120</height>
					      <itemgap>3</itemgap>
					      <scrolltime>0</scrolltime>
					      <orientation>horizontal</orientation>
					      <visible>true</visible>
					      <align>center</align><include content="Line3"><param name="col31">$VAR[Col_lyr1]</param><param name="col32">$VAR[Col_lyr2]</param><param name="col33">$VAR[Col_lyr3]</param></include></control>
					<include content="Line3b">
						<param name="3b_left">509</param>
						<param name="3b_top">229</param>
					</include>
					<include content="Line3b">
						<param name="3b_left">513</param>
						<param name="3b_top">233</param>
					</include>
					<include content="Line3b">
						<param name="col34">$VAR[Col_lyr4]</param>
					</include>
					<!--Short LINE 4-->
					<include content="Line4"></include>
					<include content="Line4">
						<param name="4_left">4</param>
						<param name="4_top">254</param>
					</include>
					<include content="Line4">
						<param name="col41">$VAR[Col_lyr1]</param>
						<param name="col42">$VAR[Col_lyr2]</param>
						<param name="col43">$VAR[Col_lyr3]</param>
						<param name="col44">$VAR[Col_lyr4]</param>
						<param name="4_left">1</param>
						<param name="4_top">251</param>
					</include>
					<!--Short LINE 5-->
					<control type="grouplist">
						<left>0</left>
					      <top>99</top>
					      <width>1920</width>
					      <height>350</height>
					      <itemgap>10</itemgap>
					      <scrolltime>0</scrolltime>
					      <orientation>horizontal</orientation>
					      <visible>true</visible>
					      <align>center</align><include content="Line5"></include></control>
					<control type="grouplist">
						<left>4</left>
					      <top>103</top>
					      <width>1920</width>
					      <height>350</height>
					      <itemgap>10</itemgap>
					      <scrolltime>0</scrolltime>
					      <orientation>horizontal</orientation>
					      <visible>true</visible>
					      <align>center</align><include content="Line5"></include></control>
					<control type="grouplist">
						<left>1</left>
					      <top>100</top>
					      <width>1920</width>
					      <height>350</height>
					      <itemgap>10</itemgap>
					      <scrolltime>0</scrolltime>
					      <orientation>horizontal</orientation>
					      <visible>true</visible>
					      <align>center</align><include content="Line5"><param name="col51">$VAR[Col_lyr1]</param><param name="col52">$VAR[Col_lyr2]</param><param name="col53">$VAR[Col_lyr3]</param><param name="col54">$VAR[Col_lyr4]</param></include></control>
					<!--Short LINE 6-->
					<control type="grouplist">
						<left>0</left>
					      <top>199</top>
					      <width>1920</width>
					      <height>100</height>
					      <itemgap>10</itemgap>
					      <scrolltime>0</scrolltime>
					      <orientation>horizontal</orientation>
					      <visible>true</visible>
					      <align>center</align><include content="Line6"></include></control>
					<control type="grouplist">
						<left>4</left>
					      <top>203</top>
					      <width>1920</width>
					      <height>100</height>
					      <itemgap>10</itemgap>
					      <scrolltime>0</scrolltime>
					      <orientation>horizontal</orientation>
					      <visible>true</visible>
					      <align>center</align><include content="Line6"></include></control>
					<control type="grouplist">
						<left>1</left>
					      <top>200</top>
					      <width>1920</width>
					      <height>100</height>
					      <itemgap>10</itemgap>
					      <scrolltime>0</scrolltime>
					      <orientation>horizontal</orientation>
					      <visible>true</visible>
					      <align>center</align><include content="Line6"><param name="col61">$VAR[Col_lyr1]</param><param name="col62">$VAR[Col_lyr2]</param><param name="col63">$VAR[Col_lyr3]</param></include></control>
					<include content="Line6b">
						<param name="6b_left">509</param>
						<param name="6b_top">223</param>
					</include>
					<include content="Line6b">
						<param name="6b_left">513</param>
						<param name="6b_top">227</param>
					</include>
					<include content="Line6b">
						<param name="col64">$VAR[Col_lyr4]</param>
					</include>
					<!--Short LINE 7-->
					<include content="Line7"></include>
					<include content="Line7">
						<param name="7_left">14</param>
						<param name="7_top">4</param>
					</include>
					<include content="Line7">
						<param name="col71">$VAR[Col_lyr1]</param>
						<param name="col72">$VAR[Col_lyr2]</param>
						<param name="col73">$VAR[Col_lyr3]</param>
						<param name="col74">$VAR[Col_lyr4]</param>
						<param name="7_left">11</param>
						<param name="7_top">1</param>
					</include>
					<!--Short LINE 8-->
					<control type="grouplist">
						<left>0</left>
					      <top>199</top>
					      <width>1920</width>
					      <height>120</height>
					      <itemgap>3</itemgap>
					      <scrolltime>0</scrolltime>
					      <orientation>horizontal</orientation>
					      <visible>true</visible>
					      <align>center</align><include content="Line8"></include></control>
					<control type="grouplist">
						<left>4</left>
					      <top>203</top>
					      <width>1920</width>
					      <height>120</height>
					      <itemgap>3</itemgap>
					      <scrolltime>0</scrolltime>
					      <orientation>horizontal</orientation>
					      <visible>true</visible>
					      <align>center</align><include content="Line8"></include></control>
					<control type="grouplist">
						<left>1</left>
					      <top>200</top>
					      <width>1920</width>
					      <height>120</height>
					      <itemgap>3</itemgap>
					      <scrolltime>0</scrolltime>
					      <orientation>horizontal</orientation>
					      <visible>true</visible>
					      <align>center</align><include content="Line8"><param name="col81">$VAR[Col_lyr1]</param><param name="col82">$VAR[Col_lyr2]</param><param name="col83">$VAR[Col_lyr3]</param></include></control>
					<include content="Line8b">
						<param name="8b_left">509</param>
						<param name="8b_top">229</param>
					</include>
					<include content="Line8b">
						<param name="8b_left">513</param>
						<param name="8b_top">233</param>
					</include>
					<include content="Line8b">
						<param name="col84">$VAR[Col_lyr4]</param>
					</include>
					<!--Short LINE 9-->
					<include content="Line9"></include>
					<include content="Line9">
						<param name="9_left">4</param>
						<param name="9_top">254</param>
					</include>
					<include content="Line9">
						<param name="col91">$VAR[Col_lyr1]</param>
						<param name="col92">$VAR[Col_lyr2]</param>
						<param name="col93">$VAR[Col_lyr3]</param>
						<param name="col94">$VAR[Col_lyr4]</param>
						<param name="9_left">1</param>
						<param name="9_top">251</param>
					</include>
					<!--Short LINE 0-->
					<control type="grouplist">
						<left>0</left>
					      <top>99</top>
					      <width>1920</width>
					      <height>350</height>
					      <itemgap>10</itemgap>
					      <scrolltime>0</scrolltime>
					      <orientation>horizontal</orientation>
					      <visible>true</visible>
					      <align>center</align><include content="Line0"></include></control>
					<control type="grouplist">
						<left>4</left>
					      <top>103</top>
					      <width>1920</width>
					      <height>350</height>
					      <itemgap>10</itemgap>
					      <scrolltime>0</scrolltime>
					      <orientation>horizontal</orientation>
					      <visible>true</visible>
					      <align>center</align><include content="Line0"></include></control>
					<control type="grouplist">
						<left>1</left>
					      <top>100</top>
					      <width>1920</width>
					      <height>350</height>
					      <itemgap>10</itemgap>
					      <scrolltime>0</scrolltime>
					      <orientation>horizontal</orientation>
					      <visible>true</visible>
					      <align>center</align><include content="Line0"><param name="col01">$VAR[Col_lyr1]</param><param name="col02">$VAR[Col_lyr2]</param><param name="col03">$VAR[Col_lyr3]</param><param name="col04">$VAR[Col_lyr4]</param></include></control>
				</control>
				<control type="group">
					<visible>!String.IsEmpty(Container(110).ListItem.Property(part4)) + [Integer.IsGreater(Container(110).ListItem.Property(duration),1449) | String.IsEmpty(Window(Home).Property(culrc.islrc))]</visible>
					<!--Line 1-->
					<control type="grouplist">
						<left>0</left>
					      <top>199</top>
					      <width>1920</width>
					      <height>100</height>
					      <itemgap>10</itemgap>
					      <scrolltime>0</scrolltime>
					      <orientation>horizontal</orientation>
					      <visible>true</visible>
					      <align>center</align><include content="Lyrics1"></include></control>
					<control type="grouplist">
						<left>4</left>
					      <top>203</top>
					      <width>1920</width>
					      <height>100</height>
					      <itemgap>10</itemgap>
					      <scrolltime>0</scrolltime>
					      <orientation>horizontal</orientation>
					      <visible>true</visible>
					      <align>center</align><include content="Lyrics1"></include></control>
					<control type="grouplist">
						<left>1</left>
					      <top>200</top>
					      <width>1920</width>
					      <height>100</height>
					      <itemgap>10</itemgap>
					      <scrolltime>0</scrolltime>
					      <orientation>horizontal</orientation>
					      <visible>true</visible>
					      <align>center</align><include content="Lyrics1"><param name="col11">$VAR[Col_lyr1]</param><param name="col12">$VAR[Col_lyr2]</param><param name="col13">$VAR[Col_lyr3]</param></include></control>
					<include content="Lyrics1b">
						<param name="1b_left">509</param>
						<param name="1b_top">223</param>
					</include>
					<include content="Lyrics1b">
						<param name="1b_left">513</param>
						<param name="1b_top">227</param>
					</include>
					<include content="Lyrics1b">
						<param name="col14">$VAR[Col_lyr4]</param>
					</include>
					<!--Line 2-->
					<include content="Lyrics2"></include>
					<include content="Lyrics2">
						<param name="2_left">4</param>
						<param name="2_top">254</param>
					</include>
					<include content="Lyrics2">
						<param name="col21">$VAR[Col_lyr1]</param>
						<param name="col22">$VAR[Col_lyr2]</param>
						<param name="col23">$VAR[Col_lyr3]</param>
						<param name="col24">$VAR[Col_lyr4]</param>
						<param name="2_left">1</param>
						<param name="2_top">251</param>
					</include>
					<!--Line 3-->
					<control type="grouplist">
						<left>0</left>
					      <top>199</top>
					      <width>1920</width>
					      <height>120</height>
					      <itemgap>3</itemgap>
					      <scrolltime>0</scrolltime>
					      <orientation>horizontal</orientation>
					      <visible>true</visible>
					      <align>center</align><include content="Lyrics3"></include></control>
					<control type="grouplist">
						<left>4</left>
					      <top>203</top>
					      <width>1920</width>
					      <height>120</height>
					      <itemgap>3</itemgap>
					      <scrolltime>0</scrolltime>
					      <orientation>horizontal</orientation>
					      <visible>true</visible>
					      <align>center</align><include content="Lyrics3"></include></control>
					<control type="grouplist">
						<left>1</left>
					      <top>200</top>
					      <width>1920</width>
					      <height>120</height>
					      <itemgap>3</itemgap>
					      <scrolltime>0</scrolltime>
					      <orientation>horizontal</orientation>
					      <visible>true</visible>
					      <align>center</align><include content="Lyrics3"><param name="col31">$VAR[Col_lyr1]</param><param name="col32">$VAR[Col_lyr2]</param><param name="col33">$VAR[Col_lyr3]</param></include></control>
					<include content="Lyrics3b">
						<param name="3b_left">509</param>
						<param name="3b_top">229</param>
					</include>
					<include content="Lyrics3b">
						<param name="3b_left">513</param>
						<param name="3b_top">233</param>
					</include>
					<include content="Lyrics3b">
						<param name="col34">$VAR[Col_lyr4]</param>
					</include>
					<!--Line 4-->
					<include content="Lyrics4"></include>
					<include content="Lyrics4">
						<param name="4_left">114</param>
						<param name="4_top">34</param>
					</include>
					<include content="Lyrics4">
						<param name="col41">$VAR[Col_lyr1]</param>
						<param name="col42">$VAR[Col_lyr2]</param>
						<param name="col43">$VAR[Col_lyr3]</param>
						<param name="col44">$VAR[Col_lyr4]</param>
						<param name="4_left">111</param>
						<param name="4_top">31</param>
					</include>
					<!--Line 5-->
					<control type="grouplist">
						<left>1950</left>
					      <top>99</top>
					      <width>1920</width>
					      <height>350</height>
					      <itemgap>10</itemgap>
					      <scrolltime>0</scrolltime>
					      <orientation>horizontal</orientation>
					      <visible>true</visible>
					      <align>center</align><include content="Lyrics5"></include></control>
					<control type="grouplist">
						<left>1954</left>
					      <top>103</top>
					      <width>1920</width>
					      <height>350</height>
					      <itemgap>10</itemgap>
					      <scrolltime>0</scrolltime>
					      <orientation>horizontal</orientation>
					      <visible>true</visible>
					      <align>center</align><include content="Lyrics5"></include></control>
					<control type="grouplist">
						<left>1951</left>
					      <top>100</top>
					      <width>1920</width>
					      <height>350</height>
					      <itemgap>10</itemgap>
					      <scrolltime>0</scrolltime>
					      <orientation>horizontal</orientation>
					      <visible>true</visible>
					      <align>center</align><include content="Lyrics5"><param name="col51">$VAR[Col_lyr1]</param><param name="col52">$VAR[Col_lyr2]</param><param name="col53">$VAR[Col_lyr3]</param><param name="col54">$VAR[Col_lyr4]</param></include></control>
					<!--Line 6-->
					<include content="Lyrics6"></include>
					<include content="Lyrics6">
						<param name="6_left">14</param>
						<param name="6_top">4</param>
					</include>
					<include content="Lyrics6">
						<param name="col61">$VAR[Col_lyr1]</param>
						<param name="col62">$VAR[Col_lyr2]</param>
						<param name="col63">$VAR[Col_lyr3]</param>
						<param name="col64">$VAR[Col_lyr4]</param>
						<param name="6_left">11</param>
						<param name="6_top">1</param>
					</include>
					<!--Line 7-->
					<control type="grouplist">
						<left>0</left>
					      <top>-201</top>
					      <width>1920</width>
					      <height>100</height>
					      <itemgap>10</itemgap>
					      <scrolltime>0</scrolltime>
					      <orientation>horizontal</orientation>
					      <visible>true</visible>
					      <align>center</align><include content="Lyrics7"></include></control>
					<control type="grouplist">
						<left>4</left>
					      <top>-197</top>
					      <width>1920</width>
					      <height>100</height>
					      <itemgap>10</itemgap>
					      <scrolltime>0</scrolltime>
					      <orientation>horizontal</orientation>
					      <visible>true</visible>
					      <align>center</align><include content="Lyrics7"></include></control>
					<control type="grouplist">
						<left>1</left>
					      <top>-200</top>
					      <width>1920</width>
					      <height>100</height>
					      <itemgap>10</itemgap>
					      <scrolltime>0</scrolltime>
					      <orientation>horizontal</orientation>
					      <visible>true</visible>
					      <align>center</align><include content="Lyrics7"><param name="col71">$VAR[Col_lyr1]</param><param name="col72">$VAR[Col_lyr2]</param><param name="col73">$VAR[Col_lyr3]</param></include></control>
					<include content="Lyrics7b">
						<param name="7b_left">509</param>
						<param name="7b_top">223</param>
					</include>
					<include content="Lyrics7b">
						<param name="7b_left">513</param>
						<param name="7b_top">227</param>
					</include>
					<include content="Lyrics7b">
						<param name="col74">$VAR[Col_lyr4]</param>
					</include>
					<!--Line 8-->
					<control type="grouplist">
						<left>0</left>
					      <top>199</top>
					      <width>1920</width>
					      <height>140</height>
					      <itemgap>10</itemgap>
					      <scrolltime>0</scrolltime>
					      <orientation>horizontal</orientation>
					      <visible>true</visible>
					      <align>center</align><include content="Lyrics8"></include></control>
					<control type="grouplist">
						<left>4</left>
					      <top>203</top>
					      <width>1920</width>
					      <height>140</height>
					      <itemgap>10</itemgap>
					      <scrolltime>0</scrolltime>
					      <orientation>horizontal</orientation>
					      <visible>true</visible>
					      <align>center</align><include content="Lyrics8"></include></control>
					<control type="grouplist">
						<left>1</left>
					      <top>200</top>
					      <width>1920</width>
					      <height>140</height>
					      <itemgap>10</itemgap>
					      <scrolltime>0</scrolltime>
					      <orientation>horizontal</orientation>
					      <visible>true</visible>
					      <align>center</align><include content="Lyrics8"><param name="col81">$VAR[Col_lyr1]</param><param name="col82">$VAR[Col_lyr2]</param><param name="col83">$VAR[Col_lyr3]</param></include></control>
					<include content="Lyrics8b">
						<param name="8b_left">509</param>
						<param name="8b_top">269</param>
					</include>
					<include content="Lyrics8b">
						<param name="8b_left">513</param>
						<param name="8b_top">273</param>
					</include>
					<include content="Lyrics8b">
						<param name="col84">$VAR[Col_lyr4]</param>
					</include>
					<!--Line 9-->
					<include content="Lyrics9"></include>
					<include content="Lyrics9">
						<param name="9_left">24</param>
						<param name="9_top">-16</param>
					</include>
					<include content="Lyrics9">
						<param name="col91">$VAR[Col_lyr1]</param>
						<param name="col92">$VAR[Col_lyr2]</param>
						<param name="col93">$VAR[Col_lyr3]</param>
						<param name="col94">$VAR[Col_lyr4]</param>
						<param name="9_left">21</param>
						<param name="9_top">-19</param>
					</include>
					<!--Line 10-->
					<control type="grouplist">
						<left>0</left>
					      <top>149</top>
					      <width>1920</width>
					      <height>350</height>
					      <itemgap>30</itemgap>
					      <scrolltime>0</scrolltime>
					      <orientation>horizontal</orientation>
					      <visible>true</visible>
					      <align>center</align><include content="Lyrics10"></include></control>
					<control type="grouplist">
						<left>4</left>
					      <top>153</top>
					      <width>1920</width>
					      <height>350</height>
					      <itemgap>30</itemgap>
					      <scrolltime>0</scrolltime>
					      <orientation>horizontal</orientation>
					      <visible>true</visible>
					      <align>center</align><include content="Lyrics10"></include></control>
					<control type="grouplist">
						<left>1</left>
					      <top>150</top>
					      <width>1920</width>
					      <height>350</height>
					      <itemgap>30</itemgap>
					      <scrolltime>0</scrolltime>
					      <orientation>horizontal</orientation>
					      <visible>true</visible>
					      <align>center</align><include content="Lyrics10"><param name="col101">$VAR[Col_lyr1]</param><param name="col102">$VAR[Col_lyr2]</param><param name="col103">$VAR[Col_lyr3]</param></include></control>
					<include content="Lyrics10b">
						<param name="col104">black</param>
					</include>
					<include content="Lyrics10b">
						<param name="10b_left">623</param>
						<param name="10b_top">323</param>
						<param name="col104">black</param>
					</include>
					<include content="Lyrics10b">
						<param name="10b_left">621</param>
						<param name="10b_top">321</param>
						<param name="col104">$VAR[Col_lyr4]</param>
					</include>
					<!--Line 11-->
					<include content="Lyrics11"></include>
					<include content="Lyrics11">
						<param name="11_left">4</param>
						<param name="11_top">254</param>
					</include>
					<include content="Lyrics11">
						<param name="col111">$VAR[Col_lyr1]</param>
						<param name="col112">$VAR[Col_lyr2]</param>
						<param name="col113">$VAR[Col_lyr3]</param>
						<param name="col114">$VAR[Col_lyr4]</param>
						<param name="11_left">1</param>
						<param name="11_top">251</param>
					</include>
					<!--Line 12-->
					<include content="Lyrics12"></include>
					<include content="Lyrics12">
						<param name="12_left">14</param>
						<param name="12_top">4</param>
					</include>
					<include content="Lyrics12">
						<param name="col121">$VAR[Col_lyr1]</param>
						<param name="12_left">11</param>
						<param name="12_top">1</param>
					</include>
					<include content="Lyrics12b"></include>
					<include content="Lyrics12b">
						<param name="12b_left">14</param>
						<param name="12b_top">184</param>
					</include>
					<include content="Lyrics12b">
						<param name="col122">$VAR[Col_lyr2]</param>
						<param name="col123">$VAR[Col_lyr3]</param>
						<param name="12b_left">11</param>
						<param name="12b_top">181</param>
					</include>
					<include content="Lyrics12c"></include>
					<include content="Lyrics12c">
						<param name="12c_left">14</param>
						<param name="12c_top">4</param>
					</include>
					<include content="Lyrics12c">
						<param name="col124">$VAR[Col_lyr4]</param>
						<param name="12c_left">11</param>
						<param name="12c_top">1</param>
					</include>
					<!--Line 13-->
					<control type="grouplist">
						<left>0</left>
					      <top>199</top>
					      <width>1920</width>
					      <height>125</height>
					      <itemgap>10</itemgap>
					      <scrolltime>0</scrolltime>
					      <orientation>horizontal</orientation>
					      <visible>true</visible>
					      <align>center</align><include content="Lyrics13"></include></control>
					<control type="grouplist">
						<left>4</left>
					      <top>203</top>
					      <width>1920</width>
					      <height>125</height>
					      <itemgap>10</itemgap>
					      <scrolltime>0</scrolltime>
					      <orientation>horizontal</orientation>
					      <visible>true</visible>
					      <align>center</align><include content="Lyrics13"></include></control>
					<control type="grouplist">
						<left>1</left>
					      <top>200</top>
					      <width>1920</width>
					      <height>125</height>
					      <itemgap>10</itemgap>
					      <scrolltime>0</scrolltime>
					      <orientation>horizontal</orientation>
					      <visible>true</visible>
					      <align>center</align><include content="Lyrics13"><param name="col131">$VAR[Col_lyr1]</param><param name="col132">$VAR[Col_lyr2]</param><param name="col133">$VAR[Col_lyr3]</param></include></control>
					<include content="Lyrics13b">
						<param name="13b_left">509</param>
						<param name="13b_top">219</param>
					</include>
					<include content="Lyrics13b">
						<param name="13b_left">513</param>
						<param name="13b_top">223</param>
					</include>
					<include content="Lyrics13b">
						<param name="col134">$VAR[Col_lyr4]</param>
					</include>
					<!--Line 14-->
					<control type="grouplist">
						<left>0</left>
					      <top>169</top>
					      <width>1920</width>
					      <height>350</height>
					      <itemgap>20</itemgap>
					      <scrolltime>0</scrolltime>
					      <orientation>horizontal</orientation>
					      <visible>true</visible>
					      <align>center</align><include content="Lyrics14"><param name="col141">black</param></include></control>
					<control type="grouplist">
						<left>0</left>
					      <top>169</top>
					      <width>1920</width>
					      <height>350</height>
					      <itemgap>20</itemgap>
					      <scrolltime>0</scrolltime>
					      <orientation>horizontal</orientation>
					      <visible>true</visible>
					      <align>center</align><include content="Lyrics14"><param name="col142">black</param></include></control>
					<control type="grouplist">
						<left>0</left>
					      <top>169</top>
					      <width>1920</width>
					      <height>350</height>
					      <itemgap>20</itemgap>
					      <scrolltime>0</scrolltime>
					      <orientation>horizontal</orientation>
					      <visible>true</visible>
					      <align>center</align><include content="Lyrics14"><param name="col143">black</param></include></control>
					<control type="grouplist">
					      <top>173</top><left>4</left>
					      <width>1920</width>
					      <height>350</height>
					      <itemgap>20</itemgap>
					      <scrolltime>0</scrolltime>
					      <orientation>horizontal</orientation>
					      <visible>true</visible>
					      <align>center</align><include content="Lyrics14"><param name="col141">black</param></include></control>
					<control type="grouplist">
					      <top>173</top><left>4</left>
					      <width>1920</width>
					      <height>350</height>
					      <itemgap>20</itemgap>
					      <scrolltime>0</scrolltime>
					      <orientation>horizontal</orientation>
					      <visible>true</visible>
					      <align>center</align><include content="Lyrics14"><param name="col142">black</param></include></control>
					<control type="grouplist">
						<top>173</top>
						<left>4</left>
					      <width>1920</width>
					      <height>350</height>
					      <itemgap>20</itemgap>
					      <scrolltime>0</scrolltime>
					      <orientation>horizontal</orientation>
					      <visible>true</visible>
					      <align>center</align><include content="Lyrics14"><param name="col143">black</param></include></control>
					<control type="grouplist">
						<top>170</top>
						<left>1</left>
					      <width>1920</width>
					      <height>350</height>
					      <itemgap>20</itemgap>
					      <scrolltime>0</scrolltime>
					      <orientation>horizontal</orientation>
					      <visible>true</visible>
					      <align>center</align><include content="Lyrics14"><param name="col141">$VAR[Col_lyr1]</param></include></control>
					<control type="grouplist">
						<top>170</top>
						<left>1</left>
					      <width>1920</width>
					      <height>350</height>
					      <itemgap>20</itemgap>
					      <scrolltime>0</scrolltime>
					      <orientation>horizontal</orientation>
					      <visible>true</visible>
					      <align>center</align><include content="Lyrics14"><param name="col142">$VAR[Col_lyr2]</param></include></control>
					<control type="grouplist">
						<top>170</top>
						<left>1</left>
					      <width>1920</width>
					      <height>350</height>
					      <itemgap>20</itemgap>
					      <scrolltime>0</scrolltime>
					      <orientation>horizontal</orientation>
					      <visible>true</visible>
					      <align>center</align><include content="Lyrics14"><param name="col143">$VAR[Col_lyr3]</param></include></control>
					<include content="Lyrics14b">
						<param name="col144">black</param>
					</include>
					<include content="Lyrics14b">
						<param name="14b_left">613</param>
						<param name="14b_top">358</param>
						<param name="col144">black</param>
					</include>
					<include content="Lyrics14b">
						<param name="14b_left">611</param>
						<param name="14b_top">356</param>
						<param name="col144">$VAR[Col_lyr4]</param>
					</include>
					<!--Line 15-->
					<include content="Lyrics15"></include>
					<include content="Lyrics15">
						<param name="15_left">174</param>
						<param name="15_top">4</param>
					</include>
					<include content="Lyrics15">
						<param name="col151">$VAR[Col_lyr1]</param>
						<param name="col152">$VAR[Col_lyr2]</param>
						<param name="col153">$VAR[Col_lyr3]</param>
						<param name="col154">$VAR[Col_lyr4]</param>
						<param name="15_left">171</param>
						<param name="15_top">1</param>
					</include>
					<!--Line 16-->
					<control type="grouplist">
						<left>0</left>
					      <top>199</top>
					      <width>1920</width>
					      <height>100</height>
					      <itemgap>10</itemgap>
					      <scrolltime>0</scrolltime>
					      <orientation>horizontal</orientation>
					      <visible>true</visible>
					      <align>center</align><include content="Lyrics16"></include></control>
					<control type="grouplist">
						<left>4</left>
					      <top>203</top>
					      <width>1920</width>
					      <height>100</height>
					      <itemgap>10</itemgap>
					      <scrolltime>0</scrolltime>
					      <orientation>horizontal</orientation>
					      <visible>true</visible>
					      <align>center</align><include content="Lyrics16"></include></control>
					<control type="grouplist">
						<left>1</left>
					      <top>200</top>
					      <width>1920</width>
					      <height>100</height>
					      <itemgap>10</itemgap>
					      <scrolltime>0</scrolltime>
					      <orientation>horizontal</orientation>
					      <visible>true</visible>
					      <align>center</align><include content="Lyrics16"><param name="col161">$VAR[Col_lyr1]</param><param name="col162">$VAR[Col_lyr2]</param><param name="col163">$VAR[Col_lyr3]</param></include></control>
					<include content="Lyrics16b">
						<param name="16b_left">509</param>
						<param name="16b_top">223</param>
					</include>
					<include content="Lyrics16b">
						<param name="16b_left">513</param>
						<param name="16b_top">227</param>
					</include>
					<include content="Lyrics16b">
						<param name="col164">$VAR[Col_lyr4]</param>
					</include>
					<!--Line 17-->
					<include content="Lyrics17"></include>
					<include content="Lyrics17">
						<param name="17_left">14</param>
						<param name="17_top">4</param>
					</include>
					<include content="Lyrics17">
						<param name="col171">$VAR[Col_lyr1]</param>
						<param name="col172">$VAR[Col_lyr2]</param>
						<param name="col173">$VAR[Col_lyr3]</param>
						<param name="col174">$VAR[Col_lyr4]</param>
						<param name="17_left">11</param>
						<param name="17_top">1</param>
					</include>
					<!--Line 18-->
					<include content="Lyrics18"></include>
					<include content="Lyrics18">
						<param name="18_left">114</param>
						<param name="18_top">34</param>
					</include>
					<include content="Lyrics18">
						<param name="col181">$VAR[Col_lyr1]</param>
						<param name="col182">$VAR[Col_lyr2]</param>
						<param name="col183">$VAR[Col_lyr3]</param>
						<param name="col184">$VAR[Col_lyr4]</param>
						<param name="18_left">111</param>
						<param name="18_top">31</param>
					</include>
					<!--Line 19-->
					<control type="grouplist">
						<left>0</left>
					      <top>69</top>
					      <width>1920</width>
					      <height>350</height>
					      <itemgap>30</itemgap>
					      <scrolltime>0</scrolltime>
					      <orientation>horizontal</orientation>
					      <visible>true</visible>
					      <align>center</align><include content="Lyrics19"></include></control>
					<control type="grouplist">
						<left>4</left>
					      <top>73</top>
					      <width>1920</width>
					      <height>350</height>
					      <itemgap>30</itemgap>
					      <scrolltime>0</scrolltime>
					      <orientation>horizontal</orientation>
					      <visible>true</visible>
					      <align>center</align><include content="Lyrics19"></include></control>
					<control type="grouplist">
						<left>1</left>
					      <top>70</top>
					      <width>1920</width>
					      <height>350</height>
					      <itemgap>30</itemgap>
					      <scrolltime>0</scrolltime>
					      <orientation>horizontal</orientation>
					      <visible>true</visible>
					      <align>center</align><include content="Lyrics19"><param name="col191">$VAR[Col_lyr1]</param><param name="col192">$VAR[Col_lyr2]</param><param name="col193">$VAR[Col_lyr3]</param></include></control>
					<include content="Lyrics19b">
						<param name="col194">black</param>
					</include>
					<include content="Lyrics19b">
						<param name="19b_left">613</param>
						<param name="19b_top">228</param>
						<param name="col194">black</param>
					</include>
					<include content="Lyrics19b">
						<param name="19b_left">611</param>
						<param name="19b_top">226</param>
						<param name="col194">$VAR[Col_lyr4]</param>
					</include>
					<!--Line 20-->
					<include content="Lyrics20"></include>
					<include content="Lyrics20">
						<param name="20_left">4</param>
						<param name="20_top">154</param>
					</include>
					<include content="Lyrics20">
						<param name="col201">$VAR[Col_lyr1]</param>
						<param name="col202">$VAR[Col_lyr2]</param>
						<param name="col203">$VAR[Col_lyr3]</param>
						<param name="col204">$VAR[Col_lyr4]</param>
						<param name="20_left">1</param>
						<param name="20_top">151</param>
					</include>
				</control>
			</control>
		</control>
	</include>
</includes>
