<?xml version="1.0" encoding="UTF-8"?>
<includes>
	<!-- KBK Multimedia Center -->
	<include file="defaults.xml" />
	<include file="IncludesAnimations.xml" />
	<include file="IncludesHomeCustom.xml" />	
	<include file="IncludesLyrics.xml" />
	<include file="IncludesVideoLyrics.xml" />
	<include file="IncludesMyViewType.xml" />
	<include file="IncludesTopMenu.xml" />
	<include file="IncludesVariables.xml" />
	<include file="IncludesMainMenuVariables.xml" />
	<include file="IncludesParams.xml" />
	<include file="IncludesWeather.xml" />
	<include file="IncludesWidgets.xml" />
	<include file="ViewRightListTV.xml" /><!-- 50 -->
	<include file="ViewRightList.xml" /><!-- 51 -->
	<include file="ViewBanner.xml" /><!-- 52 -->	
	<include file="ViewBannerInfo.xml" /><!-- 53 -->		
	<include file="ViewPoster.xml" /><!-- 54 -->
	<include file="ViewLowList.xml" /><!-- 55 -->
	<include file="ViewWall.xml" /><!-- 56 -->
	<include file="ViewGlassList.xml" /><!-- 57 -->
	<include file="ViewCoverFlow.xml" /><!-- 58 -->
	<include file="ViewWide.xml" /><!-- 59 -->
	<include file="ViewShowArt.xml" /><!-- 60 -->	
	<include file="ViewMultiplex.xml" /><!-- 61 -->
	<include file="ViewPanel.xml" /><!-- 62 -->
	<include file="ViewShelf.xml" /><!-- 63 -->
	<include file="ViewLandScapeX.xml" /><!-- 64 -->	
	<include file="ViewSets.xml" /><!-- 65 -->
	<include file="ViewShowCase.xml" /><!-- 66 -->
	<include file="View3DWall.xml" /><!-- 67 -->
	<include file="ViewPosterLite.xml" /><!-- 69 -->
	<include file="ViewPosterList.xml" /><!-- 70 -->
	<include file="ViewTotalArt.xml" /><!-- 71 -->
	<include file="ViewMyViewType1.xml" /><!-- 72 -->	
	<include file="ViewFrame.xml" /><!-- 73 -->
	<include file="ViewPhotoShow.xml" /><!-- 79 -->	
	<include file="ViewLiveTV.xml" />
	<include file="ViewGames.xml" /><!-- 50,51,52 -->
	<constant name="commonfadetime">350</constant>
	<expression name="WidgetsControl">String.IsEqual(Container(9000).ListItem.Property(type),1) | String.IsEqual(Container(9000).ListItem.Property(type),2) | String.IsEqual(Container(9000).ListItem.Property(type),3) | String.IsEqual(Container(9000).ListItem.Property(type),5) | String.IsEqual(Container(9000).ListItem.Property(type),6) | String.IsEqual(Container(9000).ListItem.Property(type),8)</expression>	
	<expression name="SubWidgetsControl">[String.IsEqual(Container(9000).ListItem.Property(master),movies) + Library.HasContent(Movies) | String.IsEqual(Container(9000).ListItem.Property(master),tvshows) + Library.HasContent(TVShows) | String.IsEqual(Container(9000).ListItem.Property(master),concerts) + Library.HasContent(MusicVideos) | String.IsEqual(Container(9000).ListItem.Property(master),music) + Library.HasContent(Music) | String.IsEqual(Container(9000).ListItem.Property(master),programs)] + !Skin.HasSetting(nosubwidgets)</expression>		
	<expression name="WidgetsbyDB">[String.IsEqual(Container(9000).ListItem.Property(type),1) | String.IsEqual(Container(9000).ListItem.Property(type),2) | String.IsEqual(Container(9000).ListItem.Property(type),3) | String.IsEqual(Container(9000).ListItem.Property(type),4) | String.IsEqual(Container(9000).ListItem.Property(type),5) | String.IsEqual(Container(9000).ListItem.Property(type),6) | String.IsEqual(Container(9000).ListItem.Property(type),7) | String.IsEqual(Container(9000).ListItem.Property(type),8) | String.IsEqual(Container(9000).ListItem.Property(type),9) | String.IsEqual(Container(9000).ListItem.Property(type),12) | String.IsEqual(Container(9000).ListItem.Property(type),13) | String.IsEqual(Container(9000).ListItem.Property(type),20) | String.IsEqual(Container(9000).ListItem.Property(type),21) | String.IsEqual(Container(9000).ListItem.Property(type),22) | String.IsEqual(Container(9000).ListItem.Property(type),23) | String.IsEqual(Container(9000).ListItem.Property(type),24) | String.IsEqual(Container(9000).ListItem.Property(type),25)] + ![Skin.HasSetting(submode) | ControlGroup(550).HasFocus]</expression>	
	<expression name="FlagsControl">String.IsEmpty(Control.GetLabel(556)) + String.IsEmpty(Control.GetLabel(557)) + String.IsEmpty(Control.GetLabel(558)) + String.IsEmpty(Control.GetLabel(559)) + String.IsEmpty(Control.GetLabel(560)) + String.IsEmpty(Control.GetLabel(561)) + String.IsEmpty(Control.GetLabel(562)) + String.IsEmpty(Control.GetLabel(563)) + String.IsEmpty(Control.GetLabel(564)) + String.IsEmpty(Control.GetLabel(565))</expression>
	<expression name="MyMenuControl">String.IsEqual(Container(9000).ListItem.Property(widgets),mymenu1) | String.IsEqual(Container(9000).ListItem.Property(widgets),mymenu2) | String.IsEqual(Container(9000).ListItem.Property(widgets),mymenu3) | String.IsEqual(Container(9000).ListItem.Property(widgets),mymenu4) | String.IsEqual(Container(9000).ListItem.Property(widgets),mymenu5)</expression>
	<expression name="List450Control">!Skin.HasSetting(submode) + ![String.IsEqual(Container(9000).ListItem.Property(status),virtual) | String.IsEmpty(Container(9000).ListItem.Property(master))] | Skin.HasSetting(submode) + !String.IsEmpty(Container(9010).ListItem.Property(master))</expression>
	<expression name="List455Control">String.IsEmpty(skin.string(menucopy1.label)) + String.IsEmpty(skin.string(menucopy2.label)) + String.IsEmpty(skin.string(menucopy3.label)) + String.IsEmpty(skin.string(menucopy4.label)) + String.IsEmpty(skin.string(menucopy5.label)) + String.IsEmpty(skin.string(menucopy6.label)) + String.IsEmpty(skin.string(menucopy7.label)) + String.IsEmpty(skin.string(menucopy8.label)) + String.IsEmpty(skin.string(menucopy9.label)) + String.IsEmpty(skin.string(menucopy10.label)) + String.IsEmpty(skin.string(menucopy11.label)) + String.IsEmpty(skin.string(menucopy12.label)) + String.IsEmpty(skin.string(menucopy13.label)) + String.IsEmpty(skin.string(menucopy14.label)) + String.IsEmpty(skin.string(menucopy15.label)) + String.IsEmpty(skin.string(menucopy16.label)) + String.IsEmpty(skin.string(menucopy17.label)) + String.IsEmpty(skin.string(menucopy18.label)) + String.IsEmpty(skin.string(menucopy19.label)) + String.IsEmpty(skin.string(menucopy20.label))</expression>
	<expression name="List457Control">String.IsEmpty(skin.string(preset1.on)) + String.IsEmpty(skin.string(preset2.on)) + String.IsEmpty(skin.string(preset3.on)) + String.IsEmpty(skin.string(preset4.on)) + String.IsEmpty(skin.string(preset5.on)) + String.IsEmpty(skin.string(preset6.on)) + String.IsEmpty(skin.string(preset7.on)) + String.IsEmpty(skin.string(preset8.on)) + String.IsEmpty(skin.string(preset9.on)) + String.IsEmpty(skin.string(preset10.on))</expression>
	<expression name="InfoDialogControl">Window.IsActive(musicinformation) | Window.IsActive(songinformation) | Window.IsActive(movieinformation) | Window.IsActive(addoninformation) | Window.IsActive(pvrguideinfo) | Window.IsActive(pvrrecordinginfo) | Window.IsActive(pictureinfo) | Window.IsVisible(script-script.extendedinfo-DialogVideoInfo.xml) | Window.IsVisible(script-script.extendedinfo-DialogInfo.xml) | Window.IsVisible(script-script.extendedinfo-VideoList.xml)</expression>
	<!-- #######################  QUICK FIX #######################  -->
	<include name="Quickfix">
		<onload>Skin.SetString(widgets_provider,kodi)</onload>
		<onload>Skin.SetString(fix,fix5)</onload>
	</include>
	<!-- #######################  CARREGAMENTO FORCADO DE PADROES #######################  -->
	<include name="DefaultLoad">
		<onload condition="!String.IsEqual(skin.string(defaultsettings),0)">Skin.SetString(colorfont,FFF8F8F8)</onload>
		<onload condition="!String.IsEqual(skin.string(defaultsettings),0)">Skin.SetString(stylefont,font1)</onload>
		<onload condition="!String.IsEqual(skin.string(defaultsettings),0)">Skin.SetString(colormainmenubar,33F8F8F8)</onload>
		<onload condition="!String.IsEqual(skin.string(defaultsettings),0)">Skin.SetString(colortexture,E0101010)</onload>
		<onload condition="!String.IsEqual(skin.string(defaultsettings),0)">Skin.SetString(colorheader,FF13BFBF)</onload>
		<onload condition="!String.IsEqual(skin.string(defaultsettings),0)">Skin.SetString(colortext,FFF8F8F8)</onload>
		<onload condition="!String.IsEqual(skin.string(defaultsettings),0)">Skin.SetString(colortextfocused,E0101010)</onload>
		<onload condition="!String.IsEqual(skin.string(defaultsettings),0)">Skin.SetString(colortextlist,FFF8F8F8)</onload>
	</include>
	<!-- ####################### FONTES DO MENU PRINCIPAL #######################  -->
	<include name="Font1">
		<left>0</left>
		<top>0</top>
		<width>600</width>
		<height>87</height>
		<font>font_menu1</font>
		<textoffsetx>50</textoffsetx>
		<textoffsety>-6</textoffsety>
		<align>left</align>
		<aligny>top</aligny>
		<textcolor>$INFO[skin.string(colorfont)]</textcolor>
		<scroll>true</scroll>
	</include>
	<include name="Font2">
		<left>0</left>
		<top>0</top>
		<width>600</width>
		<height>88</height>
		<font>font_menu2</font>
		<textoffsetx>50</textoffsetx>
		<textoffsety>-4</textoffsety>
		<align>left</align>
		<aligny>top</aligny>
		<textcolor>$INFO[skin.string(colorfont)]</textcolor>
		<scroll>true</scroll>
	</include>
	<include name="Font3">
		<left>0</left>
		<top>0</top>
		<width>600</width>
		<height>88</height>
		<font>font_menu3</font>
		<textoffsetx>50</textoffsetx>
		<textoffsety>-4</textoffsety>
		<align>left</align>
		<aligny>top</aligny>
		<textcolor>$INFO[skin.string(colorfont)]</textcolor>
		<scroll>true</scroll>
	</include>
	<include name="Font4">
		<left>0</left>
		<top>0</top>
		<width>600</width>
		<height>88</height>
		<font>font_menu4</font>
		<textoffsetx>50</textoffsetx>
		<textoffsety>-9</textoffsety>
		<align>left</align>
		<aligny>top</aligny>
		<textcolor>$INFO[skin.string(colorfont)]</textcolor>
		<scroll>true</scroll>
	</include>
	<include name="Font5">
		<left>0</left>
		<top>0</top>
		<width>600</width>
		<height>88</height>
		<font>font_menu5</font>
		<textoffsetx>50</textoffsetx>
		<textoffsety>-3</textoffsety>
		<align>left</align>
		<aligny>top</aligny>
		<textcolor>$INFO[skin.string(colorfont)]</textcolor>
		<scroll>true</scroll>
	</include>
	<include name="Font6">
		<left>0</left>
		<top>0</top>
		<width>600</width>
		<height>88</height>
		<font>font_menu6</font>
		<textoffsetx>50</textoffsetx>
		<textoffsety>0</textoffsety>
		<align>left</align>
		<aligny>top</aligny>
		<textcolor>$INFO[skin.string(colorfont)]</textcolor>
		<scroll>true</scroll>
	</include>
	<include name="Font7">
		<left>0</left>
		<top>0</top>
		<width>600</width>
		<height>88</height>
		<font>font_menu7</font>
		<textoffsetx>50</textoffsetx>
		<textoffsety>-4</textoffsety>
		<align>left</align>
		<aligny>top</aligny>
		<textcolor>$INFO[skin.string(colorfont)]</textcolor>
		<scroll>true</scroll>
	</include>
	<include name="Font8">
		<left>0</left>
		<top>0</top>
		<width>600</width>
		<height>87</height>
		<font>font_menu8</font>
		<textoffsetx>50</textoffsetx>
		<textoffsety>-18</textoffsety>
		<align>left</align>
		<aligny>top</aligny>
		<textcolor>$INFO[skin.string(colorfont)]</textcolor>
		<scroll>true</scroll>
	</include>
	<!-- ############################################################### FONTES DO CONTADOR DE REPRODUCAO NO MENU PRINCIPAL ############################################################### -->
	<include name="CounterFont1">
		<left>0</left>
		<top>0</top>
		<width>1920</width>
		<height>87</height>
		<font>font_virtualmenu1</font>
		<textoffsety>-6</textoffsety>
		<align>center</align>
		<aligny>top</aligny>
		<textcolor>$INFO[skin.string(colorfont)]</textcolor>
		<scroll>true</scroll>
	</include>
	<include name="CounterFont2">
		<left>0</left>
		<top>0</top>
		<width>1920</width>
		<height>88</height>
		<font>font_virtualmenu2</font>
		<textoffsety>-4</textoffsety>
		<align>center</align>
		<aligny>top</aligny>
		<textcolor>$INFO[skin.string(colorfont)]</textcolor>
		<scroll>true</scroll>
	</include>
	<include name="CounterFont3">
		<left>0</left>
		<top>0</top>
		<width>1920</width>
		<height>88</height>
		<font>font_virtualmenu3</font>
		<textoffsety>-4</textoffsety>
		<align>center</align>
		<aligny>top</aligny>
		<textcolor>$INFO[skin.string(colorfont)]</textcolor>
		<scroll>true</scroll>
	</include>
	<include name="CounterFont4">
		<left>0</left>
		<top>0</top>
		<width>1920</width>
		<height>88</height>
		<font>font_virtualmenu4</font>
		<textoffsety>-9</textoffsety>
		<align>center</align>
		<aligny>top</aligny>
		<textcolor>$INFO[skin.string(colorfont)]</textcolor>
		<scroll>true</scroll>
	</include>
	<include name="CounterFont5">
		<left>0</left>
		<top>0</top>
		<width>1920</width>
		<height>88</height>
		<font>font_virtualmenu5</font>
		<textoffsety>-3</textoffsety>
		<align>center</align>
		<aligny>top</aligny>
		<textcolor>$INFO[skin.string(colorfont)]</textcolor>
		<scroll>true</scroll>
	</include>
	<include name="CounterFont6">
		<left>0</left>
		<top>0</top>
		<width>1920</width>
		<height>88</height>
		<font>font_virtualmenu6</font>
		<textoffsety>0</textoffsety>
		<align>center</align>
		<aligny>top</aligny>
		<textcolor>$INFO[skin.string(colorfont)]</textcolor>
		<scroll>true</scroll>
	</include>
	<include name="CounterFont7">
		<left>0</left>
		<top>0</top>
		<width>1920</width>
		<height>88</height>
		<font>font_virtualmenu7</font>
		<textoffsety>-4</textoffsety>
		<align>center</align>
		<aligny>top</aligny>
		<textcolor>$INFO[skin.string(colorfont)]</textcolor>
		<scroll>true</scroll>
	</include>
	<include name="CounterFont8">
		<left>0</left>
		<top>0</top>
		<width>1920</width>
		<height>87</height>
		<font>font_virtualmenu8</font>
		<textoffsety>-18</textoffsety>
		<align>center</align>
		<aligny>top</aligny>
		<textcolor>$INFO[skin.string(colorfont)]</textcolor>
		<scroll>true</scroll>
	</include>
	<include name="invisible">
		<left>-30</left>
		<top>-30</top>
		<width>1</width>
		<height>1</height>
		<label></label>
		<font></font>
		<texturenofocus></texturenofocus>
		<texturefocus></texturefocus>
	</include>
	<include name="backgroundspecs_mosaic">
		<width>640</width>
		<height>540</height>
		<timeperimage>6000</timeperimage>
		<randomize>true</randomize>
		<aspectratio>keep</aspectratio>
		<fadetime>commonfadetime</fadetime>
		<imagepath background="true">$INFO[Window(Visualisation).Property(ArtistSlideshow)]</imagepath>
		<animation effect="zoom" start="0" end="100" center="auto" easing="out" tween="sine" time="700" delay="1000">WindowOpen</animation>
		<animation effect="zoom" start="0" end="100" center="auto" easing="out" tween="sine" time="700" delay="1000">Visible</animation>
		<animation effect="zoom" start="100" end="0" center="auto" easing="in" tween="sine" time="300">WindowClose</animation>
		<animation effect="zoom" start="100" end="0" center="auto" easing="in" tween="sine" time="300">Hidden</animation>
		<animation effect="fade" start="100" end="50" time="400" condition="String.IsEqual(skin.string(vis_bg),slideshowmosaicmix)">Conditional</animation>
		<animation effect="zoom" start="110" end="130" center="auto" time="10000" tween="cubic" easing="inout" pulse="true" condition="Skin.HasSetting(animation_panscan) + !Window.IsActive(visualisation)">Conditional</animation>
		<animation effect="slide" start="-15,-15" end="15,15" time="5000" tween="cubic" easing="inout" pulse="true" condition="Skin.HasSetting(animation_panscan) + !Window.IsActive(visualisation)">Conditional</animation>
		<animation effect="zoom" start="110" end="130" center="auto" time="10000" tween="cubic" easing="inout" pulse="true" condition="Skin.HasSetting(visanimation_panscan) + Window.IsActive(visualisation)">Conditional</animation>
		<animation effect="slide" start="-15,-15" end="15,15" time="5000" tween="cubic" easing="inout" pulse="true" condition="Skin.HasSetting(visanimation_panscan) + Window.IsActive(visualisation)">Conditional</animation>
	</include>
	<include name="backgroundspecs_single">
		<left>0</left>
		<top>0</top>
		<width>1920</width>
		<height>1080</height>
		<fadetime>commonfadetime</fadetime>
		<include condition="Skin.HasSetting(keepaspect)">KeepAspect</include>
		<animation effect="zoom" start="110" end="130" center="auto" time="10000" tween="cubic" easing="inout" pulse="true" condition="Skin.HasSetting(animation_panscan) + !Window.IsActive(visualisation)">Conditional</animation>
		<animation effect="slide" start="-15,-15" end="15,15" time="5000" tween="cubic" easing="inout" pulse="true" condition="Skin.HasSetting(animation_panscan) + !Window.IsActive(visualisation)">Conditional</animation>
		<animation effect="zoom" start="110" end="130" center="auto" time="10000" tween="cubic" easing="inout" pulse="true" condition="Skin.HasSetting(visanimation_panscan) + Window.IsActive(visualisation)">Conditional</animation>
		<animation effect="slide" start="-15,-15" end="15,15" time="5000" tween="cubic" easing="inout" pulse="true" condition="Skin.HasSetting(visanimation_panscan) + Window.IsActive(visualisation)">Conditional</animation>		
		<animation effect="fade" start="0" end="100" time="300" condition="Window.Previous(Startup)">WindowOpen</animation>
	</include>
	<include name="backgroundspecs_multi">
		<left>0</left>
		<top>0</top>
		<width>1920</width>
		<height>1080</height>
		<timeperimage>6000</timeperimage>
		<randomize>true</randomize>
		<fadetime>commonfadetime</fadetime>
		<include condition="Skin.HasSetting(keepaspect)">KeepAspect</include>
		<animation effect="zoom" start="110" end="130" center="auto" time="10000" tween="cubic" easing="inout" pulse="true" condition="Skin.HasSetting(animation_panscan) + !Window.IsActive(visualisation)">Conditional</animation>
		<animation effect="slide" start="-15,-15" end="15,15" time="5000" tween="cubic" easing="inout" pulse="true" condition="Skin.HasSetting(animation_panscan) + !Window.IsActive(visualisation)">Conditional</animation>
		<animation effect="zoom" start="110" end="130" center="auto" time="10000" tween="cubic" easing="inout" pulse="true" condition="Skin.HasSetting(visanimation_panscan) + Window.IsActive(visualisation)">Conditional</animation>
		<animation effect="slide" start="-15,-15" end="15,15" time="5000" tween="cubic" easing="inout" pulse="true" condition="Skin.HasSetting(visanimation_panscan) + Window.IsActive(visualisation)">Conditional</animation>
		<animation effect="fade" start="0" end="100" time="300" condition="Window.Previous(Startup)">WindowOpen</animation>
	</include>
	<include name="homebackgroundspecs_single">
		<left>0</left>
		<top>0</top>
		<width>1920</width>
		<height>1080</height>
		<fadetime>commonfadetime</fadetime>
		<include condition="Skin.HasSetting(keepaspect)">KeepAspect</include>
		<animation effect="zoom" start="110" end="130" center="auto" time="10000" tween="cubic" easing="inout" pulse="true" condition="Skin.HasSetting(animation_homepanscan)">Conditional</animation>
		<animation effect="slide" start="-15,-15" end="15,15" time="5000" tween="cubic" easing="inout" pulse="true" condition="Skin.HasSetting(animation_homepanscan)">Conditional</animation>		
		<animation effect="fade" start="0" end="100" time="300" condition="Window.Previous(Startup)">WindowOpen</animation>
	</include>
	<include name="homebackgroundspecs_multi">
		<left>0</left>
		<top>0</top>
		<width>1920</width>
		<height>1080</height>
		<include condition="String.IsEqual(skin.string(backgroundhome_seconds),5000)">animation_timer1</include>
		<include condition="String.IsEqual(skin.string(backgroundhome_seconds),10000)">animation_timer2</include>
		<include condition="String.IsEqual(skin.string(backgroundhome_seconds),30000)">animation_timer3</include>
		<include condition="String.IsEqual(skin.string(backgroundhome_seconds),60000)">animation_timer4</include>
		<include condition="String.IsEqual(skin.string(backgroundhome_seconds),600000)">animation_timer5</include>
		<include condition="String.IsEqual(skin.string(backgroundhome_seconds),3600000)">animation_timer6</include>
		<randomize>true</randomize>
		<fadetime>commonfadetime</fadetime>
		<include condition="Skin.HasSetting(keepaspect)">KeepAspect</include>
		<animation effect="zoom" start="110" end="130" center="auto" time="10000" tween="cubic" easing="inout" pulse="true" condition="Skin.HasSetting(animation_homepanscan)">Conditional</animation>
		<animation effect="slide" start="-15,-15" end="15,15" time="5000" tween="cubic" easing="inout" pulse="true" condition="Skin.HasSetting(animation_homepanscan)">Conditional</animation>
		<animation effect="fade" start="0" end="100" time="300" condition="Window.Previous(Startup)">WindowOpen</animation>
	</include>
	<include name="background_black">
		<control type="image">
			<left>0</left>
			<top>0</top>
			<width>1920</width>
			<height>1080</height>
			<texture>black.png</texture>
			<colordiffuse>A4303030</colordiffuse>
			<include>animation_fade</include>
			<animation effect="fade" start="100" end="0" time="200" condition="Window.IsVisible(sliderdialog)">Conditional</animation>
			<visible>Window.IsVisible(progressdialog) | Window.IsVisible(virtualkeyboard) | Window.IsVisible(contextmenu) | Window.IsVisible(numericinput) | Window.IsVisible(shutdownmenu) | Window.IsVisible(playercontrols) |  Window.IsVisible(filebrowser) | Window.IsVisible(networksetup) | Window.IsVisible(mediasource) | Window.IsVisible(profilesettings) | Window.IsVisible(contentsettings) | Window.IsVisible(favourites) | Window.IsVisible(smartplaylisteditor) | Window.IsVisible(smartplaylistrule) | Window.IsVisible(1161) | Window.IsVisible(1164) | Window.IsVisible(1171) | Window.IsVisible(3033) | Window.IsVisible(selectdialog) | Window.IsVisible(movieinformation) + Control.HasFocus(9930)</visible>
		</control>
	</include>
	<include name="background_live">
		<control type="image">
			<left>0</left>
			<top>0</top>
			<width>1920</width>
			<height>1080</height>
			<texture>black.png</texture>
			<visible>Player.HasVideo + [!Window.IsActive(home) + Skin.HasSetting(background_live) | Window.IsActive(home) + Skin.HasSetting(homevisvideo) | Window.IsActive(videoplaylist) + !Skin.HasSetting(noliveplaylistbg)]</visible>
		</control>
		<control type="videowindow">
			<left>0</left>
			<top>0</top>
			<width>1920</width>
			<height>1080</height>
			<aspectratio>keep</aspectratio>
			<visible>Player.HasVideo + [!Window.IsActive(home) + Skin.HasSetting(background_live) | Window.IsActive(home) + Skin.HasSetting(homevisvideo) | Window.IsActive(videoplaylist) + !Skin.HasSetting(noliveplaylistbg)]</visible>
		</control>
		<control type="visualisation">
			<left>0</left>
			<top>0</top>
			<width>1920</width>
			<height>1080</height>
			<animation effect="fade" start="0" end="100" time="400">WindowOpen</animation>
			<animation effect="fade" start="0" end="100" time="400">Visible</animation>
			<animation effect="fade" start="100" end="0" time="200">WindowClose</animation>
			<animation effect="fade" start="100" end="0" time="200">Hidden</animation>
			<visible>Player.HasAudio + [!Window.IsActive(home) + Skin.HasSetting(background_live) | Window.IsActive(home) + Skin.HasSetting(homevisaudio)]</visible>
		</control>
	</include>
	<include name="settings_furniture">
		<control type="group">
		<animation effect="fade" time="1000">Visible</animation>
		<visible>!Skin.HasSetting(texture_white)</visible>
			<control type="image">
				<left>454</left>
				<top>90</top>
				<width>1466</width>
				<height>990</height>
				<texture>$VAR[texture_base]</texture>
				<colordiffuse>$INFO[skin.string(colortexture)]</colordiffuse>
				<animation effect="fade" end="75" condition="true">Conditional</animation>
				<visible>![Container(9100).HasFocus(23) | Window.IsVisible(settings)]</visible>
			</control>
			<control type="image">
				<left>0</left>
				<top>90</top>
				<width>1920</width>
				<height>82</height>
				<texture diffuse="shadow_mask.png">$VAR[texture_base]</texture>
				<colordiffuse>$INFO[skin.string(colortexture)]</colordiffuse>
				<animation effect="fade" end="75" condition="true">Conditional</animation>
				<visible>![Container(9100).HasFocus(23) | Window.IsVisible(settings)]</visible>
			</control>
			<control type="image">
				<left>0</left>
				<top>0</top>
				<width>450</width>
				<height>1080</height>
				<texture flipx="true" diffuse="shadow_mask_v.png">$VAR[texture_base]</texture>
				<colordiffuse>$INFO[skin.string(colortexture)]</colordiffuse>
			</control>
			<!-- Divisor vertical -->
			<control type="image">
				<left>450</left>
				<top>90</top>
				<width>4</width>
				<height>990</height>
				<texture>$VAR[texture_base]</texture>
				<colordiffuse>$INFO[skin.string(colortexture)]</colordiffuse>
			</control>
		</control>
		<control type="group">
		<animation effect="fade" time="1000">Visible</animation>
		<visible>Skin.HasSetting(texture_white)</visible>
			<control type="image">
				<left>454</left>
				<top>90</top>
				<width>1466</width>
				<height>990</height>
				<texture>$VAR[texture_base]</texture>
				<colordiffuse>$INFO[skin.string(colortexture)]</colordiffuse>
				<animation effect="fade" end="75" condition="true">Conditional</animation>
				<visible>![Container(9100).HasFocus(23) | Window.IsVisible(settings)]</visible>
			</control>
			<control type="image">
				<left>0</left>
				<top>90</top>
				<width>1920</width>
				<height>82</height>
				<texture diffuse="shadow_mask.png">$VAR[texture_base]</texture>
				<colordiffuse>$INFO[skin.string(colortexture)]</colordiffuse>
				<animation effect="fade" end="75" condition="true">Conditional</animation>
				<visible>![Container(9100).HasFocus(23) | Window.IsVisible(settings)]</visible>
			</control>
			<control type="image">
				<left>0</left>
				<top>0</top>
				<width>450</width>
				<height>1080</height>
				<texture flipx="true" diffuse="shadow_mask_v.png">$VAR[texture_base]</texture>
				<colordiffuse>$INFO[skin.string(colortexture)]</colordiffuse>
			</control>
			<!-- Divisor vertical -->
			<control type="image">
				<left>450</left>
				<top>90</top>
				<width>4</width>
				<height>990</height>
				<texture>$VAR[texture_base]</texture>
				<colordiffuse>$INFO[skin.string(colortexture)]</colordiffuse>
			</control>
		</control>
	</include>
	<include name="settings_fanart">
		<control type="multiimage">
			<include>backgroundspecs_multi</include>
			<imagepath background="true">$VAR[weatherfanart_season]</imagepath>
		</control>
		<control type="multiimage">
			<include>backgroundspecs_multi</include>
			<imagepath background="true">$VAR[weatherfanart_condition]</imagepath>
		</control>
		<control type="image">
			<include>backgroundspecs_single</include>
			<texture background="true">$VAR[settings_background]</texture>
		</control>
		<control type="image">
			<include>backgroundspecs_single</include>
			<texture background="true">$INFO[ListItem.Art(fanart)]</texture>
			<include>animation_fade</include>
			<visible>!Skin.HasSetting(noAddonfanart)</visible>
		</control>
		<control type="image">
			<left>0</left>
			<top>0</top>
			<width>1920</width>
			<height>1080</height>
			<texture>black.png</texture>
			<colordiffuse>A4303030</colordiffuse>
		</control>
	</include>
	<include name="KeepAspect">
		<aspectratio>keep</aspectratio>
	</include>
	<include name="PVRSearchButton">
		<width>750</width>
		<height>45</height>
		<aligny>center</aligny>
		<font>font_button</font>
		<textcolor>FFF8F8F8</textcolor>
		<focusedcolor>E0101010</focusedcolor>
		<radiowidth>134</radiowidth>
		<radioposx>600</radioposx>
		<radioheight>75</radioheight>
		<spinposx>25</spinposx>
		<spinwidth>46</spinwidth>
		<spinheight>75</spinheight>
		<textoffsetx>75</textoffsetx>
		<texturenofocus></texturenofocus>
		<texturefocus>grey.png</texturefocus>
		<include>animation_fade</include>
	</include>
	<include name="ViewBack">
		<control type="image">
			<left>0</left>
			<top>84</top>
			<width>1950</width>
			<height>45</height>
			<texture>shadow_h.png</texture>
			<colordiffuse>C3FFFFFF</colordiffuse>
		</control>
		<control type="image">
			<left>0</left>
			<top>128</top>
			<width>1920</width>
			<height>848</height>
			<texture flipy="true" diffuse="shadow_mask.png">$VAR[texture_base]</texture>
			<colordiffuse>$INFO[skin.string(colortexture)]</colordiffuse>
			<animation effect="fade" end="85" condition="true">Conditional</animation>
		</control>
	</include>
	<include name="SettingsRightSeparator">
		<control type="image">
			<left>1920</left>
			<top>180</top>
			<height>900</height>
			<width>390</width>
			<texture>grey.png</texture>
			<colordiffuse>E0101010</colordiffuse>
		</control>
		<control type="image">
			<left>1920</left>
			<top>180</top>
			<height>900</height>
			<width>45</width>
			<texture>shadow.png</texture>
		</control>
		<control type="image">
			<left>1920</left>
			<top>90</top>
			<width>4</width>
			<height>990</height>
			<texture>grey.png</texture>
			<colordiffuse>$INFO[skin.string(colortexture)]</colordiffuse>
		</control>
	</include>
	<include name="SettingsLeftTitle">
		<left>30</left>
		<top>95</top>
		<width>1485</width>
		<height>74</height>
		<align>left</align>
		<aligny>center</aligny>
		<font>font_titlesettings</font>
	</include>
	<include name="SettingsRightTitle">
		<left>525</left>
		<top>95</top>
		<width>1350</width>
		<height>74</height>
		<align>left</align>
		<aligny>center</aligny>
		<font>font_titlesettings</font>
		<scroll>true</scroll>
		<scrollout>false</scrollout>
	</include>
	<include name="SettingsReplaceTitle">
		<left>1950</left>
		<top>95</top>
		<width>400</width>
		<height>74</height>
		<align>left</align>
		<aligny>center</aligny>
		<font>font_titlesettings</font>
	</include>
	<include name="SettingsLabel">
		<left>0</left>
		<top>0</top>
		<width>430</width>
		<height>60</height>
		<textoffsety>0</textoffsety>
		<textoffsetx>30</textoffsetx>
		<align>left</align>
		<aligny>center</aligny>
		<font>font_header</font>
		<selectedcolor>$INFO[skin.string(colorheader)]</selectedcolor>
	</include>
	<include name="SettingsLabelFocus">
		<left>0</left>
		<top>0</top>
		<width>430</width>
		<height>60</height>
		<textoffsety>0</textoffsety>
		<textoffsetx>30</textoffsetx>
		<align>left</align>
		<aligny>center</aligny>
		<font>font_header</font>
		<textcolor>E0101010</textcolor>
		<selectedcolor>$INFO[skin.string(colorheader)]</selectedcolor>
	</include>
	<include name="SettingsImage">
		<left>0</left>
		<top>0</top>
		<width>450</width>
		<height>60</height>
		<texture>grey.png</texture>
	</include>
	<include name="SettingsButton">
		<left>0</left>
		<top>0</top>
		<width>450</width>
		<height>60</height>
		<textoffsety>0</textoffsety>
		<textoffsetx>30</textoffsetx>
		<align>left</align>
		<aligny>center</aligny>
		<font>font_header</font>
		<texture>grey.png</texture>
		<texturefocus>grey.png</texturefocus>
		<texturenofocus></texturenofocus>
		<textcolor>$INFO[skin.string(colortextlist)]</textcolor>
		<disabledcolor>50ffffff</disabledcolor>
		<focusedcolor>E0101010</focusedcolor>
		<selectedcolor>E0101010</selectedcolor>
		<colordiffuse></colordiffuse>
		<pulseonselect>no</pulseonselect>
	</include>
	<include name="SettingsBottomButton">
		<left>0</left>
		<top>0</top>
		<width>488</width>
		<height>53</height>
		<align>center</align>
		<aligny>center</aligny>
		<font>font_settings</font>
		<textcolor>$INFO[skin.string(colortextlist)]</textcolor>
		<focusedcolor>E0101010</focusedcolor>
		<selectedcolor>FFF8F8F8</selectedcolor>
		<textoffsety>0</textoffsety>
		<textoffsetx>30</textoffsetx>
		<texture></texture>
		<texturefocus>grey.png</texturefocus>
		<texturenofocus></texturenofocus>
		<pulseonselect>false</pulseonselect>
		<colordiffuse></colordiffuse>
	</include>
	<include name="SettingsDialogButton">
		<left>0</left>
		<top>0</top>
		<width>244</width>
		<height>62</height>
		<font>font_button</font>
		<align>left</align>
		<textcolor>FFF8F8F8</textcolor>
		<focusedcolor>E0101010</focusedcolor>
		<selectedcolor>E0101010</selectedcolor>
		<textoffsetx>15</textoffsetx>
		<texturenofocus></texturenofocus>
		<texturefocus>grey.png</texturefocus>
	</include>
	<include name="MyViewTypeButton">
		<left>0</left>
		<top>0</top>
		<height>60</height>
		<width>450</width>
		<textwidth>390</textwidth>
		<align>left</align>
		<aligny>center</aligny>
		<textoffsetx>30</textoffsetx>
	</include>
	<include name="MyViewTypeLabelGrid1">
		<left>0</left>
		<height>30</height>
		<width>1316</width>
		<font>font_plotsmall</font>
		<aligny>top</aligny>
		<align>left</align>
		<textcolor>$INFO[skin.string(colorheader)]</textcolor>
		<textoffsetx>0</textoffsetx>
		<textoffsety>0</textoffsety>
		<scroll>true</scroll>
	</include>
	<include name="MyViewTypeLabelGrid2">
		<left>0</left>
		<height>30</height>
		<width>628</width>
		<font>font_plotsmall</font>
		<aligny>top</aligny>
		<align>left</align>
		<textcolor>$INFO[skin.string(colorheader)]</textcolor>
		<textoffsetx>0</textoffsetx>
		<textoffsety>0</textoffsety>
		<scroll>true</scroll>
	</include>
	<include name="MyViewTypeLabelGrid3">
		<left>0</left>
		<height>30</height>
		<width>410</width>
		<font>font_plotsmall</font>
		<aligny>top</aligny>
		<align>left</align>
		<textcolor>$INFO[skin.string(colorheader)]</textcolor>
		<textoffsetx>0</textoffsetx>
		<textoffsety>0</textoffsety>
		<scroll>true</scroll>
	</include>
	<include name="TopMenuButtonFilter">
		<left>0</left>
		<top>0</top>
		<width>411</width>
		<height>38</height>
	</include>
	<include name="TopMenuFilter">
		<left>15</left>
		<top>-2</top>
		<width>381</width>
		<height>38</height>
		<align>left</align>
		<aligny>center</aligny>
		<font>font_plot</font>
		<textcolor>E0101010</textcolor>
	</include>
	<include name="TopMenuFilterFocus">
		<left>15</left>
		<top>-2</top>
		<width>381</width>
		<height>38</height>
		<align>left</align>
		<aligny>center</aligny>
		<font>font_plot</font>
		<textcolor>FFF8F8F8</textcolor>
	</include>
	<include name="ButtonColor">
		<left>0</left>
		<top>0</top>
		<width>45</width>
		<height>45</height>
		<label></label>
		<texturenofocus>colorselector_icon.png</texturenofocus>
		<texturefocus>colorselector_icon.png</texturefocus>
		<animation effect="zoom" center="auto" start="90" end="150" time="600" tween="back" easing="out" reversible="false">Focus</animation>
	</include>
	<include name="ArrowtoColor">
		<left>1438</left>
		<top>0</top>
		<width>28</width>
		<height>60</height>
		<texture>arrow_settings.png</texture>
		<colordiffuse>80101010</colordiffuse>
		<include>animation_fade</include>
		<animation effect="fade" start="20" end="80" time="700" condition="true" pulse="true">Conditional</animation>
	</include>
	<include name="CaseCodec">
		<left>102</left>
		<top>3</top>
		<width>68</width>
		<height>68</height>
		<aspectratio align="center" aligny="center">keep</aspectratio>
	</include>
	<include name="KeyboardSingle">
		<texturenofocus>darkgrey.png</texturenofocus>
		<texturefocus>grey.png</texturefocus>
		<align>center</align>
		<aligny>center</aligny>
		<textoffsetx>12</textoffsetx>
		<font>font_plot</font>
		<textcolor>FFF8F8F8</textcolor>
	</include>
	<include name="KeyboardDouble">
		<texturenofocus>darkgrey.png</texturenofocus>
		<texturefocus>grey.png</texturefocus>
		<align>center</align>
		<aligny>center</aligny>
		<font>font_plot</font>
		<textcolor>FFF8F8F8</textcolor>
	</include>
	<include name="OSDSeekForward">
		<left>-44</left>
		<top>0</top>
		<width>748</width>
		<height>42</height>
		<aligny>center</aligny>
		<align>right</align>
		<font>font_plot</font>
		<textcolor>FF363636</textcolor>
		<include>animation_fade</include>
	</include>
	<include name="OSDSeekReverse">
		<left>44</left>
		<top>0</top>
		<width>748</width>
		<height>42</height>
		<aligny>center</aligny>
		<align>left</align>
		<font>font_plot</font>
		<textcolor>FF363636</textcolor>
		<include>animation_fade</include>
	</include>
	<include name="listcolor">
		<textcolor>$INFO[skin.string(colortextlist)]</textcolor>
		<selectedcolor>$INFO[skin.string(colorheader)]</selectedcolor>
	</include>
	<include name="listcolorfocus">
		<textcolor>E0101010</textcolor>
		<selectedcolor>$INFO[skin.string(colorheader)]</selectedcolor>
	</include>
	<include name="subcolor">
		<textcolor>80FFFAF0</textcolor>
		<selectedcolor>$INFO[skin.string(colorheader)]</selectedcolor>
	</include>
	<include name="subcolorfocus">
		<textcolor>FF151515</textcolor>
		<selectedcolor>$INFO[skin.string(colorheader)]</selectedcolor>
	</include>
	<include name="detailcolor">
		<textcolor>FFF8F8F8</textcolor>
		<selectedcolor>$INFO[skin.string(colorheader)]</selectedcolor>
	</include>
	<include name="detailcolorfocus">
		<textcolor>FF151515</textcolor>
		<selectedcolor>$INFO[skin.string(colorheader)]</selectedcolor>
	</include>
	<include name="musicinfolabel">
		<left>50</left>
		<height>30</height>
		<width>240</width>
		<font>font_plot</font>
		<aligny>top</aligny>
		<align>right</align>
		<textcolor>$INFO[skin.string(colorheader)]</textcolor>
		<textoffsetx>0</textoffsetx>
		<scroll>true</scroll>
	</include>
	<include name="musicinfovalue">
		<left>330</left>
		<height>30</height>
		<width>450</width>
		<font>font_plot</font>
		<aligny>top</aligny>
		<align>left</align>
		<textcolor>$INFO[skin.string(colortext)]</textcolor>
		<textoffsetx>0</textoffsetx>
		<scroll>true</scroll>
	</include>
	<!-- #######################  Etiquetas de midia ####################### -->
	<include name="mediaflags_group">
		<control type="grouplist">
			<left>$PARAM[left]</left>
			<top>$PARAM[top]</top>
			<itemgap>$PARAM[itemgap]</itemgap>
			<orientation>horizontal</orientation>
			<!-- estudio -->
			<include content="mediaflags_common">
				<param name="flag_id" value="401" />
				<param name="flag" value="$VAR[studio]" />
				<param name="separator" value="true" />
			</include>
			<!-- mpaa -->
			<include content="mediaflags_common">
				<param name="flag_id" value="402" />
				<param name="flag" value="$VAR[mpaa]" />
				<param name="separator" value="true" />
			</include>
			<!-- tipo de midia -->
			<include content="mediaflags_common">
				<param name="flag_id" value="403" />
				<param name="flag" value="$VAR[mediatype]" />
				<param name="separator" value="true" />
			</include>
			<!-- codec de video -->
			<include content="mediaflags_common">
				<param name="flag_id" value="404" />
				<param name="flag" value="$VAR[videocodec_path]$INFO[ListItem.VideoCodec,,.png]" />
				<param name="separator" value="true" />
			</include>
			<!-- hdr -->
			<include content="mediaflags_common">
				<param name="flag_id" value="405" />
				<param name="flag" value="$VAR[sdrhdr]" />
				<param name="separator" value="true" />
			</include>
			<!-- 10 bit -->
			<include content="mediaflags_common">
				<param name="flag_id" value="406" />
				<param name="flag" value="$VAR[bitdepth]" />
				<param name="separator" value="true" />
			</include>
			<!-- resolucao -->
			<include content="mediaflags_common">
				<param name="flag_id" value="407" />
				<param name="flag" value="$VAR[resolution_path]$INFO[ListItem.VideoResolution,,.png]" />
				<param name="separator" value="true" />
			</include>
			<!-- aspecto -->
			<include content="mediaflags_common">
				<param name="flag_id" value="408" />
				<param name="flag" value="$VAR[aspectratio_path]$INFO[ListItem.VideoAspect,,.png]" />
				<param name="separator" value="true" />
			</include>
			<!-- codec de audio -->
			<include content="mediaflags_common">
				<param name="flag_id" value="409" />
				<param name="flag" value="$VAR[audiocodec]" />
				<param name="separator" value="true" />
			</include>
			<!-- canais -->
			<control type="group">
				<width>450</width>
				<height>50</height>
				<visible>!String.IsEmpty(ListItem.Property(AudioLanguage.1))</visible>
				<include content="mediaflags_common">
					<param name="flag_id" value="410" />
					<param name="flag" value="$VAR[extras_path]flag_audio.png" />
					<param name="separator" value="false" />
				</include>
				<control type="label">
					<left>100</left>					
					<width>330</width>
					<align>left</align>
					<include>FlagLabel</include>
					<label>$VAR[audiochannels1]$INFO[ListItem.Property(AudioLanguage.1),-] $VAR[audiochannels2]$INFO[ListItem.Property(AudioLanguage.2),-] $VAR[audiochannels3]$INFO[ListItem.Property(AudioLanguage.3),-] $VAR[audiochannels4]$INFO[ListItem.Property(AudioLanguage.4),-] $VAR[audiochannels5]$INFO[ListItem.Property(AudioLanguage.5),-]</label>
				</control>
			</control>
			<control type="image">
				<include>FlagSeparator</include>
			</control>
			<!-- legenda -->
			<control type="group">
				<width>250</width>
				<height>50</height>
				<visible>!String.IsEmpty(ListItem.Property(SubtitleLanguage.1))</visible>
				<include content="mediaflags_common">
					<param name="flag_id" value="411" />
					<param name="flag" value="$VAR[extras_path]flag_subtitle.png" />
					<param name="separator" value="false" />
				</include>
				<control type="label">
					<left>100</left>					
					<width>200</width>
					<align>left</align>
					<include>FlagLabel</include>
					<label>$INFO[ListItem.Property(SubtitleLanguage.1)]$INFO[ListItem.Property(SubtitleLanguage.2), / ]$INFO[ListItem.Property(SubtitleLanguage.3), / ]$INFO[ListItem.Property(SubtitleLanguage.4), / ]$INFO[ListItem.Property(SubtitleLanguage.5), / ]</label>
				</control>
			</control>
		</control>
	</include>
	<!-- 161 x 109 -->
	<include name="FlagImage">
		<left>0</left>
		<top>0</top>
		<width>110</width>
		<height>66</height>
		<aspectratio align="center" aligny="center">keep</aspectratio>
		<colordiffuse>$INFO[skin.string(colorflags)]</colordiffuse>
		<fadetime>commonfadetime</fadetime>
	</include>
	<include name="FlagLabel">
		<left>0</left>
		<top>0</top>
		<width>110</width>
		<height>66</height>
		<align>center</align>
		<aligny>center</aligny>
		<fadetime>commonfadetime</fadetime>
		<font>font_plot</font>
		<textcolor>$INFO[skin.string(colorflags)]</textcolor>		
		<scroll>true</scroll>
		<scrollout>false</scrollout>
		<wrapmultiline>false</wrapmultiline>
	</include>
	<include name="FlagSeparator">
		<left>0</left>
		<top>0</top>
		<width>1</width>
		<height>75</height>
		<texture>flagseparator.png</texture>
		<colordiffuse>$INFO[skin.string(colorflags)]</colordiffuse>
	</include>
	<!-- #######################  Para tela de toque ####################### -->
	<include name="touchscreen">
		<control type="group">
			<left>35</left>
			<top>140</top>
			<animation effect="slide" end="1650,0" time="500" tween="sine" easing="inout" condition="String.IsEqual(skin.string(touchscreen),topright)">Conditional</animation>
			<animation effect="slide" end="0,665" time="500" tween="sine" easing="inout" condition="String.IsEqual(skin.string(touchscreen),bottomleft)">Conditional</animation>
			<animation effect="slide" end="1650,665" time="500" tween="sine" easing="inout" condition="String.IsEqual(skin.string(touchscreen),bottomright)">Conditional</animation>
			<visible>Skin.HasSetting(touchscreen)</visible>
			<control type="image">
				<left>0</left>
				<top>0</top>
				<width>200</width>
				<height>193</height>
				<texture>touchscreen_navigator.png</texture>
			</control>
			<!-- botao canto esquerdo acima -->
			<control type="button" id="5201">
				<left>5</left>
				<top>5</top>
				<width>45</width>
				<height>45</height>
				<onclick>Skin.Reset(touchscreen)</onclick>
				<texturefocus></texturefocus>
				<texturenofocus></texturenofocus>
			</control>
			<!-- botao canto direito acima -->
			<control type="button" id="5202">
				<left>150</left>
				<top>5</top>
				<width>45</width>
				<height>45</height>
				<onclick>Skin.SetString(touchscreen,topright)</onclick>
				<texturefocus></texturefocus>
				<texturenofocus></texturenofocus>
			</control>
			<!-- botao canto esquerdo abaixo -->
			<control type="button" id="5203">
				<left>5</left>
				<top>142</top>
				<width>45</width>
				<height>45</height>
				<onclick>Skin.SetString(touchscreen,bottomleft)</onclick>
				<texturefocus></texturefocus>
				<texturenofocus></texturenofocus>
			</control>
			<!-- botao canto direito abaixo -->
			<control type="button" id="5204">
				<left>150</left>
				<top>142</top>
				<width>45</width>
				<height>45</height>
				<onclick>Skin.SetString(touchscreen,bottomright)</onclick>
				<texturefocus></texturefocus>
				<texturenofocus></texturenofocus>
			</control>
			<!-- botao voltar -->
			<control type="button" id="5205">
				<left>78</left>
				<top>78</top>
				<width>45</width>
				<height>37</height>
				<onclick>Back</onclick>
				<texturefocus></texturefocus>
				<texturenofocus></texturenofocus>
			</control>
			<!-- botao para cima -->
			<control type="button" id="5206">
				<left>61</left>
				<top>0</top>
				<width>78</width>
				<height>78</height>
				<onclick condition="Window.IsVisible(home)">SetFocus(9000)</onclick>
				<onclick condition="![Window.IsVisible(home) | Window.IsVisible(settings)]">SetFocus(51)</onclick>
				<onclick condition="Window.IsVisible(settings)">SetFocus(3)</onclick>
				<onclick>Up</onclick>
				<texturefocus></texturefocus>
				<texturenofocus></texturenofocus>
			</control>
			<!-- botao para baixo -->
			<control type="button" id="5207">
				<left>61</left>
				<top>115</top>
				<width>78</width>
				<height>78</height>
				<onclick condition="Window.IsVisible(home)">SetFocus(9000)</onclick>
				<onclick condition="![Window.IsVisible(home) | Window.IsVisible(settings)]">SetFocus(51)</onclick>
				<onclick condition="Window.IsVisible(settings)">SetFocus(3)</onclick>
				<onclick>Down</onclick>
				<texturefocus></texturefocus>
				<texturenofocus></texturenofocus>
			</control>
			<!-- botao para esquerda -->
			<control type="button" id="5208">
				<left>0</left>
				<top>57</top>
				<width>78</width>
				<height>78</height>
				<onclick condition="Window.IsVisible(home)">SetFocus(9000)</onclick>
				<onclick condition="![Window.IsVisible(home) | Window.IsVisible(settings)]">SetFocus(51)</onclick>
				<onclick condition="Window.IsVisible(settings)">SetFocus(3)</onclick>
				<onclick>Left</onclick>
				<texturefocus></texturefocus>
				<texturenofocus></texturenofocus>
			</control>
			<!-- botao para direita -->
			<control type="button" id="5209">
				<left>122</left>
				<top>57</top>
				<width>78</width>
				<height>78</height>
				<onclick condition="Window.IsVisible(home)">SetFocus(9000)</onclick>
				<onclick condition="![Window.IsVisible(home) | Window.IsVisible(settings)]">SetFocus(51)</onclick>
				<onclick condition="Window.IsVisible(settings)">SetFocus(3)</onclick>
				<onclick>Right</onclick>
				<texturefocus></texturefocus>
				<texturenofocus></texturenofocus>
			</control>
		</control>
	</include>
	<!-- ####################### Next Aired ####################### -->
	<include name="NextAiredThumb">
		<left>0</left>
		<top>147</top>
		<width>150</width>
		<height>112</height>
		<aspectratio>keep</aspectratio>
		<texture background="true">$INFO[ListItem.Property(Art(poster))]</texture>
		<include>animation_fade</include>
	</include>
	<include name="NextAiredThumbFocus">
		<left>0</left>
		<top>147</top>
		<width>150</width>
		<height>112</height>
		<aspectratio>keep</aspectratio>
		<texture background="true">$INFO[ListItem.Property(Art(poster))]</texture>
		<animation type="Focus" reversible="false">
			<effect type="zoom" center="auto" start="80" end="100" time="400" tween="back" easing="out" />
			<effect type="fade" start="80" end="100" time="400" />
		</animation>
	</include>
	<include name="NextAiredThumbBanner">
		<left>30</left>
		<top>158</top>
		<width>525</width>
		<height>90</height>
		<aspectratio>stretch</aspectratio>
		<texture background="true">$INFO[ListItem.Property(Art(banner))]</texture>
		<include>animation_fade</include>
	</include>
	<include name="NextAiredThumbBannerFocus">
		<left>30</left>
		<top>158</top>
		<width>525</width>
		<height>90</height>
		<aspectratio>stretch</aspectratio>
		<texture background="true">$INFO[ListItem.Property(Art(banner))]</texture>
		<animation type="Focus" reversible="false">
			<effect type="zoom" center="auto" start="80" end="100" time="400" tween="back" easing="out" />
			<effect type="fade" start="80" end="100" time="400" />
		</animation>
	</include>
	<include name="NextAiredThumbLogo">
		<left>30</left>
		<top>158</top>
		<width>525</width>
		<height>90</height>
		<align>center</align>
		<aligny>center</aligny>
		<aspectratio>keep</aspectratio>
		<texture background="true">$INFO[ListItem.Property(Art(clearlogo))]</texture>
		<include>animation_fade</include>
	</include>
	<include name="NextAiredThumbLogoFocus">
		<left>30</left>
		<top>158</top>
		<width>525</width>
		<height>90</height>
		<align>center</align>
		<aligny>center</aligny>
		<aspectratio>keep</aspectratio>
		<texture background="true">$INFO[ListItem.Property(Art(clearlogo))]</texture>
		<animation type="Focus" reversible="false">
			<effect type="zoom" center="auto" start="80" end="100" time="400" tween="back" easing="out" />
			<effect type="fade" start="80" end="100" time="400" />
		</animation>
	</include>
	<include name="NextAiredHorizontalScrollBar">
		<left>458</left>
		<width>1005</width>
		<height>12</height>
		<include>ScrollBar_Horizontal</include>
	</include>
	<include name="NextAiredButtomDay">
		<left>0</left>
		<width>148</width>
		<height>124</height>
		<texture>grey.png</texture>
		<colordiffuse>$INFO[skin.string(colortexture)]</colordiffuse>
		<include>animation_fade</include>
	</include>
	<include name="NextAiredLabelDay">
		<left>22</left>
		<width>135</width>
		<height>124</height>
		<font>font_header</font>
		<align>left</align>
		<aligny>center</aligny>
		<textcolor>E0101010</textcolor>
	</include>
	<include name="NextAiredLabelDaySelect">
		<left>42</left>
		<width>135</width>
		<height>124</height>
		<font>font_list</font>
		<align>left</align>
		<aligny>center</aligny>
		<textcolor>FFF8F8F8</textcolor>
	</include>
	<include name="NextAiredLabelSeparator">
		<width>150</width>
		<height>4</height>
		<texture flipx="true">divider.png</texture>
		<colordiffuse>90FFFFFF</colordiffuse>
	</include>
	<!-- ####################### Dialogs ####################### -->
	<include name="Dialogs_Bar">
		<control type="image">
			<left>0</left>
			<top>0</top>
			<width>1920</width>
			<height>280</height>
			<texture flipy="true" diffuse="shadow_mask.png">$VAR[texture_base]</texture>
			<colordiffuse>$INFO[skin.string(colortexture)]</colordiffuse>
			<animation effect="fade" end="85" condition="true">Conditional</animation>
		</control>
	</include>
	<include name="Dialogs_Bar1">
		<control type="image">
			<left>0</left>
			<top>46</top>
			<width>1950</width>
			<height>45</height>
			<texture flipy="true">shadow_h.png</texture>
			<colordiffuse>C3FFFFFF</colordiffuse>
		</control>
		<control type="image">
			<left>0</left>
			<top>-6</top>
			<height>50</height>
			<width>1920</width>
			<aligny>top</aligny>
			<texture>$VAR[texture_base]</texture>
			<colordiffuse>$INFO[skin.string(colortexture)]</colordiffuse>
			<include>animation_homeglass</include>
		</control>
		<control type="image">
			<left>0</left>
			<top>-6</top>
			<height>52</height>
			<width>1920</width>
			<aligny>top</aligny>
			<texture>$VAR[texture_base]</texture>
			<colordiffuse>$INFO[skin.string(colortexture)]</colordiffuse>
			<include>animation_homeglass</include>
		</control>
	</include>
	<include name="Dialogs_Bar2">
		<control type="image">
			<left>0</left>
			<top>92</top>
			<width>1950</width>
			<height>45</height>
			<texture flipy="true">shadow_h.png</texture>
			<colordiffuse>C3FFFFFF</colordiffuse>
		</control>
		<control type="image">
			<left>0</left>
			<top>-6</top>
			<height>94</height>
			<width>1920</width>
			<aligny>top</aligny>
			<texture>$VAR[texture_base]</texture>
			<colordiffuse>$INFO[skin.string(colortexture)]</colordiffuse>
			<include>animation_homeglass</include>
		</control>
		<control type="image">
			<left>0</left>
			<top>-6</top>
			<height>98</height>
			<width>1920</width>
			<aligny>top</aligny>
			<texture>$VAR[texture_base]</texture>
			<colordiffuse>$INFO[skin.string(colortexture)]</colordiffuse>
			<include>animation_homeglass</include>
		</control>
	</include>
	<include name="Dialogs_Progress">
		<left>15</left>
		<top>39</top>
		<width>1890</width>
		<height>6</height>
	</include>
	<include name="Dialogs_Label1">
		<left>15</left>
		<top>6</top>
		<width>593</width>
		<height>30</height>
		<align>left</align>
		<aligny>top</aligny>
		<textcolor>$INFO[skin.string(colorheader)]</textcolor>
		<font>font_plot</font>
		<scroll>true</scroll>
	</include>
	<include name="Dialogs_Label2">
		<left>1312</left>
		<top>6</top>
		<width>593</width>
		<height>30</height>
		<align>right</align>
		<aligny>top</aligny>
		<textcolor>$INFO[skin.string(colorheader)]</textcolor>
		<font>font_plot</font>
		<scroll>true</scroll>
	</include>
	<include name="Dialogs_Label3">
		<left>15</left>
		<top>46</top>
		<width>593</width>
		<height>30</height>
		<align>left</align>
		<aligny>top</aligny>
		<textcolor>$INFO[skin.string(colortext)]</textcolor>
		<font>font_plot</font>
		<scroll>true</scroll>
	</include>
	<include name="Dialogs_Label4">
		<left>1312</left>
		<top>46</top>
		<width>593</width>
		<height>30</height>
		<align>right</align>
		<aligny>top</aligny>
		<textcolor>$INFO[skin.string(colortext)]</textcolor>
		<font>font_plot</font>
		<scroll>true</scroll>
	</include>
	<include name="DialogContext_Button">
		<left>0</left>
		<top>0</top>
		<width>681</width>
		<height>58</height>
		<onleft>Close</onleft>
		<onright>Close</onright>
		<align>center</align>
		<aligny>center</aligny>
		<font>font_button</font>
		<textoffsety>12</textoffsety>
		<textcolor>FFF8F8F8</textcolor>
		<focusedcolor>E0101010</focusedcolor>
		<texturenofocus>dialogs_context_nofocus.png</texturenofocus>
		<texturefocus>dialogs_context_focus.png</texturefocus>
		<pulseonselect>false</pulseonselect>
		<colordiffuse>F9FFFFFF</colordiffuse>
	</include>
	<!-- #######################  WIDGETS VIRTUAL ####################### -->
	<include name="VirtualWidgetsContent">
		<itemlayout width="110" height="240">
			<!-- Reflexo -->
			<control type="image">
				<left>0</left>
				<top>160</top>
				<width>105</width>
				<height>158</height>
				<texture flipy="true" fallback="DefaultPicture.png" diffuse="thumb_poster_reflect.png" background="true">$INFO[ListItem.Art(poster)]</texture>
				<colordiffuse>97FFFFFF</colordiffuse>
				<aspectratio align="center" aligny="top">stretch</aspectratio>
			</control>
			<!-- Poster -->
			<control type="image">
				<left>0</left>
				<top>0</top>
				<width>105</width>
				<height>158</height>
				<aspectratio align="center" aligny="bottom">stretch</aspectratio>
				<texture fallback="DefaultPicture.png" diffuse="thumb_poster_diffuse.png" background="true">$INFO[ListItem.Art(poster)]</texture>
			</control>
		</itemlayout>
		<focusedlayout width="110" height="240">
			<!-- Reflexo -->
			<control type="image">
				<left>0</left>
				<top>160</top>
				<width>105</width>
				<height>158</height>
				<texture flipy="true" fallback="DefaultPicture.png" diffuse="thumb_poster_reflect.png" background="true">$INFO[ListItem.Art(poster)]</texture>
				<colordiffuse>97FFFFFF</colordiffuse>
				<aspectratio align="center" aligny="top">stretch</aspectratio>
			</control>
			<!-- Poster -->
			<control type="image">
				<left>0</left>
				<top>0</top>
				<width>105</width>
				<height>158</height>
				<aspectratio align="center" aligny="bottom">stretch</aspectratio>
				<texture fallback="DefaultPicture.png" diffuse="thumb_poster_diffuse.png" background="true">$INFO[ListItem.Art(poster)]</texture>
			</control>
		</focusedlayout>
		<content target="video">videodb://recentlyaddedmovies/</content>
	</include>
	<!-- ####################### MultiData ####################### -->
	<include name="MultiData">
		<control type="group">
			<animation effect="slide" start="0,-105" end="0,0" time="500" delay="500" easing="inout" tween="cubic">WindowOpen</animation>
			<animation effect="slide" start="0,-105" end="0,0" time="500" delay="1000" easing="inout" tween="cubic">Visible</animation>
			<animation effect="slide" start="0,0" end="0,-105" time="300" easing="inout" tween="cubic">Hidden</animation>
			<animation effect="slide" end="0,-105" time="500" tween="sine" easing="out" condition="Control.IsVisible(79)">Conditional</animation>
			<animation effect="slide" start="0,0" end="0,-105" time="400" tween="cubic" easing="in" condition="Control.HasFocus(9920) | Control.IsVisible(608) | ControlGroup(9000).HasFocus | Window.IsVisible(volumebar) | Window.IsVisible(notification) | Library.IsScanningVideo | Library.IsScanningMusic | Window.IsVisible(1170) | Window.IsVisible(1168)">Conditional</animation>
			<animation effect="slide" start="0,0" end="0,-105" time="50" tween="cubic" easing="in" condition="Control.HasFocus(160)">Conditional</animation>
			<control type="image">
				<left>0</left>
				<top>0</top>
				<height>105</height>
				<width>1920</width>
				<aligny>top</aligny>
				<texture flipy="true" diffuse="shadow_mask.png">$VAR[texture_base]</texture>
				<colordiffuse>$INFO[skin.string(colortexture)]</colordiffuse>
				<animation effect="fade" end="65" condition="true">Conditional</animation>
			</control>
			<control type="label">
				<left>45</left>
				<top>5</top>
				<width>675</width>
				<height>30</height>
				<align>left</align>
				<aligny>top</aligny>
				<font>font_plot</font>
				<textcolor>FFF8F8F8</textcolor>
				<label>$VAR[multilabel]</label>
				<scroll>true</scroll>
				<visible></visible>
			</control>
			<control type="fadelabel">
				<left>1100</left>
				<top>5</top>
				<width>700</width>
				<height>30</height>
				<align>right</align>
				<aligny>top</aligny>
				<font>font_plot</font>
				<textcolor>FFF8F8F8</textcolor>
				<label>$INFO[Window(Weather).Property(Current.Condition)] | $INFO[Weather.Temperature]</label>
				<label>$INFO[System.Date]</label>
				<pauseatend>3000</pauseatend>
				<scroll>true</scroll>
				<scrollout>false</scrollout>
				<shadowcolor>grey</shadowcolor>
			</control>
			<control type="image">
				<left>1820</left>
				<top>0</top>
				<width>50</width>
				<height>50</height>
				<aspectratio align="left" aligny="top">keep</aspectratio>
				<texture>$VAR[weathericons_path]$INFO[Window(Weather).Property(Current.OutlookIcon)]</texture>
				<visible>![Skin.HasSetting(resource.images.weathericons.multi) | String.IsEmpty(skin.string(resource.images.weathericons.path))]</visible>
			</control>
			<control type="multiimage">
				<left>1820</left>
				<top>0</top>
				<width>50</width>
				<height>50</height>
				<aspectratio align="left" aligny="top">keep</aspectratio>
				<imagepath>$VAR[weathericons_path]$INFO[Window(Weather).Property(Current.FanartCode)]</imagepath>
				<timeperimage>75</timeperimage>
				<randomize>false</randomize>
				<fadetime>1</fadetime>
				<visible>Skin.HasSetting(resource.images.weathericons.multi) | String.IsEmpty(skin.string(resource.images.weathericons.path))</visible>
			</control>
		</control>
	</include>
	<!-- ####################### Date ####################### -->
	<include name="Date">
		<control type="group">
			<include>animation_topppopup</include>
			<visible>![Library.IsScanningVideo | Library.IsScanningMusic]</visible>
			<control type="image">
				<left>-75</left>
				<top>-72</top>
				<width>225</width>
				<height>225</height>
				<aspectratio align="center">keep</aspectratio>
				<texture>$VAR[weathericons_path]$INFO[Window(Weather).Property(Current.OutlookIcon)]</texture>
				<colordiffuse>95FFFFFF</colordiffuse>
				<visible>![Skin.HasSetting(resource.images.weathericons.multi) | String.IsEmpty(skin.string(resource.images.weathericons.path))]</visible>
			</control>
			<control type="multiimage">
				<left>-75</left>
				<top>-72</top>
				<width>225</width>
				<height>225</height>
				<aspectratio align="center">keep</aspectratio>
				<imagepath>$VAR[weathericons_path]$INFO[Window(Weather).Property(Current.FanartCode)]</imagepath>
				<timeperimage>75</timeperimage>
				<randomize>false</randomize>
				<fadetime>1</fadetime>
				<colordiffuse>95FFFFFF</colordiffuse>
				<visible>Skin.HasSetting(resource.images.weathericons.multi) | String.IsEmpty(skin.string(resource.images.weathericons.path))</visible>
			</control>
			<control type="label">
				<left>30</left>
				<top>3</top>
				<width>500</width>
				<height>34</height>
				<align>left</align>
				<aligny>top</aligny>
				<label>$INFO[System.Time]</label>
				<font>font_time</font>				
				<scroll>true</scroll>
				<scrollout>false</scrollout>
				<shadowcolor>grey</shadowcolor>
				<visible>!Weather.IsFetched</visible>
			</control>
			<control type="label">
				<left>30</left>
				<top>3</top>
				<width>500</width>
				<height>34</height>
				<align>left</align>
				<aligny>top</aligny>				
				<label>$INFO[System.Time] | $INFO[Weather.Temperature]</label>
				<font>font_time</font>
				<scroll>true</scroll>
				<scrollout>false</scrollout>
				<shadowcolor>grey</shadowcolor>
				<visible>Weather.IsFetched</visible>
			</control>
			<control type="fadelabel">
				<left>30</left>
				<top>51</top>
				<width>500</width>
				<height>30</height>
				<align>left</align>
				<aligny>top</aligny>				
				<label>$INFO[Window(Weather).Property(Current.Condition)]</label>
				<label>$INFO[System.Date]</label>
				<font>font_plot</font>
				<pauseatend>3000</pauseatend>
				<scroll>true</scroll>
				<scrollout>false</scrollout>
				<shadowcolor>grey</shadowcolor>
			</control>
		</control>
	</include>
	<!-- ####################### RSS ####################### -->
	<include name="RSS">
		<control type="group">
			<animation effect="slide" start="0,105" end="0,0" time="500" delay="1000" easing="inout" tween="cubic">WindowOpen</animation>
			<animation effect="slide" start="0,105" end="0,0" time="500" delay="1000" easing="inout" tween="cubic">Visible</animation>
			<animation effect="slide" start="0,0" end="0,105" time="300" easing="inout" tween="cubic">WindowClose</animation>
			<animation effect="slide" start="0,0" end="0,105" time="300" easing="inout" tween="cubic">Hidden</animation>
			<visible>system.getbool(lookandfeel.enablerssfeeds)</visible>
			<control type="rss" id="1">
				<left>460</left>
				<top>1042</top>
				<width>1455</width>
				<height>30</height>
				<align>left</align>
				<aligny>top</aligny>
				<font>font_plot</font>
				<urlset>1</urlset>
				<textcolor>$INFO[skin.string(colortext)]</textcolor>
				<headlinecolor>$INFO[skin.string(colortext)]</headlinecolor>
				<highlightcolor>A9736AFF</highlightcolor>
				<titlecolor>$INFO[skin.string(colorheader)]</titlecolor>
			</control>
		</control>
	</include>
	<!-- ####################### Home RSS ####################### -->
	<include name="HomeRSS">
		<control type="group">
			<animation effect="slide" start="0,105" end="0,0" time="500" delay="2000" tween="sine" easing="out" condition="Window.Previous(Startup)">WindowOpen</animation>
			<animation effect="slide" start="0,105" end="0,0" time="500" delay="1000" tween="sine" easing="out" condition="!Window.Previous(Startup)">WindowOpen</animation>
			<animation effect="slide" start="0,105" end="0,0" time="500" delay="1000" tween="sine" easing="inout">Visible</animation>
			<animation effect="slide" start="0,0" end="0,105" time="300" easing="inout" tween="sine">WindowClose</animation>
			<animation effect="slide" start="0,0" end="0,105" time="300" easing="inout" tween="sine">Hidden</animation>
			<visible>system.getbool(lookandfeel.enablerssfeeds) + ![Skin.HasSetting(submode) + !Skin.HasSetting(mainmenuvertical) | Window.IsVisible(1165) | Control.HasFocus(500) | Control.HasFocus(510) | ControlGroup(512).HasFocus | Control.HasFocus(530) | ControlGroup(540).HasFocus | Control.HasFocus(8005)]</visible>
			<control type="image">
				<left>0</left>
				<top>1050</top>
				<height>50</height>
				<width>1920</width>
				<aligny>top</aligny>
				<texture diffuse="shadow_mask.png">$VAR[texture_base]</texture>
				<colordiffuse>$INFO[skin.string(colortexture)]</colordiffuse>
				<animation effect="fade" end="65" condition="true">Conditional</animation>
			</control>
			<control type="rss" id="1">
				<left>50</left>
				<top>1042</top>
				<width>1820</width>
				<height>30</height>
				<urlset>1</urlset>
				<align>left</align>
				<aligny>top</aligny>
				<font>font_plot</font>
				<textcolor>$INFO[skin.string(colortext)]</textcolor>
				<headlinecolor>$INFO[skin.string(colortext)]</headlinecolor>
				<highlightcolor>A9736AFF</highlightcolor>
				<titlecolor>$INFO[skin.string(colorheader)]</titlecolor>
			</control>
		</control>
	</include>
	<!-- ####################### ScrollLabel ####################### -->
	<include name="ScrollLabel">
		<control type="group">
			<left>0</left>
			<top>0</top>
			<width>495</width>
			<height>348</height>
			<animation effect="slide" end="1650,270" time="0" condition="Control.IsVisible(51)">Conditional</animation>
			<animation effect="slide" end="908,495" time="0" condition="Control.IsVisible(52)">Conditional</animation>
			<animation effect="slide" end="908,645" time="0" condition="Control.IsVisible(53)">Conditional</animation>
			<animation effect="slide" end="908,495" time="0" condition="Control.IsVisible(54)">Conditional</animation>
			<animation effect="slide" end="855,825" time="0" condition="Control.IsVisible(55)">Conditional</animation>
			<animation effect="slide" end="908,645" time="0" condition="Control.IsVisible(56)">Conditional</animation>
			<animation effect="slide" end="150,495" time="0" condition="Control.IsVisible(57)">Conditional</animation>
			<animation effect="slide" end="908,675" time="0" condition="Control.IsVisible(58)">Conditional</animation>
			<animation effect="slide" end="510,495" time="0" condition="Control.IsVisible(59)">Conditional</animation>
			<animation effect="slide" end="908,825" time="0" condition="Control.IsVisible(60)">Conditional</animation>
			<animation effect="slide" end="908,825" time="0" condition="Control.IsVisible(61)">Conditional</animation>
			<animation effect="slide" end="855,825" time="0" condition="Control.IsVisible(63)">Conditional</animation>
			<animation effect="slide" end="908,720" time="0" condition="Control.IsVisible(64)">Conditional</animation>
			<animation effect="slide" end="1582,705" time="0" condition="Control.IsVisible(65)">Conditional</animation>
			<animation effect="slide" end="908,825" time="0" condition="Control.IsVisible(66)">Conditional</animation>
			<animation effect="slide" end="908,825" time="0" condition="Control.IsVisible(67)">Conditional</animation>
			<animation effect="slide" end="908,585" time="0" condition="Control.IsVisible(69)">Conditional</animation>
			<animation effect="slide" end="908,585" time="0" condition="Control.IsVisible(73)">Conditional</animation>
			<animation effect="fade" start="0" end="100" time="100">Visible</animation>
			<animation effect="fade" start="100" end="0" time="500" delay="200">Hidden</animation>
			<visible>!Skin.HasSetting(noscrollletters) + Container.Scrolling + [String.IsEqual(Container.SortMethod,$LOCALIZE[551]) | String.IsEqual(Container.SortMethod,$LOCALIZE[561]) | String.IsEqual(Container.SortMethod,$LOCALIZE[558]) | String.IsEqual(Container.SortMethod,$LOCALIZE[557]) | String.IsEqual(Container.SortMethod,$LOCALIZE[556])]</visible>
			<control type="image">
				<left>0</left>
				<top>0</top>
				<width>105</width>
				<height>105</height>
				<align>center</align>
				<aligny>center</aligny>
				<texture>scrolllabel_back.png</texture>
			</control>
			<control type="label">
				<left>1</left>
				<top>0</top>
				<width>105</width>
				<height>105</height>
				<align>center</align>
				<aligny>center</aligny>
				<label>$INFO[ListItem.SortLetter]</label>
				<textcolor>FFF8F8F8</textcolor>
				<font>font_titlesettings</font>
			</control>
		</control>
	</include>
	<include name="ScrollGamesLabel">
		<control type="group">
			<left>0</left>
			<top>0</top>
			<width>495</width>
			<height>348</height>
			<animation effect="slide" end="510,495" time="0" condition="Control.IsVisible(50)">Conditional</animation>
			<animation effect="slide" end="915,495" time="0" condition="Control.IsVisible(51)">Conditional</animation>
			<animation effect="slide" end="908,825" time="0" condition="Control.IsVisible(53)">Conditional</animation>
			<animation effect="fade" start="100" end="100" time="0">Visible</animation>
			<animation effect="fade" start="100" end="0" time="500" delay="200">Hidden</animation>
			<visible>!Skin.HasSetting(noscrollletters) + Container.Scrolling + [String.IsEqual(Container.SortMethod,$LOCALIZE[551]) | String.IsEqual(Container.SortMethod,$LOCALIZE[561]) | String.IsEqual(Container.SortMethod,$LOCALIZE[558]) | String.IsEqual(Container.SortMethod,$LOCALIZE[557]) | String.IsEqual(Container.SortMethod,$LOCALIZE[556])]</visible>
			<control type="image">
				<left>0</left>
				<top>0</top>
				<width>105</width>
				<height>105</height>
				<align>center</align>
				<aligny>center</aligny>
				<texture>scrolllabel_back.png</texture>
			</control>
			<control type="label">
				<left>1</left>
				<top>0</top>
				<width>105</width>
				<height>105</height>
				<align>center</align>
				<aligny>center</aligny>
				<label>$INFO[ListItem.SortLetter]</label>
				<textcolor>FFF8F8F8</textcolor>
				<font>font_titlesettings</font>
			</control>
		</control>
	</include>
	<include name="TopMenu_NoPlaylist">
		<!-- Sort by -->
		<control type="button" id="3">
			<include>TopMenuButton</include>
			<label>103</label>
		</control>
		<!-- Sort asc -->
		<control type="togglebutton" id="4">
			<include>TopMenuButton</include>
			<label>31481</label>
			<altlabel>31480</altlabel>
			<usealttexture>Container.SortDirection(Ascending)</usealttexture>
		</control>
		<!-- Flatten -->
		<control type="radiobutton" id="17">
			<include>TopMenuRadioButton</include>
			<label>20411</label>
		</control>
		<!-- Search -->
		<control type="button" id="8">
			<include>TopMenuButton</include>
			<label>137</label>
		</control>
		<!-- Filter -->
		<control type="button" id="19">
			<include>TopMenuButton</include>
			<label>587</label>
			<visible>Container.CanFilter + !Container.CanFilterAdvanced</visible>
		</control>
		<!-- Adv Filter -->
		<control type="radiobutton" id="98">
			<include>TopMenuButton</include>
			<label>587</label>
			<onclick>SetFocus(50)</onclick>
			<onclick>Filter</onclick>
			<selected>Container.Filtered</selected>
			<visible>Container.CanFilterAdvanced</visible>
		</control>
		<!-- Update library -->
		<control type="togglebutton" id="20">
			<include>TopMenuButton</include>
			<label>653</label>
			<altlabel>13353</altlabel>
			<usealttexture>library.isscanningvideo</usealttexture>
		</control>
		<!-- PartyMode -->
		<control type="radiobutton" id="16">
			<include>TopMenuRadioButton</include>
			<label>589</label>
			<visible>Window.IsActive(music)</visible>
		</control>
	</include>
	<include name="TopMenu_Playlist">
		<!-- Shuffle -->
		<control type="radiobutton" id="20">
			<include>TopMenuRadioButton</include>
			<label>191</label>
		</control>
		<!-- Repeat -->
		<control type="button" id="26">
			<include>TopMenuButton</include>
			<label></label>
		</control>
		<!-- Save -->
		<control type="button" id="21">
			<include>TopMenuButton</include>
			<label>190</label>
		</control>
		<!-- Clear -->
		<control type="button" id="22">
			<include>TopMenuButton</include>
			<label>192</label>
		</control>
	</include>
	<include name="TopMenu_PlaylistEditor">
		<!-- Playlist Editor -->
		<control type="button" id="6">
			<include>TopMenuButton</include>
			<label>21385</label>
		</control>
		<!-- Save -->
		<control type="button" id="7">
			<include>TopMenuButton</include>
			<label>190</label>
		</control>
		<!-- Clear -->
		<control type="button" id="8">
			<include>TopMenuButton</include>
			<label>192</label>
		</control>
	</include>
	<!-- ####################### ScrollBar ####################### -->
	<include name="ScrollBar_Vertical">
		<width>45</width>
		<texturesliderbackground border="0,14,0,14">scrollbar_v.png</texturesliderbackground>
		<texturesliderbar border="0,14,0,14">scrollbar_vbar.png</texturesliderbar>
		<texturesliderbarfocus border="0,14,0,14">scrollbar_vbar_focus.png</texturesliderbarfocus>
		<textureslidernib>scrollbar_nib.png</textureslidernib>
		<textureslidernibfocus>scrollbar_nib.png</textureslidernibfocus>
		<pulseonselect>false</pulseonselect>
		<orientation>vertical</orientation>
		<showonepage>false</showonepage>
		<colordiffuse>$INFO[skin.string(colorheader)]</colordiffuse>
	</include>
	<include name="ScrollBar_Horizontal">
		<height>62</height>
		<texturesliderbackground border="14,0,14,0">scrollbar_h.png</texturesliderbackground>
		<texturesliderbar border="14,0,14,0">scrollbar_hbar.png</texturesliderbar>
		<texturesliderbarfocus border="14,0,14,0">scrollbar_hbar_focus.png</texturesliderbarfocus>
		<textureslidernib>scrollbar_nib.png</textureslidernib>
		<textureslidernibfocus>scrollbar_nib.png</textureslidernibfocus>
		<pulseonselect>false</pulseonselect>
		<orientation>horizontal</orientation>
		<showonepage>false</showonepage>
		<colordiffuse>$INFO[skin.string(colorheader)]</colordiffuse>
	</include>
	<!-- ####################### Keyboard AutoComplete ####################### -->
	<include name="AutoComplete">
		<control type="group">
			<visible>!String.IsEmpty(Control.GetLabel(312).index(1))</visible>
			<top>865</top>
			<control type="group">
			</control>
			<control type="panel" id="5000">
				<left>300</left>
				<top>30</top>
				<width>1360</width>
				<height>160</height>
				<onleft>5000</onleft>
				<onright>5000</onright>
				<onup>300</onup>
				<ondown>300</ondown>
				<onback>noop</onback>
				<orientation>vertical</orientation>
				<scrolltime tween="quadratic" easing="out">200</scrolltime>
				<itemlayout height="80" width="330">
					<control type="image">
						<top>5</top>
						<width>325</width>
						<height>70</height>
						<texture colordiffuse="grey" border="5">grey.png</texture>
					</control>
					<control type="label">
						<top>5</top>
						<width>315</width>
						<height>70</height>
						<align>center</align>
						<textcolor>white</textcolor>
						<textoffsetx>5</textoffsetx>
						<font>Font_18</font>
						<label>$INFO[ListItem.Label]</label>
					</control>
				</itemlayout>
				<focusedlayout height="80" width="330">
					<control type="image">
						<top>5</top>
						<width>325</width>
						<height>70</height>
						<texture colordiffuse="white" border="5">grey.png</texture>
						<visible>Control.HasFocus(5000)</visible>
					</control>
					<control type="label">
						<top>5</top>
						<width>315</width>
						<height>70</height>
						<align>center</align>
						<textcolor>black</textcolor>
						<textoffsetx>5</textoffsetx>
						<font>Font_18</font>
						<label>$INFO[ListItem.Label]</label>
					</control>
				</focusedlayout>
				<content>plugin://plugin.program.autocompletion?info=autocomplete&amp;&amp;id=$INFO[Control.GetLabel(312).index(1)]&amp;&amp;limit=8</content>
			</control>
		</control>
	</include>
</includes>
