<?xml version="1.0" encoding="UTF-8"?>
<includes>
	<!-- KBK Multimedia Center -->
	<include name="GridPlotDimensions">
		<top>204</top>
		<height>337</height>
		<font>font_plot</font>
		<label>$VAR[plot]</label>
		<textcolor>FFF8F8F8</textcolor>
		<autoscroll delay="10000" time="3000" repeat="10000">!Skin.HasSetting(noallowscroll)</autoscroll>
	</include>
	<include name="GridInfoDimensions">
		<top>204</top>
		<height>337</height>
		<orientation>vertical</orientation>
		<itemgap>15</itemgap>
	</include>
	<include name="GridInfoLabel">
		<left>0</left>
		<height>30</height>
		<font>font_plot</font>
		<aligny>top</aligny>
		<align>left</align>
		<textcolor>$INFO[skin.string(colorheader)]</textcolor>
		<textoffsetx>0</textoffsetx>
		<textoffsety>0</textoffsety>
		<scroll>true</scroll>
	</include>
	<!-- Plot - Grade 1 modulo 1 -->
	<include name="PlotGrid1Module1">
		<control type="textbox">
			<include>GridPlotDimensions</include>
			<left>45</left>
			<width>1830</width>
		</control>
	</include>
	<!-- Plot - Grade 2 modulo 1 -->
	<include name="PlotGrid2Module1">
		<control type="textbox">
			<include>GridPlotDimensions</include>
			<left>45</left>
			<width>883</width>
		</control>
	</include>
	<!-- Plot - Grade 2 modulo 2 -->
	<include name="PlotGrid2Module2">
		<control type="textbox">
			<include>GridPlotDimensions</include>
			<left>988</left>
			<width>883</width>
		</control>
	</include>
	<!-- Plot - Grade 3 modulo 1 -->
	<include name="PlotGrid3Module1">
		<control type="textbox">
			<include>GridPlotDimensions</include>
			<left>45</left>
			<width>564</width>
		</control>
	</include>
	<!-- Plot - Grade 3 modulo 2 -->
	<include name="PlotGrid3Module2">
		<control type="textbox">
			<include>GridPlotDimensions</include>
			<left>678</left>
			<width>564</width>
		</control>
	</include>
	<!-- Plot - Grade 3 modulo 3 -->
	<include name="PlotGrid3Module3">
		<control type="textbox">
			<include>GridPlotDimensions</include>
			<left>1311</left>
			<width>564</width>
		</control>
	</include>
	<!-- Info - Grade 1 modulo 1 -->
	<include name="InfoGrid1Module1">
		<control type="grouplist">
			<include>GridInfoDimensions</include>
			<left>45</left>
			<width>1830</width>
			<control type="label">
				<include>GridInfoLabel</include>
				<width>1830</width>
				<label>$VAR[ground11_label]: [COLOR=FFF8F8F8]$VAR[ground11_value][/COLOR]</label>
			</control>
			<control type="label">
				<include>GridInfoLabel</include>
				<width>1830</width>
				<label>$VAR[ground12_label]: [COLOR=FFF8F8F8]$VAR[ground12_value][/COLOR]</label>
			</control>
			<control type="label">
				<include>GridInfoLabel</include>
				<width>1830</width>
				<label>$VAR[ground13_label]: [COLOR=FFF8F8F8]$VAR[ground13_value][/COLOR]</label>
			</control>
			<control type="label">
				<include>GridInfoLabel</include>
				<width>1830</width>
				<label>$VAR[ground14_label]: [COLOR=FFF8F8F8]$VAR[ground14_value][/COLOR]</label>
			</control>
			<control type="label">
				<include>GridInfoLabel</include>
				<width>1830</width>
				<label>$VAR[ground15_label]: [COLOR=FFF8F8F8]$VAR[ground15_value][/COLOR]</label>
			</control>
			<control type="label">
				<include>GridInfoLabel</include>
				<width>1830</width>
				<label>$VAR[ground16_label]: [COLOR=FFF8F8F8]$VAR[ground16_value][/COLOR]</label>
			</control>
			<control type="label">
				<include>GridInfoLabel</include>
				<width>1830</width>
				<label>$VAR[ground17_label]: [COLOR=FFF8F8F8]$VAR[ground17_value][/COLOR]</label>
			</control>
		</control>
	</include>
	<!-- Info - Grade 2 modulo 1 -->
	<include name="InfoGrid2Module1">
		<control type="grouplist">
			<include>GridInfoDimensions</include>
			<left>45</left>
			<width>883</width>
			<control type="label">
				<include>GridInfoLabel</include>
				<width>883</width>
				<label>$VAR[ground11_label]: [COLOR=FFF8F8F8]$VAR[ground11_value][/COLOR]</label>
			</control>
			<control type="label">
				<include>GridInfoLabel</include>
				<width>883</width>
				<label>$VAR[ground12_label]: [COLOR=FFF8F8F8]$VAR[ground12_value][/COLOR]</label>
			</control>
			<control type="label">
				<include>GridInfoLabel</include>
				<width>883</width>
				<label>$VAR[ground13_label]: [COLOR=FFF8F8F8]$VAR[ground13_value][/COLOR]</label>
			</control>
			<control type="label">
				<include>GridInfoLabel</include>
				<width>883</width>
				<label>$VAR[ground14_label]: [COLOR=FFF8F8F8]$VAR[ground14_value][/COLOR]</label>
			</control>
			<control type="label">
				<include>GridInfoLabel</include>
				<width>883</width>
				<label>$VAR[ground15_label]: [COLOR=FFF8F8F8]$VAR[ground15_value][/COLOR]</label>
			</control>
			<control type="label">
				<include>GridInfoLabel</include>
				<width>883</width>
				<label>$VAR[ground16_label]: [COLOR=FFF8F8F8]$VAR[ground16_value][/COLOR]</label>
			</control>
			<control type="label">
				<include>GridInfoLabel</include>
				<width>883</width>
				<label>$VAR[ground17_label]: [COLOR=FFF8F8F8]$VAR[ground17_value][/COLOR]</label>
			</control>
		</control>
	</include>
	<!-- Info - Grade 2 modulo 2 -->
	<include name="InfoGrid2Module2">
		<control type="grouplist">
			<include>GridInfoDimensions</include>
			<left>988</left>
			<width>883</width>
			<control type="label">
				<include>GridInfoLabel</include>
				<width>883</width>
				<label>$VAR[ground11_label]: [COLOR=FFF8F8F8]$VAR[ground11_value][/COLOR]</label>
			</control>
			<control type="label">
				<include>GridInfoLabel</include>
				<width>883</width>
				<label>$VAR[ground12_label]: [COLOR=FFF8F8F8]$VAR[ground12_value][/COLOR]</label>
			</control>
			<control type="label">
				<include>GridInfoLabel</include>
				<width>883</width>
				<label>$VAR[ground13_label]: [COLOR=FFF8F8F8]$VAR[ground13_value][/COLOR]</label>
			</control>
			<control type="label">
				<include>GridInfoLabel</include>
				<width>883</width>
				<label>$VAR[ground14_label]: [COLOR=FFF8F8F8]$VAR[ground14_value][/COLOR]</label>
			</control>
			<control type="label">
				<include>GridInfoLabel</include>
				<width>883</width>
				<label>$VAR[ground15_label]: [COLOR=FFF8F8F8]$VAR[ground15_value][/COLOR]</label>
			</control>
			<control type="label">
				<include>GridInfoLabel</include>
				<width>883</width>
				<label>$VAR[ground16_label]: [COLOR=FFF8F8F8]$VAR[ground16_value][/COLOR]</label>
			</control>
			<control type="label">
				<include>GridInfoLabel</include>
				<width>883</width>
				<label>$VAR[ground17_label]: [COLOR=FFF8F8F8]$VAR[ground17_value][/COLOR]</label>
			</control>
		</control>
	</include>
	<!-- Info - Grade 3 modulo 1 -->
	<include name="InfoGrid3Module1">
		<control type="grouplist">
			<include>GridInfoDimensions</include>
			<left>45</left>
			<width>564</width>
			<control type="label">
				<include>GridInfoLabel</include>
				<width>564</width>
				<label>$VAR[ground11_label]: [COLOR=FFF8F8F8]$VAR[ground11_value][/COLOR]</label>
			</control>
			<control type="label">
				<include>GridInfoLabel</include>
				<width>564</width>
				<label>$VAR[ground12_label]: [COLOR=FFF8F8F8]$VAR[ground12_value][/COLOR]</label>
			</control>
			<control type="label">
				<include>GridInfoLabel</include>
				<width>564</width>
				<label>$VAR[ground13_label]: [COLOR=FFF8F8F8]$VAR[ground13_value][/COLOR]</label>
			</control>
			<control type="label">
				<include>GridInfoLabel</include>
				<width>564</width>
				<label>$VAR[ground14_label]: [COLOR=FFF8F8F8]$VAR[ground14_value][/COLOR]</label>
			</control>
			<control type="label">
				<include>GridInfoLabel</include>
				<width>564</width>
				<label>$VAR[ground15_label]: [COLOR=FFF8F8F8]$VAR[ground15_value][/COLOR]</label>
			</control>
			<control type="label">
				<include>GridInfoLabel</include>
				<width>564</width>
				<label>$VAR[ground16_label]: [COLOR=FFF8F8F8]$VAR[ground16_value][/COLOR]</label>
			</control>
			<control type="label">
				<include>GridInfoLabel</include>
				<width>564</width>
				<label>$VAR[ground17_label]: [COLOR=FFF8F8F8]$VAR[ground17_value][/COLOR]</label>
			</control>
		</control>
	</include>
	<!-- Info - Grade 3 modulo 2 -->
	<include name="InfoGrid3Module2">
		<control type="grouplist">
			<include>GridInfoDimensions</include>
			<left>678</left>
			<width>564</width>
			<control type="label">
				<include>GridInfoLabel</include>
				<width>564</width>
				<label>$VAR[ground11_label]: [COLOR=FFF8F8F8]$VAR[ground11_value][/COLOR]</label>
			</control>
			<control type="label">
				<include>GridInfoLabel</include>
				<width>564</width>
				<label>$VAR[ground12_label]: [COLOR=FFF8F8F8]$VAR[ground12_value][/COLOR]</label>
			</control>
			<control type="label">
				<include>GridInfoLabel</include>
				<width>564</width>
				<label>$VAR[ground13_label]: [COLOR=FFF8F8F8]$VAR[ground13_value][/COLOR]</label>
			</control>
			<control type="label">
				<include>GridInfoLabel</include>
				<width>564</width>
				<label>$VAR[ground14_label]: [COLOR=FFF8F8F8]$VAR[ground14_value][/COLOR]</label>
			</control>
			<control type="label">
				<include>GridInfoLabel</include>
				<width>564</width>
				<label>$VAR[ground15_label]: [COLOR=FFF8F8F8]$VAR[ground15_value][/COLOR]</label>
			</control>
			<control type="label">
				<include>GridInfoLabel</include>
				<width>564</width>
				<label>$VAR[ground16_label]: [COLOR=FFF8F8F8]$VAR[ground16_value][/COLOR]</label>
			</control>
			<control type="label">
				<include>GridInfoLabel</include>
				<width>564</width>
				<label>$VAR[ground17_label]: [COLOR=FFF8F8F8]$VAR[ground17_value][/COLOR]</label>
			</control>
		</control>
	</include>
	<!-- Info - Grade 3 modulo 3 -->
	<include name="InfoGrid3Module3">
		<control type="grouplist">
			<include>GridInfoDimensions</include>
			<left>1311</left>
			<width>564</width>
			<control type="label">
				<include>GridInfoLabel</include>
				<width>564</width>
				<label>$VAR[ground11_label]: [COLOR=FFF8F8F8]$VAR[ground11_value][/COLOR]</label>
			</control>
			<control type="label">
				<include>GridInfoLabel</include>
				<width>564</width>
				<label>$VAR[ground12_label]: [COLOR=FFF8F8F8]$VAR[ground12_value][/COLOR]</label>
			</control>
			<control type="label">
				<include>GridInfoLabel</include>
				<width>564</width>
				<label>$VAR[ground13_label]: [COLOR=FFF8F8F8]$VAR[ground13_value][/COLOR]</label>
			</control>
			<control type="label">
				<include>GridInfoLabel</include>
				<width>564</width>
				<label>$VAR[ground14_label]: [COLOR=FFF8F8F8]$VAR[ground14_value][/COLOR]</label>
			</control>
			<control type="label">
				<include>GridInfoLabel</include>
				<width>564</width>
				<label>$VAR[ground15_label]: [COLOR=FFF8F8F8]$VAR[ground15_value][/COLOR]</label>
			</control>
			<control type="label">
				<include>GridInfoLabel</include>
				<width>564</width>
				<label>$VAR[ground16_label]: [COLOR=FFF8F8F8]$VAR[ground16_value][/COLOR]</label>
			</control>
			<control type="label">
				<include>GridInfoLabel</include>
				<width>564</width>
				<label>$VAR[ground17_label]: [COLOR=FFF8F8F8]$VAR[ground17_value][/COLOR]</label>
			</control>
		</control>
	</include>
	<!-- Arte - Grade 1 modulo 1 -->
	<include name="ArtGrid1Module1">
		<control type="group">
			<control type="image">
				<left>45</left>
				<top>204</top>
				<width>255</width>
				<height>162</height>
				<texture background="true">$INFO[ListItem.Path,,extrathumbs/thumb1.jpg]</texture>
				<fadetime>commonfadetime</fadetime>
			</control>
			<control type="image">
				<left>45</left>
				<top>378</top>
				<width>255</width>
				<height>162</height>
				<texture background="true">$INFO[ListItem.Path,,extrathumbs/thumb2.jpg]</texture>
				<fadetime>commonfadetime</fadetime>
			</control>
			<control type="image">
				<left>1619</left>
				<top>204</top>
				<width>255</width>
				<height>162</height>
				<texture background="true">$INFO[ListItem.Path,,extrathumbs/thumb3.jpg]</texture>
				<fadetime>commonfadetime</fadetime>
			</control>
			<control type="image">
				<left>1619</left>
				<top>378</top>
				<width>255</width>
				<height>162</height>
				<texture background="true">$INFO[ListItem.Path,,extrathumbs/thumb4.jpg]</texture>
				<fadetime>commonfadetime</fadetime>
			</control>
			<control type="image">
				<left>1132</left>
				<top>204</top>
				<width>255</width>
				<height>162</height>
				<texture>$INFO[ListItem.Art(clearlogo)]</texture>
				<fadetime>commonfadetime</fadetime>
			</control>
			<control type="image">
				<left>1132</left>
				<top>378</top>
				<width>255</width>
				<height>162</height>
				<texture>$INFO[ListItem.Art(clearart)]</texture>
				<fadetime>commonfadetime</fadetime>
			</control>
			<control type="image">
				<left>659</left>
				<top>215</top>
				<width>314</width>
				<height>314</height>
				<aspectratio align="center" aligny="center">keep</aspectratio>
				<texture diffuse="cdart_diffuse.png" background="true">$INFO[ListItem.Art(discart)]</texture>
				<fadetime>commonfadetime</fadetime>
				<animation effect="rotate" start="0" end="-360" center="auto" time="40000" delay="5000" loop="true" reversible="false" condition="true">Conditional</animation>
			</control>
			<control type="image">
				<left>533</left>
				<top>415</top>
				<width>586</width>
				<height>126</height>
				<texture>$INFO[ListItem.Art(banner)]</texture>
				<fadetime>commonfadetime</fadetime>
			</control>
		</control>
	</include>
	<!-- Arte - Grade 2 modulo 1 -->
	<include name="ArtGrid2Module1">
		<control type="group">
			<control type="image">
				<left>672</left>
				<top>204</top>
				<width>255</width>
				<height>162</height>
				<texture>$INFO[ListItem.Art(clearlogo)]</texture>
				<fadetime>commonfadetime</fadetime>
			</control>
			<control type="image">
				<left>672</left>
				<top>378</top>
				<width>255</width>
				<height>162</height>
				<texture>$INFO[ListItem.Art(clearart)]</texture>
				<fadetime>commonfadetime</fadetime>
			</control>
			<control type="image">
				<left>195</left>
				<top>215</top>
				<width>314</width>
				<height>314</height>
				<aspectratio align="center" aligny="center">keep</aspectratio>
				<texture diffuse="cdart_diffuse.png" background="true">$INFO[ListItem.Art(discart)]</texture>
				<fadetime>commonfadetime</fadetime>
				<animation effect="rotate" start="0" end="-360" center="auto" time="40000" delay="5000" loop="true" reversible="false" condition="true">Conditional</animation>
			</control>
			<control type="image">
				<left>45</left>
				<top>410</top>
				<width>615</width>
				<height>132</height>
				<texture>$INFO[ListItem.Art(banner)]</texture>
				<fadetime>commonfadetime</fadetime>
			</control>
		</control>
	</include>
	<!-- Arte - Grade 2 modulo 2 -->
	<include name="ArtGrid2Module2">
		<control type="group">
			<control type="image">
				<left>1619</left>
				<top>204</top>
				<width>255</width>
				<height>162</height>
				<texture>$INFO[ListItem.Art(clearlogo)]</texture>
				<fadetime>commonfadetime</fadetime>
			</control>
			<control type="image">
				<left>1619</left>
				<top>378</top>
				<width>255</width>
				<height>162</height>
				<texture>$INFO[ListItem.Art(clearart)]</texture>
				<fadetime>commonfadetime</fadetime>
			</control>
			<control type="image">
				<left>1142</left>
				<top>215</top>
				<width>314</width>
				<height>314</height>
				<aspectratio align="center" aligny="center">keep</aspectratio>
				<texture diffuse="cdart_diffuse.png" background="true">$INFO[ListItem.Art(discart)]</texture>
				<fadetime>commonfadetime</fadetime>
				<animation effect="rotate" start="0" end="-360" center="auto" time="40000" delay="5000" loop="true" reversible="false" condition="true">Conditional</animation>
			</control>
			<control type="image">
				<left>992</left>
				<top>410</top>
				<width>615</width>
				<height>132</height>
				<texture>$INFO[ListItem.Art(banner)]</texture>
				<fadetime>commonfadetime</fadetime>
			</control>
		</control>
	</include>
	<!-- Arte - Grade 3 modulo 1 -->
	<include name="ArtGrid3Module1">
		<control type="group">
			<control type="image">
				<left>45</left>
				<top>204</top>
				<width>275</width>
				<height>175</height>
				<texture>$INFO[ListItem.Art(clearart)]</texture>
				<fadetime>commonfadetime</fadetime>
			</control>
			<control type="image">
				<left>334</left>
				<top>204</top>
				<width>275</width>
				<height>175</height>
				<texture>$INFO[ListItem.Art(clearlogo)]</texture>
				<fadetime>commonfadetime</fadetime>
			</control>
			<control type="image">
				<left>45</left>
				<top>421</top>
				<width>564</width>
				<height>121</height>
				<texture>$INFO[ListItem.Art(banner)]</texture>
				<fadetime>commonfadetime</fadetime>
			</control>
		</control>
	</include>
	<!-- Arte - Grade 3 modulo 2 -->
	<include name="ArtGrid3Module2">
		<control type="group">
			<control type="image">
				<left>678</left>
				<top>204</top>
				<width>275</width>
				<height>175</height>
				<texture>$INFO[ListItem.Art(clearart)]</texture>
				<fadetime>commonfadetime</fadetime>
			</control>
			<control type="image">
				<left>967</left>
				<top>204</top>
				<width>275</width>
				<height>175</height>
				<texture>$INFO[ListItem.Art(clearlogo)]</texture>
				<fadetime>commonfadetime</fadetime>
			</control>
			<control type="image">
				<left>678</left>
				<top>421</top>
				<width>564</width>
				<height>121</height>
				<texture>$INFO[ListItem.Art(banner)]</texture>
				<fadetime>commonfadetime</fadetime>
			</control>
		</control>
	</include>
	<!-- Arte - Grade 3 modulo 3 -->
	<include name="ArtGrid3Module3">
		<control type="group">
			<control type="image">
				<left>1311</left>
				<top>204</top>
				<width>275</width>
				<height>175</height>
				<texture>$INFO[ListItem.Art(clearart)]</texture>
				<fadetime>commonfadetime</fadetime>
			</control>
			<control type="image">
				<left>1600</left>
				<top>204</top>
				<width>275</width>
				<height>175</height>
				<texture>$INFO[ListItem.Art(clearlogo)]</texture>
				<fadetime>commonfadetime</fadetime>
			</control>
			<control type="image">
				<left>1311</left>
				<top>421</top>
				<width>564</width>
				<height>121</height>
				<texture>$INFO[ListItem.Art(banner)]</texture>
				<fadetime>commonfadetime</fadetime>
			</control>
		</control>
	</include>
</includes>
