<?xml version="1.0" encoding="UTF-8"?>
<window>
	<!-- KBK Multimedia Center -->
	<defaultcontrol always="true">52</defaultcontrol>
	<controls>
		<!-- default group -->
		<control type="group">
			<include>animation_window</include>
			<control type="image">
				<include>backgroundspecs_single</include>
				<texture background="true">special://skin/backgrounds/extras/profile.jpg</texture>
			</control>
			<!-- Barra do rodape -->
			<control type="image">
				<left>0</left>
				<top>500</top>
				<width>1920</width>
				<height>580</height>
				<texture diffuse="shadow_mask.png">$VAR[texture_base]</texture>
				<colordiffuse>$INFO[skin.string(colortexture)]</colordiffuse>
			</control>
			<control type="fixedlist" id="52">
				<viewtype>list</viewtype>
				<left>-68</left>
				<top>500</top>
				<width>2169</width>
				<height>825</height>
				<orientation>horizontal</orientation>
				<focusposition>3</focusposition>
				<scrolltime>400</scrolltime>
				<onleft>52</onleft>
				<onright>52</onright>
				<onup>20</onup>
				<ondown>20</ondown>
				<itemlayout height="300" width="300">
					<control type="image">
						<left>3</left>
						<top>351</top>
						<width>225</width>
						<height>225</height>
						<aspectratio align="center" aligny="top">keep</aspectratio>
						<texture flipy="true" diffuse="thumb_box_reflect.png" background="true">$INFO[ListItem.Icon]</texture>
					</control>
					<control type="image">
						<left>3</left>
						<top>120</top>
						<width>225</width>
						<height>225</height>
						<aspectratio align="center" aligny="bottom">keep</aspectratio>
						<texture background="true">$INFO[ListItem.Icon]</texture>
					</control>
				</itemlayout>
				<focusedlayout height="300" width="300">
					<control type="button">
						<include>invisible</include>
						<onfocus>Skin.SetBool(reloadhome)</onfocus>
					</control>
					<control type="image">
						<left>3</left>
						<top>354</top>
						<width>225</width>
						<height>225</height>
						<aspectratio align="center" aligny="top">keep</aspectratio>
						<texture flipy="true" diffuse="thumb_box_reflect.png" background="true">$INFO[ListItem.Icon]</texture>
						<animation effect="zoom" start="100" end="145" center="112,368" time="400" easing="out" reversible="false" tween="cubic">Focus</animation>
					</control>
					<control type="image">
						<left>3</left>
						<top>128</top>
						<width>225</width>
						<height>225</height>
						<aspectratio align="center" aligny="bottom">keep</aspectratio>
						<texture background="true">$INFO[ListItem.Icon]</texture>
						<animation effect="zoom" start="100" end="145" center="112,368" time="400" easing="out" reversible="false" tween="cubic">Focus</animation>
					</control>
					<control type="image">
						<left>285</left>
						<top>20</top>
						<width>750</width>
						<height>95</height>
						<texture>gradient_button.png</texture>
						<colordiffuse>95000000</colordiffuse>
						<visible>Control.HasFocus(52)</visible>
					</control>
					<control type="label">
						<left>300</left>
						<top>36</top>
						<width>900</width>
						<height>24</height>
						<align>left</align>
						<info>ListItem.Label</info>
						<font>font_time</font>
						<textcolor>$INFO[skin.string(colorheader)]</textcolor>
						<scroll>true</scroll>
						<visible>Control.HasFocus(52)</visible>
					</control>
					<control type="label">
						<left>300</left>
						<top>80</top>
						<width>900</width>
						<height>24</height>
						<align>left</align>
						<info>ListItem.Label2</info>
						<font>font_plot</font>
						<textcolor>FFF8F8F8</textcolor>
						<scroll>true</scroll>
						<visible>Control.HasFocus(52)</visible>
					</control>
				</focusedlayout>
			</control>
			<control type="button" id="20">
				<left>716</left>
				<top>1020</top>
				<onleft>52</onleft>
				<onright>52</onright>
				<onup>52</onup>
				<ondown>52</ondown>
				<include>SettingsBottomButton</include>
				<label>$LOCALIZE[31177]</label>
				<onclick>ActivateWindow(ShutdownMenu)</onclick>
			</control>
		</control>
	</controls>
</window>
