<?xml version="1.0" encoding="UTF-8"?>
<window>
	<!-- KBK Multimedia Center -->
	<onload condition="!System.HasAddon(script.artistslideshow)">InstallAddon(script.artistslideshow)</onload>
	<onload condition="System.HasAddon(script.artistslideshow)">RunScript(script.artistslideshow)</onload>	
	<onload condition="Skin.HasSetting(nolyrics_on) + ![String.IsEmpty(MusicPlayer.offset(1).Artist) | Skin.HasSetting(novisfurniture) | Skin.HasSetting(nonexttracks_on)]">ActivateWindow(1158)</onload>
	<onunload>Dialog.Close(1158)</onunload>
	<controls>
		<control type="image">
			<left>0</left>
			<top>0</top>
			<width>1920</width>
			<height>1080</height>
			<texture>black.png</texture>
			<colordiffuse>A4303030</colordiffuse>
		</control>
		<control type="visualisation" id="2">
			<left>0</left>
			<top>0</top>
			<width>1920</width>
			<height>1080</height>
			<animation effect="fade" start="0" end="100" time="400">Visible</animation>
			<animation effect="fade" start="100" end="0" time="200">Hidden</animation>
			<visible>String.IsEqual(skin.string(vis_bg),fanartmix) | String.IsEqual(skin.string(vis_bg),slideshowmix) | String.IsEqual(skin.string(vis_bg),slideshowmosaicmix) | String.IsEqual(skin.string(vis_bg),vis)</visible>
		</control>
		<!-- Fanart -->
		<control type="image">
			<include>backgroundspecs_single</include>
			<texture background="true">$INFO[MusicPlayer.Property(fanart_image)]</texture>
			<animation effect="fade" start="100" end="50" time="400" condition="String.IsEqual(skin.string(vis_bg),fanartmix) | String.IsEqual(skin.string(vis_bg),slideshowmix)">Conditional</animation>
			<visible>[String.IsEqual(skin.string(vis_bg),fanart) | String.IsEqual(skin.string(vis_bg),fanartmix)] + String.IsEmpty(Control.GetLabel(5043)) + String.IsEmpty(Control.GetLabel(5044)) | [String.IsEqual(skin.string(vis_bg),slideshow) | String.IsEqual(skin.string(vis_bg),slideshowmix)] + String.IsEmpty(Control.GetLabel(5045)) | [String.IsEqual(skin.string(vis_bg),slideshowmosaic) | String.IsEqual(skin.string(vis_bg),slideshowmosaicmix)] + String.IsEmpty(Control.GetLabel(5046)) + String.IsEmpty(Control.GetLabel(5047)) + String.IsEmpty(Control.GetLabel(5048)) + String.IsEmpty(Control.GetLabel(5049)) + String.IsEmpty(Control.GetLabel(5050)) + String.IsEmpty(Control.GetLabel(5051))</visible>
		</control>
		<!-- Extra Fanart Song -->
		<control type="multiimage" id="5043">
			<include>backgroundspecs_multi</include>
			<imagepath background="true">$INFO[Player.FolderPath,,../extrafanart/]</imagepath>
			<animation effect="fade" start="100" end="50" time="400" condition="String.IsEqual(skin.string(vis_bg),fanartmix)">Conditional</animation>
			<visible>[String.IsEqual(skin.string(vis_bg),fanart) | String.IsEqual(skin.string(vis_bg),fanartmix)] + String.Contains(skin.string(musicfanart),extra)</visible>
		</control>
		<!-- Extra Fanart Artist -->
		<control type="multiimage" id="5044">
			<include>backgroundspecs_multi</include>
			<imagepath background="true">$INFO[skin.string(CustomMusicLogoPath)]$INFO[MusicPlayer.Artist,,/extrafanart/]</imagepath>
			<animation effect="fade" start="100" end="50" time="400" condition="String.IsEqual(skin.string(vis_bg),fanartmix)">Conditional</animation>
			<visible>[String.IsEqual(skin.string(vis_bg),fanart) | String.IsEqual(skin.string(vis_bg),fanartmix)] + String.Contains(skin.string(musicfanart),extra) + String.IsEmpty(Control.GetLabel(5043))</visible>
		</control>
		<!-- Artist SlideShow -->
		<control type="multiimage" id="5045">
			<aspectratio>keep</aspectratio>
			<include>backgroundspecs_multi</include>
			<imagepath background="true">$INFO[Window(Visualisation).Property(ArtistSlideshow)]</imagepath>
			<animation effect="zoom" start="0" end="100" center="auto" easing="out" tween="sine" time="700" delay="1000">WindowOpen</animation>
			<animation effect="zoom" start="0" end="100" center="auto" easing="out" tween="sine" time="700" delay="1000">Visible</animation>
			<animation effect="zoom" start="100" end="0" center="auto" easing="in" tween="sine" time="300">WindowClose</animation>
			<animation effect="zoom" start="100" end="0" center="auto" easing="in" tween="sine" time="300">Hidden</animation>
			<animation effect="fade" start="100" end="50" time="400" condition="String.IsEqual(skin.string(vis_bg),slideshowmix)">Conditional</animation>
			<visible>String.IsEqual(skin.string(vis_bg),slideshow) | String.IsEqual(skin.string(vis_bg),slideshowmix)</visible>
		</control>
		<!-- Artist SlideShow Mosaico -->
		<control type="multiimage" id="5046">
			<include>backgroundspecs_mosaic</include>
			<left>0</left>
			<top>0</top>
			<visible>String.IsEqual(skin.string(vis_bg),slideshowmosaic) | String.IsEqual(skin.string(vis_bg),slideshowmosaicmix)</visible>
		</control>
		<!-- Artist SlideShow Mosaico -->
		<control type="multiimage" id="5047">
			<include>backgroundspecs_mosaic</include>
			<left>640</left>
			<top>0</top>
			<visible>String.IsEqual(skin.string(vis_bg),slideshowmosaic) | String.IsEqual(skin.string(vis_bg),slideshowmosaicmix)</visible>
		</control>
		<!-- Artist SlideShow Mosaico -->
		<control type="multiimage" id="5048">
			<include>backgroundspecs_mosaic</include>
			<left>1280</left>
			<top>0</top>
			<visible>String.IsEqual(skin.string(vis_bg),slideshowmosaic) | String.IsEqual(skin.string(vis_bg),slideshowmosaicmix)</visible>
		</control>
		<!-- Artist SlideShow Mosaico -->
		<control type="multiimage" id="5049">
			<include>backgroundspecs_mosaic</include>
			<left>0</left>
			<top>540</top>
			<visible>String.IsEqual(skin.string(vis_bg),slideshowmosaic) | String.IsEqual(skin.string(vis_bg),slideshowmosaicmix)</visible>
		</control>
		<!-- Artist SlideShow Mosaico -->
		<control type="multiimage" id="5050">
			<include>backgroundspecs_mosaic</include>
			<left>640</left>
			<top>540</top>
			<visible>String.IsEqual(skin.string(vis_bg),slideshowmosaic) | String.IsEqual(skin.string(vis_bg),slideshowmosaicmix)</visible>
		</control>
		<!-- Artist SlideShow Mosaico -->
		<control type="multiimage" id="5051">
			<include>backgroundspecs_mosaic</include>
			<left>1280</left>
			<top>540</top>
			<visible>String.IsEqual(skin.string(vis_bg),slideshowmosaic) | String.IsEqual(skin.string(vis_bg),slideshowmosaicmix)</visible>
		</control>
		<!-- Pasta pessoal -->
		<control type="multiimage">
			<aspectratio>keep</aspectratio>
			<include>backgroundspecs_multi</include>
			<imagepath fallback="special://skin/backgrounds/music.jpg" background="true">$INFO[skin.string(musicviz.background)]</imagepath>
			<visible>String.IsEqual(skin.string(vis_bg),custom)</visible>
		</control>
		<!-- layout estilo 1 -->
		<control type="group">
			<left>0</left>
			<top>1160</top>
			<animation effect="slide" start="0,0" end="-600,0" time="400" tween="cubic" easing="inout" condition="String.IsEmpty(Window(Visualisation).Property(ArtistSlideshow))">Conditional</animation>
			<animation effect="slide" start="0,0" end="0,-200" time="400" tween="cubic" easing="inout" condition="Window.IsVisible(musicosd)">Conditional</animation>
			<animation effect="slide" start="0,0" end="0,-50" time="400" tween="cubic" easing="inout" condition="Player.Rewinding | Player.Forwarding">Conditional</animation>
			<animation effect="slide" start="0,0" end="0,450" time="700" tween="cubic" easing="out" condition="Skin.HasSetting(novisfurniture)">Conditional</animation>
			<animation effect="slide" start="0,0" end="-1350,0" time="400" tween="cubic" easing="inout" condition="Skin.HasSetting(furniture_cdart)">Conditional</animation>
			<animation effect="slide" start="0,1080" end="0,-450" time="700" tween="cubic" easing="out" delay="400">WindowOpen</animation>
			<animation effect="slide" start="0,-450" end="0,0" time="400" tween="cubic" easing="in" delay="400">WindowClose</animation>
			<visible>String.IsEqual(skin.string(vis_layout),style1)</visible>
			<control type="image">
				<left>0</left>
				<top>-123</top>
				<height>555</height>
				<width>2520</width>
				<texture>details_back.png</texture>
				<colordiffuse>$INFO[skin.string(colortexture)]</colordiffuse>
			</control>
			<control type="group">
				<left>1100</left>
				<top>48</top>				
				<animation effect="slide" start="0,0" end="170,0" time="800" delay="2000" tween="sine" easing="inout">WindowOpen</animation>
				<visible>String.IsEqual(skin.string(visdiscart),always) | String.IsEqual(skin.string(visdiscart),ifavailable) + ![String.IsEmpty(Window(home).Property(SkinHelper.
				Player.Art.DiscArt)) + String.IsEmpty(Player.Art(discart))]</visible>
				<control type="image">					
					<left>245</left>
					<top>-70</top>
					<width>350</width>
					<height>350</height>
					<aspectratio align="center" aligny="center">keep</aspectratio>
					<texture diffuse="cdart_diffuse.png" background="true">$VAR[audiodisc_layout]</texture>					
					<include>animation_cdart</include>
				</control>
				<control type="image">					
					<left>245</left>
					<top>-70</top>
					<width>350</width>
					<height>350</height>
					<aspectratio align="center" aligny="center">keep</aspectratio>
					<texture diffuse="cdart_diffuse.png" background="true">$VAR[media_discart]</texture>
					<include>animation_cdart</include>
				</control>
			</control>			
			<!-- reflexo -->
			<control type="image">
				<left>1335</left>
				<top>340</top>
				<width>525</width>
				<height>366</height>
				<fadetime>200</fadetime>
				<texture flipy="true" fallback="DefaultAudio.png" diffuse="thumb_reflect.png" background="true">$INFO[MusicPlayer.Cover]</texture>
				<aspectratio align="left" aligny="top">keep</aspectratio>
			</control>
			<control type="image">
				<left>1335</left>
				<top>-30</top>
				<width>525</width>
				<height>366</height>
				<fadetime>200</fadetime>
				<texture fallback="DefaultAudio.png" diffuse="thumb_cdcover_mask_cdart.png" background="true">$INFO[MusicPlayer.Cover]</texture>
				<aspectratio align="left">keep</aspectratio>
			</control>
			<control type="image">
				<left>21</left>
				<top>-38</top>
				<width>585</width>
				<height>405</height>
				<texture>musicframe.png</texture>
				<colordiffuse>$INFO[skin.string(colortexture)]</colordiffuse>
			</control>
			<control type="multiimage">
				<left>44</left>
				<top>-8</top>
				<width>540</width>
				<height>360</height>
				<timeperimage>5000</timeperimage>
				<randomize>true</randomize>
				<imagepath fallback="DefaultExtraThumbs.png" background="true">$VAR[playerthumb]</imagepath>
				<fadetime>commonfadetime</fadetime>
				<aspectratio align="center" aligny="center">keep</aspectratio>
			</control>
			<!-- logo artista -->
			<control type="image" id="49951">
				<left>705</left>
				<top>-170</top>
				<width>1192</width>
				<height>150</height>
				<aspectratio align="right" aligny="bottom">keep</aspectratio>	
				<texture background="true">$INFO[skin.string(CustomMusicLogoPath)]$INFO[MusicPlayer.Artist,,/clearart.png]</texture>									
				<visible>Skin.HasSetting(prefermusicclearart)</visible>
			</control>
			<control type="image" id="49961">
				<left>705</left>
				<top>-170</top>
				<width>1192</width>
				<height>150</height>
				<aspectratio align="right" aligny="bottom">keep</aspectratio>	
				<texture background="true">$INFO[Window(home).Property(SkinHelper.Player.Art.ClearArt)]</texture>									
				<visible>Skin.HasSetting(prefermusicclearart) + String.IsEmpty(Control.GetLabel(49951))</visible>
			</control>
			<control type="image" id="49971">
				<left>705</left>
				<top>-170</top>
				<width>1192</width>
				<height>150</height>
				<aspectratio align="right" aligny="bottom">keep</aspectratio>	
				<texture background="true">$INFO[skin.string(CustomMusicLogoPath)]$INFO[MusicPlayer.Artist,,/logo.png]</texture>									
				<visible>!Skin.HasSetting(prefermusicclearart) | String.IsEmpty(Control.GetLabel(49951)) + String.IsEmpty(Control.GetLabel(49961))</visible>
			</control>
			<control type="image" id="49981">
				<left>705</left>
				<top>-170</top>
				<width>1192</width>
				<height>150</height>
				<aspectratio align="right" aligny="bottom">keep</aspectratio>	
				<texture background="true">$INFO[Window(home).Property(SkinHelper.Player.Art.ClearLogo)]</texture>	
				<include>animation_fade</include>				
				<visible>!Skin.HasSetting(prefermusicclearart) | String.IsEmpty(Control.GetLabel(49951)) + String.IsEmpty(Control.GetLabel(49961)) + String.IsEmpty(Control.GetLabel(4997))</visible>
			</control>
			<!-- nome do artista -->
			<control type="label">
				<left>698</left>
				<top>-100</top>
				<width>1192</width>
				<height>45</height>
				<align>right</align>				
				<label>$INFO[MusicPlayer.Artist]</label>
				<font>font_titleviews</font>
				<textcolor>ff1a1a1a</textcolor>
				<scroll>false</scroll>
				<scrollout>false</scrollout>
				<visible>String.IsEmpty(Control.GetLabel(49951)) + String.IsEmpty(Control.GetLabel(49961)) + String.IsEmpty(Control.GetLabel(49971)) + String.IsEmpty(Control.GetLabel(49981))</visible>
			</control>
			<control type="label">
				<left>622</left>
				<top>26</top>
				<width>690</width>
				<height>30</height>
				<align>left</align>
				<font>font_subtitle</font>
				<textcolor>FFF8F8F8</textcolor>
				<label>$INFO[MusicPlayer.Album][COLOR=50FFFAF0] | [/COLOR]$INFO[MusicPlayer.TrackNumber,, : ]$INFO[MusicPlayer.Title][COLOR=50FFFAF0] | [/COLOR]$INFO[MusicPlayer.Year][COLOR=50FFFAF0] | [/COLOR]$INFO[MusicPlayer.Genre]</label>
				<scroll>true</scroll>
				<scrollout>false</scrollout>
			</control>
			<control type="image">
				<left>622</left>
				<top>72</top>
				<width>690</width>
				<height>3</height>
				<texture>divider.png</texture>
			</control>
			<control type="textbox">
				<left>622</left>
				<top>84</top>
				<width>690</width>
				<height>198</height>
				<font>font_plot</font>
				<textcolor>FFF8F8F8</textcolor>
				<label>$VAR[playerplot]</label>
				<autoscroll delay="20000" time="6000" repeat="20000">!Skin.HasSetting(noallowscroll)</autoscroll>
			</control>
			<control type="image">
				<left>622</left>
				<top>288</top>
				<width>666</width>
				<height>3</height>
				<texture>divider.png</texture>
			</control>
			<control type="image">
				<left>622</left>
				<top>278</top>
				<width>120</width>
				<height>98</height>
				<aspectratio align="left" aligny="bottom">keep</aspectratio>
				<texture>$VAR[musiccodec_path]$INFO[MusicPlayer.Codec,,.png]</texture>
			</control>
			<control type="label">
				<left>758</left>
				<top>294</top>
				<width>600</width>
				<height>36</height>
				<align>left</align>
				<aligny>top</aligny>
				<textcolor>FFF8F8F8</textcolor>
				<font>font_header</font>
				<label>$LOCALIZE[31333] $INFO[MusicPlayer.Channels][COLOR=50FFFAF0] | [/COLOR]$INFO[MusicPlayer.SampleRate,,KHZ][COLOR=50FFFAF0] | [/COLOR]$INFO[MusicPlayer.BitRate,,Kbps][COLOR=50FFFAF0] | [/COLOR]$INFO[MusicPlayer.BitsPerSample,,Bits]</label>
			</control>
			<!-- Barra de cache -->
			<control type="progress">
				<left>758</left>
				<top>328</top>
				<width>554</width>
				<height>34</height>
				<info>Player.ProgressCache</info>
				<midtexture>progress_mid.png</midtexture>
				<colordiffuse>$INFO[skin.string(colorheader)]</colordiffuse>
				<animation effect="fade" end="80" condition="true">Conditional</animation>
			</control>
			<!-- Barra de progresso -->
			<control type="progress">
				<left>758</left>
				<top>328</top>
				<width>554</width>
				<height>34</height>
				<info>Player.Progress</info>
				<animation effect="fade" end="80" condition="true">Conditional</animation>
			</control>
			<control type="label">
				<left>975</left>
				<top>327</top>
				<width>600</width>
				<height>36</height>
				<align>left</align>
				<aligny>top</aligny>
				<textcolor>FFF8F8F8</textcolor>
				<font>font_header</font>
				<label>$INFO[MusicPlayer.Time] / $INFO[MusicPlayer.Duration]</label>
				<shadowcolor>grey</shadowcolor>
			</control>
		</control>
		<!-- layout estilo 2 -->
		<control type="group">			
			<left>0</left>
			<top>1160</top>
			<animation effect="slide" start="0,0" end="0,405" time="400" tween="cubic" easing="inout" condition="Window.IsVisible(musicosd)">Conditional</animation>
			<animation effect="slide" start="0,0" end="0,-50" time="400" tween="cubic" easing="inout" condition="Player.Rewinding | Player.Forwarding">Conditional</animation>
			<animation effect="slide" start="0,0" end="0,450" time="700" tween="cubic" easing="out" condition="Skin.HasSetting(novisfurniture)">Conditional</animation>
			<animation effect="slide" start="0,0" end="-1350,0" time="400" tween="cubic" easing="inout" condition="Skin.HasSetting(furniture_cdart)">Conditional</animation>
			<animation effect="slide" start="0,1080" end="0,-450" time="700" tween="cubic" easing="out" delay="400">WindowOpen</animation>
			<animation effect="slide" start="0,-450" end="0,0" time="400" tween="cubic" easing="in" delay="400">WindowClose</animation>
			<visible>String.IsEqual(skin.string(vis_layout),style2)</visible>
			<control type="image">
				<left>0</left>
				<top>-123</top>
				<height>555</height>
				<width>2520</width>
				<texture>details_back.png</texture>
				<colordiffuse>$INFO[skin.string(colortexture)]</colordiffuse>
			</control>
			<control type="group">
				<left>30</left>
				<top>-25</top>
				<animation effect="slide" start="0,0" end="155,0" time="800" delay="2000" tween="sine" easing="inout">WindowOpen</animation>
				<visible>String.IsEqual(skin.string(visdiscart),always) | String.IsEqual(skin.string(visdiscart),ifavailable) + ![String.IsEmpty(Window(home).Property(SkinHelper.
				Player.Art.DiscArt)) + String.IsEmpty(Player.Art(discart))]</visible>				
				<control type="image">
					<left>58</left>
					<top>-33</top>
					<height>330</height>
					<texture>details_back_c.png</texture>
					<aspectratio align="left">stretch</aspectratio>
				</control>
				<control type="image">					
					<left>0</left>
					<top>-30</top>
					<width>310</width>
					<height>310</height>
					<aspectratio align="center" aligny="center">keep</aspectratio>
					<texture diffuse="cdart_diffuse.png" background="true">$VAR[audiodisc_layout]</texture>					
					<include>animation_cdart</include>
				</control>
				<control type="image">					
					<left>0</left>
					<top>-30</top>
					<width>310</width>
					<height>310</height>
					<aspectratio align="center" aligny="center">keep</aspectratio>
					<texture diffuse="cdart_diffuse.png" background="true">$VAR[media_discart]</texture>
					<include>animation_cdart</include>
				</control>
			</control>
			<control type="image">
				<!-- reflexo -->
				<left>30</left>
				<top>262</top>
				<width>450</width>
				<height>321</height>
				<fadetime>200</fadetime>
				<texture flipy="true" fallback="DefaultAudio.png" diffuse="thumb_reflect.png" background="true">$INFO[MusicPlayer.Cover]</texture>
				<aspectratio align="left" aligny="top">keep</aspectratio>
			</control>
			<control type="image">
				<left>30</left>
				<top>-60</top>
				<width>450</width>
				<height>321</height>
				<fadetime>200</fadetime>
				<texture fallback="DefaultAudio.png" diffuse="thumb_cdcover_mask_cdart.png" background="true">$INFO[MusicPlayer.Cover]</texture>
				<aspectratio align="left">keep</aspectratio>
			</control>
			<!-- logo artista -->
			<control type="image" id="49952">
				<left>1545</left>
				<top>15</top>
				<width>330</width>
				<height>142</height>
				<aspectratio align="center" aligny="bottom">keep</aspectratio>	
				<texture background="true">$INFO[skin.string(CustomMusicLogoPath)]$INFO[MusicPlayer.Artist,,/clearart.png]</texture>									
				<visible>Skin.HasSetting(prefermusicclearart)</visible>
			</control>
			<control type="image" id="49962">
				<left>1545</left>
				<top>15</top>
				<width>330</width>
				<height>142</height>
				<aspectratio align="center" aligny="bottom">keep</aspectratio>	
				<texture background="true">$INFO[Window(home).Property(SkinHelper.Player.Art.ClearArt)]</texture>									
				<visible>Skin.HasSetting(prefermusicclearart) + String.IsEmpty(Control.GetLabel(49952))</visible>
			</control>
			<control type="image" id="49972">
				<left>1545</left>
				<top>15</top>
				<width>330</width>
				<height>142</height>
				<aspectratio align="center" aligny="bottom">keep</aspectratio>	
				<texture background="true">$INFO[skin.string(CustomMusicLogoPath)]$INFO[MusicPlayer.Artist,,/logo.png]</texture>									
				<visible>!Skin.HasSetting(prefermusicclearart) | String.IsEmpty(Control.GetLabel(49952)) + String.IsEmpty(Control.GetLabel(49962))</visible>
			</control>
			<control type="image" id="49982">
				<left>1545</left>
				<top>15</top>
				<width>330</width>
				<height>142</height>
				<aspectratio align="center" aligny="bottom">keep</aspectratio>	
				<texture background="true">$INFO[Window(home).Property(SkinHelper.Player.Art.ClearLogo)]</texture>	
				<include>animation_fade</include>				
				<visible>!Skin.HasSetting(prefermusicclearart) | String.IsEmpty(Control.GetLabel(49952)) + String.IsEmpty(Control.GetLabel(49962)) + String.IsEmpty(Control.GetLabel(49972))</visible>
			</control>
			<!-- Nome do artista -->
			<control type="label">
				<left>518</left>
				<top>-15</top>
				<width>1290</width>
				<height>45</height>
				<align>left</align>
				<font>font_titleviews</font>
				<textcolor>FFF8F8F8</textcolor>
				<label>$INFO[MusicPlayer.Artist]</label>
				<scroll>false</scroll>
				<scrollout>false</scrollout>
			</control>
			<control type="image">
				<left>495</left>
				<top>54</top>
				<width>690</width>
				<height>3</height>
				<texture>divider.png</texture>
			</control>
			<control type="label">
				<!-- Nome da faixa -->
				<left>518</left>
				<top>82</top>
				<width>1290</width>
				<height>30</height>
				<align>left</align>
				<font>font_virtualmenu3</font>
				<textcolor>50FFFAF0</textcolor>
				<label>$INFO[MusicPlayer.Title]</label>
				<scroll>false</scroll>
				<scrollout>false</scrollout>
			</control>
			<control type="label">
				<!-- Nome do album -->
				<left>518</left>
				<top>153</top>
				<width>1290</width>
				<height>30</height>
				<align>left</align>
				<font>font_subtitle</font>
				<textcolor>50FFFAF0</textcolor>
				<label>$INFO[MusicPlayer.Album]</label>
				<scroll>true</scroll>
				<scrollout>false</scrollout>
			</control>
			<control type="label">
				<left>518</left>
				<top>192</top>
				<width>600</width>
				<height>36</height>
				<align>left</align>
				<aligny>top</aligny>
				<textcolor>50FFFAF0</textcolor>
				<font>font_plot</font>
				<label>$LOCALIZE[31333] $INFO[MusicPlayer.Channels][COLOR=50FFFAF0] | [/COLOR]$INFO[MusicPlayer.SampleRate,,KHZ][COLOR=50FFFAF0] | [/COLOR]$INFO[MusicPlayer.BitRate,,Kbps][COLOR=50FFFAF0] | [/COLOR]$INFO[MusicPlayer.BitsPerSample,,Bits]</label>
			</control>
			<control type="label">
				<!-- Duracao -->
				<left>1215</left>
				<top>195</top>
				<width>690</width>
				<height>30</height>
				<align>right</align>
				<font>font_menu3</font>
				<textcolor>FFF8F8F8</textcolor>
				<label>$INFO[MusicPlayer.Time] / $INFO[MusicPlayer.Duration]</label>
				<scroll>false</scroll>
				<scrollout>false</scrollout>
			</control>
			<!-- Barra de cache -->
			<control type="progress">
				<left>1526</left>
				<top>303</top>
				<width>375</width>
				<height>8</height>
				<info>Player.ProgressCache</info>
				<midtexture>progress_mid.png</midtexture>
				<colordiffuse>$INFO[skin.string(colorheader)]</colordiffuse>
				<animation effect="fade" end="80" condition="true">Conditional</animation>
			</control>
			<!-- Barra de progresso -->
			<control type="progress">
				<left>1526</left>
				<top>303</top>
				<width>375</width>
				<height>8</height>
				<info>Player.Progress</info>
				<animation effect="fade" end="80" condition="true">Conditional</animation>
			</control>
			<control type="label">
				<!-- Proxima faixa - proximo artista -->
				<left>990</left>
				<top>333</top>
				<width>915</width>
				<height>45</height>
				<align>right</align>
				<font>font_header</font>
				<textcolor>FFF8F8F8</textcolor>
				<label>$LOCALIZE[31525]: [COLOR=50FFFAF0]$INFO[MusicPlayer.offset(1).Title] ($INFO[MusicPlayer.offset(1).Artist])[/COLOR]</label>
				<scroll>false</scroll>
				<scrollout>false</scrollout>
			</control>
		</control>
		<!-- Layout 3  -->
		<control type="group">
			<left>0</left>
			<top>1160</top>
			<animation effect="slide" start="0,0" end="0,-200" time="400" tween="cubic" easing="inout" condition="Window.IsVisible(musicosd)">Conditional</animation>
			<animation effect="slide" start="0,0" end="0,-50" time="400" tween="cubic" easing="inout" condition="Player.Rewinding | Player.Forwarding">Conditional</animation>
			<animation effect="slide" start="0,0" end="0,450" time="700" tween="cubic" easing="out" condition="Skin.HasSetting(novisfurniture)">Conditional</animation>
			<animation effect="slide" start="0,0" end="-1350,0" time="400" tween="cubic" easing="inout" condition="Skin.HasSetting(furniture_cdart)">Conditional</animation>
			<animation effect="slide" start="0,1080" end="0,-450" time="700" tween="cubic" easing="out" delay="400">WindowOpen</animation>
			<animation effect="slide" start="0,-450" end="0,0" time="400" tween="cubic" easing="in" delay="400">WindowClose</animation>
			<visible>String.IsEqual(skin.string(vis_layout),style3)</visible>
			<control type="image">
				<left>0</left>
				<top>-60</top>
				<height>750</height>
				<width>2520</width>
				<texture>details_back.png</texture>
				<colordiffuse>$INFO[skin.string(colortexture)]</colordiffuse>
			</control>
			<control type="group">
				<left>-105</left>
				<top>-30</top>
				<animation effect="slide" start="0,0" end="210,0" time="800" delay="2000" tween="sine" easing="inout">WindowOpen</animation>
				<visible>String.IsEqual(skin.string(visdiscart),always) | String.IsEqual(skin.string(visdiscart),ifavailable) + ![String.IsEmpty(Window(home).Property(SkinHelper.
				Player.Art.DiscArt)) + String.IsEmpty(Player.Art(discart))]</visible>
				<control type="image">					
					<left>50</left>
					<top>-80</top>
					<width>632</width>
					<height>450</height>
					<aspectratio align="center" aligny="center">keep</aspectratio>
					<texture diffuse="cdart_diffuse.png" background="true">$VAR[audiodisc_layout]</texture>					
					<include>animation_cdart</include>
				</control>
				<control type="image">					
					<left>50</left>
					<top>-80</top>
					<width>632</width>
					<height>450</height>
					<aspectratio align="center" aligny="center">keep</aspectratio>
					<texture diffuse="cdart_diffuse.png" background="true">$VAR[media_discart]</texture>
					<include>animation_cdart</include>
				</control>
			</control>
			<control type="image">
				<left>30</left>
				<top>-110</top>
				<width>632</width>
				<height>450</height>
				<fadetime>200</fadetime>
				<texture fallback="DefaultAudio.png" diffuse="thumb_cdcover_mask_cdart.png" background="true">$INFO[MusicPlayer.Cover]</texture>
				<aspectratio align="left">keep</aspectratio>
			</control>
			<control type="image">
				<!-- reflexo -->
				<left>30</left>
				<top>345</top>
				<width>632</width>
				<height>450</height>
				<fadetime>200</fadetime>
				<texture flipy="true" fallback="DefaultAudio.png" diffuse="thumb_reflect.png" background="true">$INFO[MusicPlayer.Cover]</texture>
				<aspectratio align="left" aligny="top">keep</aspectratio>
			</control>
			<!-- logo artista -->
			<control type="image" id="49953">
				<left>705</left>
				<top>-110</top>
				<width>1192</width>
				<height>150</height>
				<aspectratio align="right" aligny="bottom">keep</aspectratio>	
				<texture background="true">$INFO[skin.string(CustomMusicLogoPath)]$INFO[MusicPlayer.Artist,,/clearart.png]</texture>									
				<visible>Skin.HasSetting(prefermusicclearart)</visible>
			</control>
			<control type="image" id="49963">
				<left>705</left>
				<top>-110</top>
				<width>1192</width>
				<height>150</height>
				<aspectratio align="right" aligny="bottom">keep</aspectratio>	
				<texture background="true">$INFO[Window(home).Property(SkinHelper.Player.Art.ClearArt)]</texture>									
				<visible>Skin.HasSetting(prefermusicclearart) + String.IsEmpty(Control.GetLabel(49953))</visible>
			</control>
			<control type="image" id="49973">
				<left>705</left>
				<top>-110</top>
				<width>1192</width>
				<height>150</height>
				<aspectratio align="right" aligny="bottom">keep</aspectratio>	
				<texture background="true">$INFO[skin.string(CustomMusicLogoPath)]$INFO[MusicPlayer.Artist,,/logo.png]</texture>									
				<visible>!Skin.HasSetting(prefermusicclearart) | String.IsEmpty(Control.GetLabel(49953)) + String.IsEmpty(Control.GetLabel(49963))</visible>
			</control>
			<control type="image" id="49983">
				<left>705</left>
				<top>-110</top>
				<width>1192</width>
				<height>150</height>
				<aspectratio align="right" aligny="bottom">keep</aspectratio>	
				<texture background="true">$INFO[Window(home).Property(SkinHelper.Player.Art.ClearLogo)]</texture>	
				<include>animation_fade</include>				
				<visible>!Skin.HasSetting(prefermusicclearart) | String.IsEmpty(Control.GetLabel(49953)) + String.IsEmpty(Control.GetLabel(49963)) + String.IsEmpty(Control.GetLabel(49973))</visible>
			</control>
			<!-- nome do artista -->
			<control type="label">
				<left>698</left>
				<top>-34</top>
				<width>1192</width>
				<height>45</height>
				<align>right</align>				
				<label>$INFO[MusicPlayer.Artist]</label>
				<font>font_titleviews</font>
				<textcolor>ccffffff</textcolor>
				<shadowcolor>aa000000</shadowcolor>
				<scroll>false</scroll>
				<scrollout>false</scrollout>
				<visible>String.IsEmpty(Control.GetLabel(49953)) + String.IsEmpty(Control.GetLabel(49963)) + String.IsEmpty(Control.GetLabel(49973)) + String.IsEmpty(Control.GetLabel(49983))</visible>
			</control>
			<!-- Nome da faixa -->
			<control type="label">
				<left>698</left>
				<top>75</top>
				<width>1192</width>
				<height>30</height>
				<align>right</align>
				<font>font_title</font>
				<label>[COLOR=$INFO[skin.string(colorheader)]]$INFO[MusicPlayer.TrackNumber,,. ][/COLOR]$INFO[MusicPlayer.Title]</label>
				<textcolor>88DDDDDD</textcolor>
				<shadowcolor>AA000000</shadowcolor>
				<scroll>false</scroll>
				<scrollout>false</scrollout>
			</control>
			<!-- Nome do album -->
			<control type="label">
				<left>968</left>
				<top>144</top>
				<width>922</width>
				<height>30</height>
				<align>right</align>
				<font>font_list</font>
				<label>$INFO[MusicPlayer.Album] $INFO[MusicPlayer.Year,| ,] $INFO[MusicPlayer.Genre,| ,]</label>
				<textcolor>88DDDDDD</textcolor>
				<shadowcolor>AA000000</shadowcolor>
				<scroll>false</scroll>
				<scrollout>false</scrollout>
			</control>
			<control type="label">
				<left>705</left>
				<top>315</top>
				<width>300</width>
				<height>36</height>
				<align>left</align>
				<font>font_button</font>
				<label>$INFO[MusicPlayer.SampleRate,, [COLOR=88DDDDDD]KHZ[/COLOR]][COLOR=50FFFAF0] | [/COLOR]$INFO[MusicPlayer.BitRate,, [COLOR=88DDDDDD]Kbps[/COLOR]][COLOR=50FFFAF0] | [/COLOR]$INFO[MusicPlayer.BitsPerSample,, [COLOR=88DDDDDD]Bits[/COLOR]]</label>
				<textcolor>$INFO[skin.string(colorheader)]</textcolor>
				<shadowcolor>AA000000</shadowcolor>
			</control>
			<!-- Barra de cache -->
			<control type="progress">
				<left>705</left>
				<top>300</top>
				<width>255</width>
				<height>8</height>
				<info>Player.ProgressCache</info>
				<midtexture>progress_mid.png</midtexture>
				<colordiffuse>$INFO[skin.string(colorheader)]</colordiffuse>
				<animation effect="fade" end="70" condition="true">Conditional</animation>
			</control>
			<!-- Barra de progresso -->
			<control type="progress">
				<left>705</left>
				<top>300</top>
				<width>255</width>
				<height>8</height>
				<info>Player.Progress</info>
				<animation effect="fade" end="70" condition="true">Conditional</animation>
			</control>
			<!-- Duracao -->
			<control type="label">
				<left>705</left>
				<top>255</top>
				<width>300</width>
				<height>27</height>
				<align>left</align>
				<font>font_titlesettings</font>
				<label>$INFO[MusicPlayer.Time] / $INFO[MusicPlayer.Duration]</label>
				<textcolor>CCFFFFFF</textcolor>
				<shadowcolor>AA000000</shadowcolor>
				<scroll>false</scroll>
				<scrollout>false</scrollout>
			</control>
			<!-- Proxima faixa - proximo artista -->
			<control type="label">
				<left>1200</left>
				<top>201</top>
				<width>525</width>
				<height>45</height>
				<align>right</align>
				<font>font_button</font>
				<textcolor>$INFO[skin.string(colorheader)]</textcolor>
				<shadowcolor>AA000000</shadowcolor>
				<label>$LOCALIZE[31525]:</label>
				<scroll>false</scroll>
				<scrollout>false</scrollout>
			</control>
			<control type="label">
				<left>1011</left>
				<top>240</top>
				<width>712</width>
				<height>45</height>
				<align>right</align>
				<font>font_plot</font>
				<label>[COLOR=$INFO[skin.string(colorheader)]]$INFO[MusicPlayer.offset(1).TrackNumber,,. ][/COLOR]$INFO[MusicPlayer.offset(1).Title]</label>
				<textcolor>88DDDDDD</textcolor>
				<shadowcolor>AA000000</shadowcolor>
				<scroll>false</scroll>
				<scrollout>false</scrollout>
			</control>
			<control type="label">
				<left>1275</left>
				<top>274</top>
				<width>450</width>
				<height>45</height>
				<align>right</align>
				<font>font_plot</font>
				<label>$INFO[MusicPlayer.offset(1).Artist]</label>
				<textcolor>88DDDDDD</textcolor>
				<shadowcolor>AA000000</shadowcolor>
				<scroll>false</scroll>
				<scrollout>false</scrollout>
			</control>
			<control type="image">
				<left>1682</left>
				<top>316</top>
				<width>45</width>
				<height>30</height>
				<texture colordiffuse="AA000000">arrow_right.png</texture>
				<aspectratio align="right" aligny="bottom">keep</aspectratio>
			</control>
			<control type="image">
				<left>1680</left>
				<top>315</top>
				<width>45</width>
				<height>30</height>
				<texture colordiffuse="AADDDDDD">arrow_right.png</texture>
				<aspectratio align="right" aligny="bottom">keep</aspectratio>
			</control>
			<control type="image">
				<left>705</left>
				<top>135</top>
				<width>230</width>
				<height>98</height>
				<aspectratio align="left" aligny="bottom">keep</aspectratio>
				<texture colordiffuse="ff3a3a3a">$VAR[recordlabels_path]$INFO[MusicPlayer.Property(Album_Label),,.png]</texture>
			</control>
			<control type="image">
				<left>1028</left>
				<top>276</top>
				<width>135</width>
				<height>98</height>
				<aspectratio align="left" aligny="bottom">keep</aspectratio>
				<texture colordiffuse="ff3a3a3a">$VAR[musiccodec_path]$INFO[MusicPlayer.Codec,,.png]</texture>
			</control>
			<control type="label">
				<left>1160</left>
				<top>282</top>
				<width>135</width>
				<height>98</height>
				<align>center</align>
				<font>font_channels</font>
				<textcolor>88DDDDDD</textcolor>
				<shadowcolor>AA000000</shadowcolor>
				<label>$INFO[MusicPlayer.Channels,,CH]</label>
				<scroll>false</scroll>
				<scrollout>false</scrollout>
			</control>
			<control type="image">
				<left>1302</left>
				<top>310</top>
				<width>300</width>
				<height>38</height>
				<texture fallback="subtitle_rating_0.png">$INFO[Player.StarRating]</texture>
				<colordiffuse>$INFO[skin.string(colorheader)]</colordiffuse>
				<aspectratio align="left" aligny="bottom">keep</aspectratio>
			</control>
			<control type="image">
				<left>1748</left>
				<top>208</top>
				<width>135</width>
				<height>135</height>
				<fadetime>200</fadetime>
				<texture fallback="DefaultAudio.png" background="true">$INFO[MusicPlayer.offset(1).Cover]</texture>
				<aspectratio align="left" aligny="bottom">keep</aspectratio>
			</control>
		</control>
		<include>background_black</include>
	</controls>
</window>
