<?xml version="1.0" encoding="UTF-8"?>
<window>
	<!-- KBK Multimedia Center -->
	<defaultcontrol always="true">51</defaultcontrol>
	<views>51,54,55,56,59,62</views>
	<controls>
		<control type="image">
			<include>backgroundspecs_single</include>
			<texture background="true">$VAR[games_background]</texture>
		</control>
			<!-- ViewTypes -->
			<include>ViewRightList</include>
			<!-- 51 -->
			<include condition="Skin.HasSetting(viewposter_programs)">ViewPoster</include>
			<!-- 54 -->
			<include condition="Skin.HasSetting(viewlowlist_programs)">ViewLowList</include>
			<!-- 55 -->
			<include condition="Skin.HasSetting(viewwall_programs)">ViewWallPrograms</include>
			<!-- 56 -->
			<include condition="Skin.HasSetting(viewwide_programs)">ViewWide</include>
			<!-- 59 -->
			<include condition="Skin.HasSetting(viewpanel_programs)">ViewPanel</include>
			<!-- 62 -->
			<include>ScrollLabel</include>
			<!--<include>MultiData</include>-->
			<include>TopMenu_Programs</include>
			<include>background_black</include>
			<include>touchscreen</include>
	</controls>
</window>