<?xml version="1.0" encoding="UTF-8"?>
<window>
	<!-- KBK Multimedia Center -->
	<defaultcontrol always="true">51</defaultcontrol>
	<onload condition="Window.Previous(1168)">Container.SetViewMode($INFO[skin.string(setviewmusic)])</onload>
	<onload condition="Window.Previous(1168)">SetFocus(9940)</onload>
	<onload condition="Container.Content(genres) + [String.IsEmpty(skin.string(resource.images.musicgenreicons.path)) | String.IsEqual(skin.string(resource.images.musicgenreicons.path),resource://resource.images.musicgenreicons.text/)]">InstallAddon(resource.images.musicgenreicons.text)</onload>
	<onunload condition="Skin.HasSetting(kioskcode)">Skin.Reset($INFO[skin.string(custom_code)])</onunload>
	<views>51,54,55,56,58,59,62</views>
	<controls>
		<control type="group">		
			<include content="media_backgrounds">	
			<param name="left" value="0" />
			<param name="top" value="0" />
			<param name="width" value="1920" />
			<param name="height" value="1080" />
			<param name="visible" value="true" />
		</include>			
		</control>
		<control type="group">
			<!-- default group -->
			<include>animation_window</include>
			<control type="image" id="198">
				<!-- Controle codec -->
				<include>invisible</include>
				<fadetime>commonfadetime</fadetime>
				<texture>$VAR[musiccodec]</texture>
			</control>
			<control type="label" id="556">
				<!-- Controle drive externo -->
				<include>invisible</include>
				<label>$VAR[drive]</label>
			</control>
			<control type="button" id="9900">
				<!-- to menu/kiosk condition -->
				<include>invisible</include>
				<onfocus condition="![Skin.HasSetting(kiosk) | Skin.HasSetting(kiosksmart) + !String.Contains(skin.string(codestep),step3)]">SetFocus(9300)</onfocus>
				<onfocus condition="Skin.HasSetting(kiosksmart) + !String.Contains(skin.string(codestep),step3)">SetFocus(9100)</onfocus>
				<onfocus condition="Skin.HasSetting(kiosk)">SetFocus(51)</onfocus>
			</control>
			<control type="button" id="9920">
				<!-- hidden colection/view fanart -->
				<include>invisible</include>
				<onleft>SetFocus(51)</onleft>
				<onright>SetFocus(51)</onright>
				<onup>SetFocus(51)</onup>
				<ondown>SetFocus(51)</ondown>
			</control>			
			<control type="image" id="9921">
				<!-- painel de info auto -->
				<include>invisible</include>
				<animation effect="fade" start="0" end="100" time="150" delay="1000" condition="String.Contains(skin.string(panel_seconds),1)">Visible</animation>
				<animation effect="fade" start="0" end="100" time="150" delay="2000" condition="String.Contains(skin.string(panel_seconds),2)">Visible</animation>
				<animation effect="fade" start="0" end="100" time="150" delay="3000" condition="String.Contains(skin.string(panel_seconds),3)">Visible</animation>
				<animation effect="fade" start="0" end="100" time="150" delay="4000" condition="String.Contains(skin.string(panel_seconds),4)">Visible</animation>
				<animation effect="fade" start="0" end="100" time="150" delay="5000" condition="String.Contains(skin.string(panel_seconds),5)">Visible</animation>
				<visible>![Container.OnNext | Container.OnPrevious]</visible>
			</control>
			<control type="button" id="9922">
				<!-- refresh das vistas -->
				<include>invisible</include>
				<animation effect="fade" start="0" end="100" time="150" delay="3000">Hidden</animation>
				<visible>Window.IsVisible(1168)</visible>
			</control>
			<control type="image" id="99230">
				<!-- carregamento do clearart via variables -->
				<include>invisible</include>
				<texture background="true">$INFO[skin.string(CustomMusicLogoPath)]$INFO[ListItem.Artist,,/clearart.png]</texture>
			</control>
			<control type="group">
				<animation effect="slide" time="400" start="0,-375" end="0,0" easing="inout" tween="cubic">WindowOpen</animation>
				<animation effect="slide" time="400" start="0,-375" end="0,0" easing="inout" tween="cubic">Visible</animation>
				<animation effect="slide" time="400" start="0,0" end="0,-375" easing="inout" tween="cubic">WindowClose</animation>
				<animation effect="slide" time="400" start="0,0" end="0,-375" easing="inout" tween="cubic">Hidden</animation>
				<animation effect="slide" end="0,30" time="500" tween="sine" easing="out" condition="Skin.HasSetting(musicinfobar) | Skin.HasSetting(musicdate)">Conditional</animation>
				<visible>![Control.IsVisible(59) | Control.IsVisible(55) + [Container.Content(artists) | Container.Content(songs)] | ControlGroup(9000).HasFocus | Control.HasFocus(9920) | Control.IsVisible(9922)]</visible>
				<control type="image">
					<left>0</left>
					<top>-30</top>
					<height>255</height>
					<width>1920</width>
					<texture flipy="true">shadow_mask.png</texture>
					<colordiffuse>75000000</colordiffuse>
				</control>
				<control type="label">
					<!-- Artist -->
					<left>45</left>
					<top>12</top>
					<width>1650</width>
					<height>60</height>
					<font>font_title</font>
					<label>$INFO[ListItem.Label]</label>
					<textcolor>FFF8F8F8</textcolor>
					<scroll>true</scroll>
					<scrollout>false</scrollout>
				</control>
				<control type="label" id="200">
					<left>45</left>
					<top>68</top>
					<width>1650</width>
					<height>38</height>
					<font>font_plot</font>
					<label>$VAR[music_subtitle]</label>
					<textcolor>90FFFFFF</textcolor>
					<scroll>true</scroll>
					<scrollout>false</scrollout>
				</control>
				<!-- Grupo da direita -->
				<control type="group">
					<top>-45</top>
					<animation effect="slide" time="400" start="0,-375" end="0,0" easing="inout" tween="cubic">WindowOpen</animation>
					<animation effect="slide" time="400" start="0,-375" end="0,0" easing="inout" tween="cubic">Visible</animation>
					<animation effect="slide" time="400" start="0,0" end="0,-375" easing="inout" tween="cubic">WindowClose</animation>
					<animation effect="slide" time="400" start="0,0" end="0,-375" easing="inout" tween="cubic">Hidden</animation>
					<visible>[Control.IsVisible(52) | Control.IsVisible(53) | Control.IsVisible(54) | Control.IsVisible(56) | Control.IsVisible(58) | Control.IsVisible(60) | Control.IsVisible(61) | Control.IsVisible(62) | Control.IsVisible(63) | Control.IsVisible(64) | Control.IsVisible(65) | Control.IsVisible(66) | Control.IsVisible(67) | Control.IsVisible(68) | Control.IsVisible(69) | Control.IsVisible(72)] + ![ControlGroup(9000).HasFocus | Control.HasFocus(9920) | Control.IsVisible(9922) | Control.HasFocus(9940) | Window.IsActive(movieinformation)]</visible>
					<!-- Estrelas -->
					<control type="image">
						<left>1570</left>
						<top>80</top>
						<width>300</width>
						<height>30</height>
						<texture fallback="$VAR[styleratingstars,,0.png]">$VAR[styleratingstars]$INFO[ListItem.Rating,,.png]</texture>
						<aspectratio align="left" aligny="center">keep</aspectratio>
						<colordiffuse>$VAR[colorratingstars]</colordiffuse>
						</control>
					<control type="label">
						<left>1522</left>
						<top>124</top>
						<width>352</width>
						<height>38</height>
						<align>right</align>
						<aligny>center</aligny>
						<font>font_plot</font>
						<label>[B]$INFO[ListItem.Rating][/B]</label>
						<textcolor>FFF8F8F8</textcolor>
					</control>
				</control>
			</control>
			<control type="group">
				<!-- Grupo ocultar flags ou fanart -->
				<top>45</top>
				<include>animation_hiddenview</include>
				<control type="image">
					<!-- Barra do rodape -->
					<left>0</left>
					<top>765</top>
					<width>1920</width>
					<height>270</height>
					<colordiffuse>$INFO[skin.string(colorfloor)]</colordiffuse>
					<texture>shadow_mask.png</texture>
				</control>
				<control type="group">
					<animation effect="slide" start="0,450" end="0,0" time="500" tween="sine" easing="out">WindowOpen</animation>
					<animation effect="slide" start="0,450" end="0,0" time="500" tween="sine" easing="out">Visible</animation>
					<animation effect="slide" start="0,0" end="0,450" time="500" tween="sine" easing="out">Hidden</animation>
					<visible>[String.Contains(skin.string(mediaflags),on) | String.Contains(skin.string(mediaflags),auto) + Control.IsVisible(9921)]</visible>
					<control type="image">
						<left>0</left>
						<top>965</top>
						<height>73</height>
						<width>1920</width>
						<texture colordiffuse="cc505050">shadow_mask.png</texture>
						<visible>Skin.HasSetting(texture_white)</visible>
					</control>
					<control type="grouplist">
						<!-- Etiquetas -->
						<left>30</left>
						<top>968</top>
						<orientation>horizontal</orientation>
						<itemgap>38</itemgap>
						<!-- Gravadora -->
						<control type="image">
							<height>68</height>
							<include>FlagImage</include>
							<texture>$VAR[recordlabels_path]$INFO[ListItem.Property(Album_Label),,.png]</texture>
						</control>
						<control type="image">
							<include>FlagSeparator</include>
						</control>
						<control type="group">
							<width>126</width>
							<height>75</height>
							<visible>!String.Contains(ListItem.top100,0) + !String.IsEmpty(ListItem.top100)</visible>
							<control type="label">
								<!-- Top 100 -->
								<top>-15</top>
								<font>font_plot</font>
								<include>FlagLabel</include>
								<label>$LOCALIZE[31042]</label>
							</control>
							<control type="label">
								<!-- Top 100 info -->
								<top>9</top>
								<font>font_list</font>
								<include>FlagLabel</include>
								<label>$INFO[ListItem.Top100]</label>
							</control>
						</control>
						<control type="image">
							<!-- Codec -->
							<include>FlagImage</include>
							<texture>$VAR[musiccodec]</texture>
							<visible>!String.IsEmpty(Control.GetLabel(198))</visible>
						</control>
						<control type="image">
							<include>FlagSeparator</include>
							<visible>!String.IsEmpty(Control.GetLabel(198))</visible>
						</control>
						<control type="label">
							<!-- Drive externo -->
							<include>FlagLabel</include>
							<label>$VAR[drive]</label>
							<visible>!String.IsEmpty(Control.GetLabel(556))</visible>
						</control>
					</control>
				</control>
				<control type="image">
					<left>0</left>
					<top>975</top>
					<height>63</height>
					<width>1920</width>
					<texture>gradient_small.png</texture>
				</control>
				<!-- ViewTypes -->
				<include>ViewRightList</include>
				<!-- 51 -->
				<include condition="Skin.HasSetting(viewposter_music)">ViewPoster</include>
				<!-- 54 -->
				<include condition="Skin.HasSetting(viewlowlist_music)">ViewLowList</include>
				<!-- 55 -->
				<include condition="Skin.HasSetting(viewwall_music)">ViewWallAudio</include>
				<!-- 56 -->
				<include condition="Skin.HasSetting(viewcoverflow_music)">ViewCoverFlowAudio</include>
				<!-- 58 -->
				<include condition="Skin.HasSetting(viewwide_music)">ViewWide</include>
				<!-- 59 -->
				<include condition="Skin.HasSetting(viewpanel_music)">ViewPanel</include>
				<!-- 62 -->
			</control>
			<control type="image">
				<!-- Logo -->
				<left>1402</left>
				<top>962</top>
				<width>300</width>
				<height>75</height>
				<aspectratio>keep</aspectratio>
				<texture background="true">$INFO[skin.string(CustomMusicLogoPath)]$INFO[ListItem.Artist,,/logo.png]</texture>
				<fadetime>commonfadetime</fadetime>
				<animation effect="slide" end="-735,-270" tween="cubic" easing="in" condition="Control.IsVisible(54)">Conditional</animation>
				<include>animation_hiddenview</include>
				<visible>Control.IsVisible(54)</visible>
			</control>
			<include>ScrollLabel</include>
			<include condition="Skin.HasSetting(musicinfobar)">MultiData</include>
			<include>TopMenu_Audio</include>
			<include>background_black</include>
			<include>touchscreen</include>
		</control>
	</controls>
</window>
