<?xml version="1.0" encoding="UTF-8"?>
<window>
	<!-- KBK Multimedia Center -->
	<defaultcontrol always="true">6</defaultcontrol>
	<controls>
		<control type="image">
			<!-- Single Fanart -->
			<include>backgroundspecs_single</include>
			<texture background="true">$VAR[defaultmusicfanart]</texture>
		</control>
		<control type="group">
			<!-- default group -->
			<include>animation_window</include>
			<control type="group">
				<!-- right group -->
				<left>75</left>
				<animation effect="slide" start="900,0" end="0,0" time="1000" tween="cubic" easing="out">WindowOpen</animation>
				<animation effect="slide" start="0,0" end="900,0" time="1000" tween="cubic" easing="out">WindowClose</animation>
				<animation effect="slide" start="1200,0" end="0,0" time="1000" tween="cubic" easing="out">Visible</animation>
				<animation effect="fade" start="100" end="0" time="400">Hidden</animation>
				<control type="image">
					<left>1208</left>
					<top>69</top>
					<width>638</width>
					<height>45</height>
					<texture>shadow_h.png</texture>
					<colordiffuse>C3FFFFFF</colordiffuse>
				</control>
				<control type="image">
					<left>1208</left>
					<top>112</top>
					<width>638</width>
					<height>968</height>
					<texture>black.png</texture>
					<colordiffuse>C3FFFFFF</colordiffuse>
				</control>
				<control type="image">
					<left>1208</left>
					<top>680</top>
					<width>638</width>
					<height>402</height>
					<texture>black.png</texture>
					<colordiffuse>90FFFFFF</colordiffuse>
				</control>
				<control type="image">
					<left>1260</left>
					<top>142</top>
					<width>540</width>
					<height>540</height>
					<fadetime>commonfadetime</fadetime>
					<texture fallback="DefaultVideoPoster.png" background="true">$INFO[ListItem.Icon]</texture>
					<aspectratio aligny="bottom">keep</aspectratio>
					<bordertexture border="-2">black.png</bordertexture>
				</control>
				<control type="image">
					<left>1260</left>
					<top>690</top>
					<width>540</width>
					<height>540</height>
					<fadetime>commonfadetime</fadetime>
					<texture flipy="true" fallback="DefaultVideoPoster.png" diffuse="thumb_reflect.png" background="true">$INFO[ListItem.Icon]</texture>
					<aspectratio aligny="top">keep</aspectratio>
					<bordertexture flipy="true" border="-2" diffuse="thumb_reflect.png">black.png</bordertexture>
				</control>
				<control type="textbox">
					<left>1278</left>
					<top>694</top>
					<width>506</width>
					<height>262</height>
					<font>font_plot</font>
					<label>[COLOR=$INFO[skin.string(colorheader)]]$LOCALIZE[556]: [/COLOR]$INFO[Container(50).ListItem.Title][CR][COLOR=$INFO[skin.string(colorheader)]]$LOCALIZE[557]: [/COLOR]$INFO[Container(50).ListItem.Artist][CR][COLOR=$INFO[skin.string(colorheader)]]$LOCALIZE[558]: [/COLOR]$INFO[Container(50).ListItem.Album][CR][COLOR=$INFO[skin.string(colorheader)]]$LOCALIZE[555]: [/COLOR]$INFO[Container(50).ListItem.Duration][CR][COLOR=$INFO[skin.string(colorheader)]]$LOCALIZE[554]: [/COLOR]$INFO[Container(50).ListItem.TrackNumber][CR][COLOR=$INFO[skin.string(colorheader)]]$LOCALIZE[515]: [/COLOR]$INFO[Container(50).ListItem.Genre]</label>
					<visible>Control.HasFocus(50)</visible>
				</control>
				<control type="textbox">
					<left>1278</left>
					<top>694</top>
					<width>506</width>
					<height>262</height>
					<font>font_plot</font>
					<label>[COLOR=$INFO[skin.string(colorheader)]]$LOCALIZE[556]: [/COLOR]$INFO[Container(100).ListItem.Title][CR][COLOR=$INFO[skin.string(colorheader)]]$LOCALIZE[557]: [/COLOR]$INFO[Container(100).ListItem.Artist][CR][COLOR=$INFO[skin.string(colorheader)]]$LOCALIZE[558]: [/COLOR]$INFO[Container(100).ListItem.Album][CR][COLOR=$INFO[skin.string(colorheader)]]$LOCALIZE[555]: [/COLOR]$INFO[Container(100).ListItem.Duration][CR][COLOR=$INFO[skin.string(colorheader)]]$LOCALIZE[554]: [/COLOR]$INFO[Container(100).ListItem.TrackNumber][CR][COLOR=$INFO[skin.string(colorheader)]]$LOCALIZE[515]: [/COLOR]$INFO[Container(100).ListItem.Genre]</label>
					<visible>Control.HasFocus(100)</visible>
				</control>
			</control>
			<control type="group">
				<!-- left group -->
				<animation effect="slide" time="700" start="-1200,0" end="0,0" tween="cubic" easing="out">WindowOpen</animation>
				<animation effect="slide" time="700" start="0,0" end="-1200,0" tween="cubic" easing="out">WindowClose</animation>
				<animation effect="slide" time="700" start="-1200,0" end="0,0" tween="cubic" easing="out">Visible</animation>
				<animation effect="fade" time="200" start="100" end="0">Hidden</animation>
				<control type="image">
					<left>0</left>
					<top>69</top>
					<width>1282</width>
					<height>45</height>
					<texture>shadow_h.png</texture>
					<colordiffuse>C3FFFFFF</colordiffuse>
				</control>
				<control type="image">
					<left>1282</left>
					<top>112</top>
					<width>45</width>
					<height>968</height>
					<texture>shadow.png</texture>
					<colordiffuse>C3FFFFFF</colordiffuse>
				</control>
				<control type="image">
					<left>0</left>
					<top>112</top>
					<width>1282</width>
					<height>968</height>
					<texture>$VAR[texture_base]</texture>
					<colordiffuse>$INFO[skin.string(colortexture)]</colordiffuse>
					<animation effect="fade" end="95" condition="true">Conditional</animation>
				</control>
				<control type="image">
					<left>0</left>
					<top>112</top>
					<width>1282</width>
					<height>90</height>
					<texture>black.png</texture>
					<colordiffuse>90FFFFFF</colordiffuse>
				</control>
				<control type="label">
					<!-- header label -->
					<left>68</left>
					<top>136</top>
					<width>1156</width>
					<height>34</height>
					<font>font_list</font>
					<label>$LOCALIZE[10503]</label>
					<textcolor>80FFFAF0</textcolor>
				</control>
				<control type="list" id="50">
					<viewtype label="31801">list</viewtype>
					<left>0</left>
					<top>237</top>
					<width>640</width>
					<height>705</height>
					<pagecontrol>30</pagecontrol>
					<onleft>30</onleft>
					<onright>100</onright>
					<orientation>vertical</orientation>
					<scrolltime>450</scrolltime>
					<preloaditems>2</preloaditems>
					<itemlayout height="60">
						<control type="image">
							<left>15</left>
							<top>58</top>
							<width>640</width>
							<height>1</height>
							<texture>line.png</texture>
						</control>
						<control type="label">
							<left>68</left>
							<top>0</top>
							<width>540</width>
							<height>62</height>
							<font>font_list</font>
							<aligny>center</aligny>
							<include>listcolor</include>
							<label>$INFO[ListItem.Label]</label>
						</control>
					</itemlayout>
					<focusedlayout height="60">
						<control type="image">
							<left>0</left>
							<top>0</top>
							<width>640</width>
							<height>62</height>
							<texture>grey.png</texture>
							<animation effect="fade" start="100" end="30" time="0" condition="!Control.Hasfocus(50)">conditional</animation>
						</control>
						<control type="label">
							<left>68</left>
							<top>0</top>
							<width>540</width>
							<height>62</height>
							<font>font_list</font>
							<aligny>center</aligny>
							<include>listcolorfocus</include>
							<label>$INFO[ListItem.Label]</label>
						</control>
					</focusedlayout>
				</control>
				<control type="scrollbar" id="30">
					<include>ScrollBar_Vertical</include>
					<left>8</left>
					<top>237</top>
					<height>705</height>
					<onleft>6</onleft>
					<onright>50</onright>
					<include>animation_fade</include>
					<visible allowhiddenfocus="true">Control.HasFocus(30) | Control.HasFocus(50)</visible>
				</control>
				<control type="list" id="100">
					<viewtype label="31801">list</viewtype>
					<left>640</left>
					<top>237</top>
					<width>640</width>
					<height>705</height>
					<pagecontrol>31</pagecontrol>
					<onleft>31</onleft>
					<onright>6</onright>
					<orientation>vertical</orientation>
					<scrolltime>450</scrolltime>
					<preloaditems>2</preloaditems>
					<itemlayout height="60">
						<control type="image">
							<left>15</left>
							<top>58</top>
							<width>640</width>
							<height>1</height>
							<texture>line.png</texture>
						</control>
						<control type="label">
							<left>68</left>
							<top>0</top>
							<width>540</width>
							<height>62</height>
							<font>font_list</font>
							<aligny>center</aligny>
							<include>listcolor</include>
							<label>$INFO[ListItem.Label]</label>
						</control>
					</itemlayout>
					<focusedlayout height="60">
						<control type="image">
							<left>0</left>
							<top>0</top>
							<width>640</width>
							<height>62</height>
							<texture>grey.png</texture>
							<animation effect="fade" start="100" end="50" time="0" condition="!Control.Hasfocus(100)">conditional</animation>
						</control>
						<control type="label">
							<left>68</left>
							<top>0</top>
							<width>540</width>
							<height>62</height>
							<font>font_list</font>
							<aligny>center</aligny>
							<include>listcolorfocus</include>
							<label>$INFO[ListItem.Label]</label>
						</control>
					</focusedlayout>
				</control>
				<control type="scrollbar" id="31">
					<include>ScrollBar_Vertical</include>
					<left>651</left>
					<top>237</top>
					<height>705</height>
					<onleft>50</onleft>
					<onright>100</onright>
					<include>animation_fade</include>
					<visible allowhiddenfocus="true">Control.HasFocus(31) | Control.HasFocus(100)</visible>
				</control>
				<control type="image">
					<left>640</left>
					<top>202</top>
					<width>3</width>
					<height>878</height>
					<texture>separator_v.png</texture>
				</control>
			</control>
			<control type="group">
				<animation effect="slide" start="0,105" end="0,0" time="500" delay="1000" easing="inout" tween="cubic">WindowOpen</animation>
				<animation effect="slide" start="0,105" end="0,0" time="500" delay="1000" easing="inout" tween="cubic">Visible</animation>
				<animation effect="slide" start="0,0" end="0,105" time="300" easing="inout" tween="cubic">WindowClose</animation>
				<animation effect="slide" start="0,0" end="0,105" time="300" easing="inout" tween="cubic">Hidden</animation>
				<control type="image">
					<left>0</left>
					<top>976</top>
					<width>1920</width>
					<height>45</height>
					<texture>shadow_h.png</texture>
					<colordiffuse>C3FFFFFF</colordiffuse>
				</control>
				<control type="image">
					<left>0</left>
					<top>1017</top>
					<height>63</height>
					<width>1920</width>
					<aligny>top</aligny>
					<texture>black.png</texture>
					<colordiffuse>C3FFFFFF</colordiffuse>
				</control>
				<control type="image">
					<left>0</left>
					<top>1020</top>
					<height>60</height>
					<width>1920</width>
					<aligny>top</aligny>
					<texture>black.png</texture>
					<colordiffuse>90FFFFFF</colordiffuse>
				</control>
				<control type="grouplist" id="9001">
					<left>218</left>
					<top>1020</top>
					<itemgap>0</itemgap>
					<onup>50</onup>
					<ondown>50</ondown>
					<orientation>horizontal</orientation>
					<control type="button" id="6">
						<!-- Abrir Playlist -->
						<include>SettingsBottomButton</include>
						<label>21385</label>
					</control>
					<control type="button" id="7">
						<!-- Salvar Playlist -->
						<include>SettingsBottomButton</include>
						<label>190</label>
					</control>
					<control type="button" id="8">
						<!-- Fechar Playlist -->
						<include>SettingsBottomButton</include>
						<label>31084</label>
					</control>
				</control>
			</control>
		</control>
	</controls>
</window>
