<?xml version="1.0" encoding="UTF-8"?>
<window>
	<!-- KBK Multimedia Center -->
	<defaultcontrol always="true">50</defaultcontrol>
	<views>50</views>
	<controls>
		<include content="media_backgrounds">	
			<param name="left" value="0" />
			<param name="top" value="0" />
			<param name="width" value="1920" />
			<param name="height" value="1080" />
			<param name="visible" value="true" />
		</include>
		<control type="image">
			<left>0</left>
			<top>0</top>
			<width>1920</width>
			<height>1080</height>
			<texture>black.png</texture>
			<colordiffuse>A4303030</colordiffuse>
		</control>
		<!-- default group -->
		<control type="group">
			<include>animation_window</include>
			<include>settings_furniture</include>
			<animation effect="fade" start="100" end="0" time="200" tween="sine" condition="$EXP[InfoDialogControl]">Conditional</animation>
			<!-- MENU DA ESQUERDA -->
			<include>Date</include>
			<control type="label">
				<include>SettingsLeftTitle</include>
				<label>31202</label>
			</control>
			<control type="grouplist" id="700">
				<left>0</left>
				<top>180</top>
				<width>450</width>
				<height>990</height>
				<orientation>vertical</orientation>
				<itemgap>0</itemgap>
				<onleft>50</onleft>
				<onright>50</onright>
				<onup>700</onup>
				<ondown>700</ondown>
				<control type="radiobutton" id="20">
					<include>SettingsButton</include>
					<radioposx>335</radioposx>
					<label>$LOCALIZE[191]</label>
				</control>
				<control type="button" id="26">
					<include>SettingsButton</include>
					<label></label>
				</control>
				<control type="button" id="21">
					<include>SettingsButton</include>
					<label>$LOCALIZE[190]</label>
				</control>
				<control type="button" id="22">
					<include>SettingsButton</include>
					<label>$LOCALIZE[192]</label>
				</control>				
			</control>
			<!-- MENU DA DIREITA -->
			<control type="label">
				<include>SettingsRightTitle</include>
				<label>$LOCALIZE[559]</label>
			</control>			
			<control type="group">
				<control type="fixedlist" id="50">
					<viewtype>list</viewtype>
					<left>454</left>
					<top>180</top>
					<width>1466</width>
					<height>420</height>
					<itemgap>0</itemgap>
					<onup>50</onup>
					<ondown>50</ondown>
					<onleft>700</onleft>
					<onright>60</onright>
					<orientation>vertical</orientation>
					<pagecontrol>60</pagecontrol>
					<movement>5</movement>
					<focusposition>0</focusposition>
					<preloaditems>1</preloaditems>
					<itemlayout width="1466" height="60">
						<control type="label">
							<left>75</left>
							<top>0</top>
							<width>900</width>
							<height>60</height>
							<align>left</align>
							<aligny>center</aligny>
							<label>$VAR[playlistlabel]</label>
							<font>font_settings</font>							
							<scroll>true</scroll>
							<scrollout>false</scrollout>
						</control>
						<control type="label">
							<left>950</left>
							<top>0</top>
							<width>435</width>
							<height>60</height>
							<align>right</align>
							<aligny>center</aligny>
							<label>$VAR[playlistlabel2]</label>
							<font>font_settings</font>							
						</control>
					</itemlayout>
					<focusedlayout width="1466" height="60">
						<control type="image">
							<left>0</left>
							<top>0</top>
							<width>1466</width>
							<height>60</height>
							<texture>grey.png</texture>
							<visible>Control.HasFocus(50)</visible>
						</control>
						<control type="label">
							<left>75</left>
							<top>0</top>
							<width>900</width>
							<height>60</height>
							<align>left</align>
							<aligny>center</aligny>
							<label>$VAR[playlistlabel]</label>
							<font>font_settings</font>
							<textcolor>E0101010</textcolor>							
							<scroll>true</scroll>
							<scrollout>false</scrollout>
							<visible>Control.HasFocus(50)</visible>
						</control>
						<control type="label">
							<left>950</left>
							<top>0</top>
							<width>435</width>
							<height>60</height>
							<align>right</align>
							<aligny>center</aligny>
							<label>$VAR[playlistlabel2]</label>
							<font>font_settings</font>
							<textcolor>E0101010</textcolor>							
							<visible>Control.HasFocus(50)</visible>
						</control>
						<control type="label">
							<left>75</left>
							<top>0</top>
							<width>900</width>
							<height>60</height>
							<align>left</align>
							<aligny>center</aligny>
							<label>$VAR[playlistlabel]</label>
							<font>font_settings</font>							
							<scroll>true</scroll>
							<scrollout>false</scrollout>
							<visible>!Control.HasFocus(50)</visible>
						</control>
						<control type="label">
							<left>950</left>
							<top>0</top>
							<width>435</width>
							<height>60</height>
							<align>right</align>
							<aligny>center</aligny>
							<label>$VAR[playlistlabel2]</label>
							<font>font_settings</font>							
							<visible>!Control.HasFocus(50)</visible>
						</control>
					</focusedlayout>
				</control>
				<control type="scrollbar" id="60">
					<include>ScrollBar_Vertical</include>
					<left>1860</left>
					<top>183</top>
					<height>412</height>
					<onleft>50</onleft>
					<onright>50</onright>
					<animation effect="fade" time="200">Visible</animation>
					<animation effect="fade" time="50">Hidden</animation>
					<visible allowhiddenfocus="true">Control.IsVisible(50)</visible>
				</control>
				<!-- Painel de info no rodape -->
				<control type="image">
					<left>454</left>
					<top>645</top>
					<width>1466</width>
					<height>8</height>
					<texture>grey.png</texture>
					<colordiffuse>$INFO[skin.string(colortexture)]</colordiffuse>
				</control>
				<control type="image">
					<left>454</left>
					<top>653</top>
					<width>1466</width>
					<height>374</height>
					<texture>grey.png</texture>
					<colordiffuse>80FFFFFF</colordiffuse>
				</control>
				<!-- Fundo borda -->
				<control type="image">
					<left>510</left>
					<top>650</top>
					<width>380</width>
					<height>380</height>
					<texture>musicframe.png</texture>
				</control>
				<control type="image">
					<left>529</left>
					<top>668</top>
					<width>343</width>
					<height>343</height>
					<texture fallback="DefaultAddon.png" background="true">$INFO[Container(50).ListItem.Icon]</texture>
					<fadetime>commonfadetime</fadetime>
					<aspectratio>keep</aspectratio>
				</control>
				<control type="textbox">
					<left>920</left>
					<top>665</top>
					<width>925</width>
					<height>340</height>
					<textcolor>E0101010</textcolor>
					<font>font_plot</font>
					<label>$VAR[plot]</label>
					<autoscroll delay="10000" time="2000" repeat="10000">!Skin.HasSetting(noallowscroll)</autoscroll>
				</control>
				<control type="image">
					<left>454</left>
					<top>653</top>
					<width>1466</width>
					<height>374</height>
					<texture>osd_glass.png</texture>
					<colordiffuse>90FFFFFF</colordiffuse>
				</control>
			</control>
			<include>RSS</include>
		</control>
	</controls>
</window>