<?xml version="1.0" encoding="UTF-8"?>
<window>
	<!-- KBK Multimedia Center -->
	<defaultcontrol>51</defaultcontrol>
	<onload condition="Window.Previous(1169)">Container.SetViewMode($INFO[skin.string(setviewprograms)])</onload>
	<onload condition="Window.Previous(1169)">SetFocus(9940)</onload>
	<onunload condition="Skin.HasSetting(kioskcode)">Skin.Reset($INFO[skin.string(custom_code)])</onunload>
	<views>51,54,55,56,59,62</views>
	<controls>
		<include content="media_backgrounds">	
			<param name="left" value="0" />
			<param name="top" value="0" />
			<param name="width" value="1920" />
			<param name="height" value="1080" />
			<param name="visible" value="true" />
		</include>	
		<control type="group">
			<!-- default group -->
			<include>animation_window</include>
			<control type="button" id="9900">
				<!-- to menu/kiosk condition -->
				<include>invisible</include>
				<onfocus condition="![Skin.HasSetting(kiosk) | Skin.HasSetting(kiosksmart) + !String.Contains(skin.string(codestep),step3)]">SetFocus(9300)</onfocus>
				<onfocus condition="Skin.HasSetting(kiosksmart) + !String.Contains(skin.string(codestep),step3)">SetFocus(9100)</onfocus>
				<onfocus condition="Skin.HasSetting(kiosk) + String.IsEmpty(ListItem.Trailer)">SetFocus(50)</onfocus>
				<onfocus condition="Skin.HasSetting(kiosk) + !String.IsEmpty(ListItem.Trailer)">SetFocus(90000)</onfocus>
			</control>
			<control type="button" id="9910">
				<!-- panel focus -->
				<include>invisible</include>
				<onleft>SetFocus(50)</onleft>
				<onright>SetFocus(50)</onright>
				<onup>SetFocus(9900)</onup>
				<ondown>SetFocus(50)</ondown>
			</control>
			<control type="button" id="9920">
				<!-- hidden colection/view fanart -->
				<include>invisible</include>
				<onleft>SetFocus(50)</onleft>
				<onright>SetFocus(50)</onright>
				<onup>SetFocus(50)</onup>
				<ondown>SetFocus(50)</ondown>
			</control>
			<control type="button" id="9922">
				<!-- refresh das vistas -->
				<include>invisible</include>
				<animation effect="fade" start="0" end="100" time="150" delay="3000">Hidden</animation>
				<visible>Window.IsVisible(1169)</visible>
			</control>
			<control type="group">
				<animation effect="slide" time="400" start="0,-375" end="0,0" easing="inout" tween="cubic">WindowOpen</animation>
				<animation effect="slide" time="400" start="0,-375" end="0,0" easing="inout" tween="cubic">Visible</animation>
				<animation effect="slide" time="400" start="0,0" end="0,-375" easing="inout" tween="cubic">WindowClose</animation>
				<animation effect="slide" time="400" start="0,0" end="0,-375" easing="inout" tween="cubic">Hidden</animation>
				<visible>[Control.IsVisible(52) | Control.IsVisible(53) | Control.IsVisible(54) | Control.IsVisible(56) | Control.IsVisible(58) | Control.IsVisible(60) | Control.IsVisible(62) | Window.IsActive(movieinformation)] + ![Control.HasFocus(9920) | Control.IsVisible(9922)]</visible>
				<control type="image">
					<left>0</left>
					<top>0</top>
					<height>450</height>
					<width>1920</width>
					<texture flipy="true">shadow_mask.png</texture>
					<colordiffuse>95000000</colordiffuse>
				</control>
				<control type="label">
					<!-- Title -->
					<left>45</left>
					<top>12</top>
					<width>1650</width>
					<height>60</height>
					<font>font_title</font>
					<label>$INFO[ListItem.Label]</label>
					<textcolor>FFF8F8F8</textcolor>
					<scroll>true</scroll>
					<scrollout>false</scrollout>
					<shadowcolor>grey</shadowcolor>
				</control>
			</control>
			<control type="group">
				<!-- Grupo ocultar flags ou fanart -->
				<top>45</top>
				<include>animation_hiddenview</include>
				<control type="group">
					<animation effect="slide" start="0,450" end="0,0" time="500" tween="sine" easing="out">WindowOpen</animation>
					<animation effect="slide" start="0,450" end="0,0" time="500" tween="sine" easing="out">Visible</animation>
					<animation effect="fade" start="100" end="0" time="200">Hidden</animation>
					<visible>![Skin.HasSetting(nomediaflags) | Control.IsVisible(57)]</visible>
					<control type="image">
						<!-- Barra das etiquetas -->
						<left>0</left>
						<top>915</top>
						<width>1920</width>
						<height>120</height>
						<colordiffuse>$INFO[skin.string(colorfloor)]</colordiffuse>
						<texture>shadow_mask.png</texture>
					</control>
					<control type="grouplist">
						<!-- Etiquetas -->
						<left>30</left>
						<top>976</top>
						<orientation>horizontal</orientation>
						<itemgap>28</itemgap>
						<!-- Studio -->
						<control type="image">							
							<include>FlagImage</include>
							<texture fallback="flags/extras/flag_default.png">$VAR[studio]</texture>
						</control>
						<control type="image">
							<include>FlagSeparator</include>
							<visible>!String.IsEmpty(ListItem.Title)</visible>
						</control>
						<!-- Nplayers -->						
						<control type="label">
							<width>150</width>				
							<include>FlagLabel</include>
							<label>$INFO[ListItem.Property(Nplayers)]</label>
							<visible>!String.IsEmpty(ListItem.Title)</visible>
						</control>
						<control type="image">
							<include>FlagSeparator</include>
							<visible>!String.IsEmpty(ListItem.Title)</visible>
						</control>
						<!-- Esrb -->
						<control type="label">
							<width>250</width>							
							<include>FlagLabel</include>
							<label>$INFO[ListItem.Property(Esrb)]</label>
							<visible>!String.IsEmpty(ListItem.Title)</visible>
						</control>
					</control>
					<control type="image">
						<left>0</left>
						<top>975</top>
						<height>60</height>
						<width>1920</width>
						<texture>gradient_small.png</texture>
					</control>
				</control>
				<!-- ViewTypes -->
				<include>ViewRightList</include>
				<!-- 51 -->
				<include condition="Skin.HasSetting(viewposter_programs)">ViewPoster</include>
				<!-- 54 -->
				<include condition="Skin.HasSetting(viewlowlist_programs)">ViewLowList</include>
				<!-- 55 -->
				<include condition="Skin.HasSetting(viewwall_programs)">ViewWallPrograms</include>
				<!-- 56 -->
				<include condition="Skin.HasSetting(viewwide_programs)">ViewWide</include>
				<!-- 59 -->
				<include condition="Skin.HasSetting(viewpanel_programs)">ViewPanel</include>
				<!-- 62 -->
			</control>
			<include>ScrollLabel</include>
			<!--<include>MultiData</include>-->
			<include>TopMenu_Programs</include>
			<include>background_black</include>
			<include>touchscreen</include>
		</control>
	</controls>
</window>
