<?xml version="1.0" encoding="UTF-8"?>
<window>
	<!-- KBK Multimedia Center -->
	<defaultcontrol always="true">50</defaultcontrol>
	<views>50</views>
	<onunload condition="Skin.HasSetting(kioskcode)">Skin.Reset($INFO[skin.string(custom_code)])</onunload>
	<controls>
		<control type="multiimage">
			<!-- Fanart -->
			<include>backgroundspecs_multi</include>
			<imagepath background="true">$VAR[themes_path]livetv.jpg</imagepath>
		</control>
		<control type="group">
			<!-- Visualizacao de fundo -->
			<animation effect="fade" reversible="true" time="300">VisibleChange</animation>
			<control type="image">
				<left>0</left>
				<top>0</top>
				<width>1920</width>
				<height>1080</height>
				<texture>black.png</texture>
				<colordiffuse>C3FFFFFF</colordiffuse>
				<include>animation_fade</include>
				<visible>Player.HasMedia</visible>
			</control>
			<control type="videowindow">
				<left>0</left>
				<top>0</top>
				<width>1920</width>
				<height>1080</height>
				<visible>Player.HasVideo</visible>
				<animation effect="slide" start="0,0" end="-3000,0" time="0">WindowClose</animation>
			</control>
			<control type="visualisation">
				<left>0</left>
				<top>0</top>
				<width>1920</width>
				<height>1080</height>
				<visible>Player.HasAudio</visible>
				<animation effect="slide" start="0,0" end="-3000,0" time="0">WindowClose</animation>
			</control>
		</control>
		<control type="group">
			<!-- default group -->
			<include>animation_window</include>
			<visible>![Window.IsActive(pvrguideinfo) | Window.IsActive(pvrrecordinginfo) | Window.IsActive(pvrguidesearch) | Window.IsActive(pvrtimersetting)]</visible>
			<control type="button" id="9900">
				<!-- to menu/kiosk condition -->
				<include>invisible</include>
				<onfocus condition="![Skin.HasSetting(kiosk) | Skin.HasSetting(kiosksmart) + !String.Contains(skin.string(codestep),step3)]">SetFocus(9000)</onfocus>
				<onfocus condition="Skin.HasSetting(kiosksmart) + !String.Contains(skin.string(codestep),step3)">SetFocus(9100)</onfocus>
			</control>
			<control type="button" id="9920">
				<!-- hidden colection/view fanart -->
				<include>invisible</include>
				<onleft>SetFocus(50)</onleft>
				<onright>SetFocus(50)</onright>
				<onup>SetFocus(50)</onup>
				<ondown>SetFocus(50)</ondown>
			</control>
			<control type="group">
				<!-- Grupo ocultar flags ou fanart -->
				<top>45</top>
				<visible>Control.IsVisible(50)</visible>
				<include>animation_hiddenview</include>
				<control type="image">
					<!-- Barra do rodape -->
					<left>0</left>
					<top>765</top>
					<width>1920</width>
					<height>270</height>
					<texture>shadow_mask.png</texture>
					<colordiffuse>$INFO[skin.string(colorfloor)]</colordiffuse>
				</control>
				<control type="group">
					<animation effect="slide" start="0,450" end="0,0" time="500" tween="sine" easing="out">WindowOpen</animation>
					<animation effect="slide" start="0,450" end="0,0" time="500" tween="sine" easing="out">Visible</animation>
					<animation effect="fade" start="100" end="0" time="200">Hidden</animation>
					<visible>!Skin.HasSetting(nomediaflags)</visible>
					<control type="grouplist">
						<!-- Etiquetas -->
						<left>30</left>
						<top>968</top>
						<orientation>horizontal</orientation>
						<itemgap>39</itemgap>
						<control type="image">
							<!-- Mpaa -->
							<include>FlagImage</include>
							<texture>$VAR[mpaa]</texture>
							<visible>!String.IsEmpty(ListItem.Mpaa)</visible>
						</control>
						<control type="image">
							<include>FlagSeparator</include>
							<visible>!String.IsEmpty(ListItem.Mpaa)</visible>
						</control>
						<control type="group">
							<!-- Rating -->
							<visible>!String.IsEmpty(ListItem.Rating)</visible>
							<control type="label">
								<left>22</left>
								<top>2</top>
								<width>134</width>
								<height>75</height>
								<align>center</align>
								<aligny>center</aligny>
								<font>font_plot</font>
								<textcolor>$INFO[skin.string(colorflags)]</textcolor>
								<label>$INFO[ListItem.Rating]</label>
							</control>
							<control type="image">
								<left>188</left>
								<include>FlagSeparator</include>
							</control>
						</control>
						<control type="image">
							<!-- Codec -->
							<include>FlagImage</include>
							<texture>$VAR[videocodec_path]$INFO[ListItem.VideoCodec,,.png]</texture>
							<visible>!String.IsEmpty(ListItem.VideoCodec)</visible>
						</control>
						<control type="image">
							<include>FlagSeparator</include>
							<visible>!String.IsEmpty(ListItem.VideoCodec)</visible>
						</control>
						<control type="image">
							<!-- Resolution -->
							<include>FlagImage</include>
							<texture>$INFO[ListItem.VideoResolution,flags/resolution/,.png]</texture>
							<visible>!String.IsEmpty(ListItem.VideoResolution)</visible>
						</control>
						<control type="image">
							<include>FlagSeparator</include>
							<visible>!String.IsEmpty(ListItem.VideoResolution)</visible>
						</control>
						<control type="image">
							<!-- Aspect -->
							<include>FlagImage</include>
							<texture>$INFO[ListItem.VideoAspect,flags/aspectratio/,.png]</texture>
							<visible>!String.IsEmpty(ListItem.VideoAspect)</visible>
						</control>
						<control type="image">
							<include>FlagSeparator</include>
							<visible>!String.IsEmpty(ListItem.VideoAspect)</visible>
						</control>
						<control type="image">
							<!-- Audio Codec -->
							<include>FlagImage</include>
							<texture>$INFO[ListItem.AudioCodec,flags/audiocodec/,.png]</texture>
							<visible>!String.IsEmpty(ListItem.AudioCodec)</visible>
						</control>
						<control type="image">
							<include>FlagSeparator</include>
							<visible>!String.IsEmpty(ListItem.AudioCodec)</visible>
						</control>
						<control type="image">
							<!-- Channels -->
							<include>FlagImage</include>
							<texture>$INFO[ListItem.AudioChannels,flags/audiochannels/,ch.png]</texture>
							<visible>!String.IsEmpty(ListItem.AudioChannels)</visible>
						</control>
						<control type="image">
							<include>FlagSeparator</include>
							<visible>!String.IsEmpty(ListItem.AudioChannels)</visible>
						</control>
						<control type="image">
							<include>FlagSeparator</include>
							<visible>!String.IsEmpty(ListItem.Trailer) + !String.IsEqual(ListItem.PercentPlayed,0)</visible>
						</control>
						<control type="label">
							<!-- % Played -->
							<left>18</left>
							<top>2</top>
							<width>134</width>
							<height>75</height>
							<align>center</align>
							<aligny>center</aligny>
							<font>font_plot</font>
							<textcolor>$INFO[skin.string(colorflags)]</textcolor>
							<label>$INFO[ListItem.PercentPlayed]%</label>
							<visible>!String.IsEqual(ListItem.PercentPlayed,0)</visible>
						</control>
					</control>
					<control type="image">
						<left>0</left>
						<top>975</top>
						<height>63</height>
						<width>1920</width>
						<texture>gradient_small.png</texture>
					</control>
				</control>
				<control type="group">
					<!-- default group -->
					<animation effect="fade" time="400">VisibleChange</animation>
					<visible>Control.IsVisible(50)</visible>
					<control type="group">
						<animation effect="slide" time="500" start="-1200,0" end="0,0" tween="cubic" easing="out">WindowOpen</animation>
						<animation effect="slide" time="500" start="-1200,0" end="0,0" tween="cubic" easing="out">Visible</animation>
						<animation effect="fade" time="200" start="100" end="0">Hidden</animation>
						<control type="image">
							<left>0</left>
							<top>54</top>
							<width>960</width>
							<height>45</height>
							<texture>shadow_h.png</texture>
							<colordiffuse>C3FFFFFF</colordiffuse>
						</control>
						<control type="image">
							<left>0</left>
							<top>975</top>
							<width>1920</width>
							<height>45</height>
							<texture flipy="true">shadow_h.png</texture>
							<colordiffuse>C3FFFFFF</colordiffuse>
						</control>
						<control type="image">
							<left>0</left>
							<top>98</top>
							<width>960</width>
							<height>878</height>
							<texture>$VAR[texture_base]</texture>
							<colordiffuse>$INFO[skin.string(colortexture)]</colordiffuse>
							<animation effect="fade" end="95" condition="true">Conditional</animation>
						</control>
						<control type="image">
							<left>645</left>
							<top>98</top>
							<width>240</width>
							<height>876</height>
							<texture>grey.png</texture>
							<colordiffuse>20FFFFFF</colordiffuse>
						</control>
						<control type="button" id="562">
							<include>invisible</include>
							<onright>9920</onright>
							<onleft>51</onleft>
							<onup>51</onup>
							<ondown>51</ondown>
						</control>
						<visible>Control.IsVisible(50)</visible>
						<control type="list" id="50">
							<viewtype label="31813">list</viewtype>
							<left>0</left>
							<top>98</top>
							<width>960</width>
							<height>876</height>
							<pagecontrol>73</pagecontrol>
							<onleft>73</onleft>
							<onright>562</onright>
							<orientation>vertical</orientation>
							<scrolltime>450</scrolltime>
							<preloaditems>2</preloaditems>
							<itemlayout height="60">
								<control type="image">
									<left>0</left>
									<top>0</top>
									<width>1108</width>
									<height>1</height>
									<texture>line.png</texture>
								</control>
								<control type="label">
									<left>68</left>
									<top>1</top>
									<width>555</width>
									<height>60</height>
									<font>font_list</font>
									<aligny>center</aligny>
									<include>listcolor</include>
									<label>$INFO[ListItem.Label]</label>
								</control>
								<control type="label">
									<left>645</left>
									<top>0</top>
									<width>240</width>
									<height>60</height>
									<font>font_plot</font>
									<align>center</align>
									<aligny>center</aligny>
									<include>detailcolor</include>
									<label>$INFO[ListItem.Date]</label>
								</control>
								<control type="image">
									<left>870</left>
									<top>3</top>
									<width>120</width>
									<height>56</height>
									<texture>$VAR[watched_style]</texture>
									<aspectratio>keep</aspectratio>
									<colordiffuse>$INFO[skin.string(colorwatched)]</colordiffuse>
									<visible>!Skin.HasSetting(nooverlays) + String.IsEqual(ListItem.Overlay,OverlayWatched.png)</visible>
								</control>
							</itemlayout>
							<focusedlayout height="60">
								<control type="image">
									<left>0</left>
									<top>0</top>
									<width>960</width>
									<height>60</height>
									<texture>grey.png</texture>
									<animation effect="fade" start="100" end="30" time="0" condition="!Control.Hasfocus(50)">conditional</animation>
								</control>
								<control type="label">
									<left>68</left>
									<top>1</top>
									<width>555</width>
									<height>60</height>
									<font>font_list</font>
									<aligny>center</aligny>
									<include>listcolorfocus</include>
									<label>$INFO[ListItem.Label]</label>
								</control>
								<control type="label">
									<left>645</left>
									<top>0</top>
									<width>240</width>
									<height>60</height>
									<font>font_plot</font>
									<align>center</align>
									<aligny>center</aligny>
									<include>detailcolorfocus</include>
									<label>$INFO[ListItem.Date]</label>
								</control>
								<control type="image">
									<left>870</left>
									<top>3</top>
									<width>120</width>
									<height>56</height>
									<texture>$VAR[watched_style]</texture>
									<aspectratio>keep</aspectratio>
									<colordiffuse>$INFO[skin.string(colorwatched)]</colordiffuse>
									<visible>!Skin.HasSetting(nooverlays) + String.IsEqual(ListItem.Overlay,OverlayWatched.png)</visible>
								</control>
							</focusedlayout>
						</control>
					</control>
					<control type="group">
						<!-- Grupo da direita -->
						<left>960</left>
						<top>0</top>
						<animation effect="slide" time="1000" start="900,0" end="0,0" tween="cubic" easing="out">WindowOpen</animation>
						<animation effect="slide" time="1000" start="900,0" end="0,0" tween="cubic" easing="out">Visible</animation>
						<animation effect="fade" time="400" start="100" end="0">Hidden</animation>
						<visible>Control.IsVisible(50)</visible>
						<control type="image">
							<left>-44</left>
							<top>-105</top>
							<width>45</width>
							<height>1080</height>
							<texture flipx="true">shadow.png</texture>
							<colordiffuse>C3FFFFFF</colordiffuse>
						</control>
						<control type="image">
							<left>0</left>
							<top>-105</top>
							<width>960</width>
							<height>1080</height>
							<texture>$VAR[texture_base]</texture>
							<colordiffuse>$INFO[skin.string(colortexture)]</colordiffuse>
							<animation effect="fade" end="85" condition="true">Conditional</animation>
						</control>
						<control type="image">
							<left>0</left>
							<top>594</top>
							<width>960</width>
							<height>381</height>
							<texture>$VAR[texture_base]</texture>
							<colordiffuse>$INFO[skin.string(colortexture)]</colordiffuse>
							<animation effect="fade" end="85" condition="true">Conditional</animation>
							<include>animation_fade</include>
							<visible>!Control.HasFocus(562)</visible>
						</control>
						<control type="image">
							<left>0</left>
							<top>-105</top>
							<width>960</width>
							<height>1080</height>
							<texture>black.png</texture>
							<colordiffuse>75FFFFFF</colordiffuse>
							<include>animation_fade</include>
							<visible>Control.HasFocus(562)</visible>
						</control>
						<control type="group">
							<!-- Grupo das artes -->
							<animation effect="slide" start="0,0" end="1050,0" time="400" easing="inout" tween="cubic" condition="Control.HasFocus(9920) | Window.IsVisible(pvrrecordinginfo)">Conditional</animation>
							<control type="group">
								<!-- VIDEOS -->
								<include>animation_fade</include>
								<control type="image">
									<!-- reflexo -->
									<left>30</left>
									<top>602</top>
									<width>900</width>
									<height>550</height>
									<fadetime>commonfadetime</fadetime>
									<aspectratio align="center" aligny="top">keep</aspectratio>
									<texture flipy="true" fallback="black.png" diffuse="thumb_reflect.png" background="true">$INFO[ListItem.Icon]</texture>
									<bordertexture flipy="true" diffuse="thumb_reflect.png" border="-2">black.png</bordertexture>
								</control>
								<control type="image">
									<!-- miniatura -->
									<left>30</left>
									<top>45</top>
									<width>900</width>
									<height>550</height>
									<fadetime>commonfadetime</fadetime>
									<aspectratio align="center" aligny="bottom">keep</aspectratio>
									<texture fallback="black.png" background="true">$INFO[ListItem.Icon]</texture>
									<bordertexture border="-2">black.png</bordertexture>
								</control>
							</control>
							<control type="textbox">
								<left>30</left>
								<top>615</top>
								<width>900</width>
								<height>352</height>
								<label>$INFO[ListItem.Plot]</label>
								<textcolor>FFF8F8F8</textcolor>
								<font>font_plot</font>
								<autoscroll delay="20000" time="3000" repeat="20000">!Skin.HasSetting(noallowscroll)</autoscroll>
							</control>
							<control type="image">
								<left>0</left>
								<top>860</top>
								<width>960</width>
								<height>116</height>
								<texture>gradient_small.png</texture>
							</control>
							<control type="scrollbar" id="73">
								<include>ScrollBar_Vertical</include>
								<left>8</left>
								<top>102</top>
								<height>870</height>
								<onleft>9900</onleft>
								<onright>50</onright>
								<include>animation_fade</include>
								<visible allowhiddenfocus="true">Control.IsVisible(50) + Control.HasFocus(73)</visible>
							</control>
						</control>
					</control>
				</control>
			</control>
			<!-- Furniture -->
			<include>TopMenu_PVR</include>
			<include>background_black</include>
			<include>touchscreen</include>
		</control>
	</controls>
</window>
