<?xml version="1.0" encoding="UTF-8"?>
<window>
	<!-- KBK Multimedia Center -->
	<defaultcontrol always="true">51</defaultcontrol>
	<onload condition="Window.Previous(1170)">Container.SetViewMode($INFO[skin.string(setviewvideo)])</onload>
	<onload condition="Window.Previous(1170)">SetFocus(9940)</onload>
	<onunload condition="Skin.HasSetting(kioskcode)">Skin.Reset($INFO[skin.string(custom_code)])</onunload>
	<onunload condition="Skin.HasSetting(trailers)">Skin.Reset(trailers)</onunload>
	<onunload condition="Skin.HasSetting(playlists)">Skin.Reset(playlists)</onunload>
	<onload condition="System.HasAddon(script.videolanguage)">RunScript(script.videolanguage,backend=True)</onload>
	<views>51,52,53,54,55,56,57,59,60,61,62,63,64,65</views>
	<controls>
		<control type="image">
			<!-- Imagem padrao -->
			<include>backgroundspecs_single</include>
			<texture>special://skin/backgrounds/movies.jpg</texture>
			<visible>Skin.HasSetting(noliveplaylistbg)</visible>
		</control>
		<include>background_live</include>
		<control type="group">
			<!-- default group -->
			<include>animation_window</include>
			<control type="button" id="9900">
				<!-- to menu/kiosk condition -->
				<include>invisible</include>
				<onfocus condition="![Skin.HasSetting(kiosk) | Skin.HasSetting(kiosksmart) + !String.Contains(skin.string(codestep),step3)]">SetFocus(9300)</onfocus>
				<onfocus condition="Skin.HasSetting(kiosksmart) + !String.Contains(skin.string(codestep),step3)">SetFocus(9100)</onfocus>
				<onfocus condition="Skin.HasSetting(kiosk)">SetFocus(51)</onfocus>
			</control>
			<control type="button" id="9920">
				<!-- hidden colection/view fanart -->
				<include>invisible</include>
				<onleft>SetFocus(51)</onleft>
				<onright>SetFocus(51)</onright>
				<onup>SetFocus(51)</onup>
				<ondown>SetFocus(51)</ondown>
			</control>
			<control type="group">
				<animation effect="slide" time="400" start="0,-375" end="0,0" easing="inout" tween="cubic">WindowOpen</animation>
				<animation effect="slide" time="400" start="0,-375" end="0,0" easing="inout" tween="cubic">Visible</animation>
				<animation effect="slide" time="400" start="0,0" end="0,-375" easing="inout" tween="cubic">WindowClose</animation>
				<animation effect="slide" time="400" start="0,0" end="0,-375" easing="inout" tween="cubic">Hidden</animation>
				<visible>[Control.IsVisible(52) | Control.IsVisible(53) | Control.IsVisible(54) | Control.IsVisible(56) | Control.IsVisible(58) | Control.IsVisible(60) | Control.IsVisible(61) | Control.IsVisible(62) | Control.IsVisible(63) | Control.IsVisible(64) | Control.IsVisible(65)] + ![Control.HasFocus(9920) | Window.IsActive(movieinformation)]</visible>
				<control type="image">
					<left>0</left>
					<top>0</top>
					<height>225</height>
					<width>1920</width>
					<texture flipy="true">shadow_mask.png</texture>
					<colordiffuse>85000000</colordiffuse>
				</control>
				<control type="group">
					<visible>!String.IsEmpty(Window.Property(AudioLanguage.1))</visible>
					<control type="label">
						<!-- Title -->
						<left>45</left>
						<top>12</top>
						<width>1125</width>
						<height>60</height>
						<font>font_title</font>
						<label>$VAR[videotitle]</label>
						<textcolor>FFF8F8F8</textcolor>
						<scroll>true</scroll>
						<scrollout>false</scrollout>
						<visible>!String.IsEmpty(Window.Property(AudioLanguage.1))</visible>
					</control>
					<control type="label">
						<left>45</left>
						<top>75</top>
						<width>1125</width>
						<height>38</height>
						<font>font_plot</font>
						<label>$INFO[ListItem.Tagline]</label>
						<textcolor>90FFFFFF</textcolor>
						<scroll>true</scroll>
						<scrollout>false</scrollout>
						<visible>!String.IsEmpty(Window.Property(AudioLanguage.1))</visible>
					</control>
				</control>
				<control type="group">
					<visible>String.IsEmpty(Window.Property(AudioLanguage.1))</visible>
					<control type="label">
						<!-- Title -->
						<left>45</left>
						<top>12</top>
						<width>1650</width>
						<height>60</height>
						<font>font_title</font>
						<label>$VAR[videotitle]</label>
						<textcolor>FFF8F8F8</textcolor>
						<scroll>true</scroll>
						<scrollout>false</scrollout>
						<visible>String.IsEmpty(Window.Property(AudioLanguage.1))</visible>
					</control>
					<control type="label">
						<left>45</left>
						<top>75</top>
						<width>1650</width>
						<height>38</height>
						<font>font_plot</font>
						<label>$INFO[ListItem.Tagline]</label>
						<textcolor>90FFFFFF</textcolor>
						<scroll>true</scroll>
						<scrollout>false</scrollout>
						<visible>String.IsEmpty(Window.Property(AudioLanguage.1))</visible>
					</control>
				</control>
				<!-- Grupo ocultar flags ou fanart -->
				<control type="group">
					<top>45</top>
					<!-- 67,68 -->
					<include condition="Skin.HasSetting(view3dwall_video)">View3DWall</include>
					<include>animation_hiddenview</include>
					<control type="image">
						<left>0</left>
						<top>765</top>
						<width>1920</width>
						<height>270</height>
						<texture diffuse="shadow_mask.png">$VAR[texture_base]</texture>
						<colordiffuse>$INFO[skin.string(colorfloor)]</colordiffuse>
						<visible>!Control.IsVisible(70)</visible>
					</control>
					<!-- Barra do rodape -->
					<control type="image">
						<left>0</left>
						<top>765</top>
						<width>1920</width>
						<height>270</height>
						<texture>shadow_mask.png</texture>
						<colordiffuse>$INFO[skin.string(colorfloor)]</colordiffuse>
						<visible>!Control.IsVisible(70)</visible>
					</control>
					<!-- Etiquetas -->
					<control type="group">
						<animation effect="slide" start="0,450" end="0,0" time="500" tween="sine" easing="out">WindowOpen</animation>
						<animation effect="slide" start="0,450" end="0,0" time="500" tween="sine" easing="out">Visible</animation>
						<animation effect="slide" start="0,0" end="0,450" time="500" tween="sine" easing="out">Hidden</animation>
						<visible>![Control.IsVisible(57) | Control.IsVisible(70) | String.IsEqual(ListItem.Label,..) | String.IsEmpty(Control.GetLabel(556)) + String.IsEmpty(Control.GetLabel(557)) + String.IsEmpty(Control.GetLabel(558)) + String.IsEmpty(Control.GetLabel(559)) + String.IsEmpty(Control.GetLabel(560)) + String.IsEmpty(Control.GetLabel(561)) + String.IsEmpty(Control.GetLabel(562)) + String.IsEmpty(Control.GetLabel(563)) + String.IsEmpty(Control.GetLabel(564))] + [String.Contains(skin.string(mediaflags),on) | String.Contains(skin.string(mediaflags),auto) + Control.IsVisible(9921)]</visible>
						<control type="group">
							<include content="mediaflags_group">					
								<param name="left" value="30" />
								<param name="top" value="972" />
								<param name="itemgap" value="5" />
							</include>
						</control>
						<control type="image">
							<left>0</left>
							<top>975</top>
							<height>63</height>
							<width>1920</width>
							<texture>gradient_small.png</texture>
						</control>
					</control>
				</control>
				<!-- ViewTypes -->
				<include>ViewRightList</include>
				<!-- 51 -->
				<include condition="Skin.HasSetting(viewbanner_video)">ViewBanner</include>
				<!-- 52 -->
				<include condition="Skin.HasSetting(viewbannerinfo_video)">ViewBannerInfo</include>
				<!-- 53 -->
				<include condition="Skin.HasSetting(viewposter_video)">ViewPoster</include>
				<!-- 54 -->
				<include condition="Skin.HasSetting(viewlowlist_video)">ViewLowList</include>
				<!-- 55 -->
				<include condition="Skin.HasSetting(viewwall_video)">ViewWallVideo</include>
				<!-- 56 -->
				<include condition="Skin.HasSetting(viewglasslist_video)">ViewGlassList</include>
				<!-- 57 -->
				<include condition="Skin.HasSetting(viewcoverflow_video)">ViewCoverFlowVideo</include>
				<!-- 58 -->
				<include condition="Skin.HasSetting(viewwide_video)">ViewWide</include>
				<!-- 59 -->
				<include condition="Skin.HasSetting(viewshowart_video)">ViewShowArt</include>
				<!-- 60 -->
				<include condition="Skin.HasSetting(viewmultiplex_video)">ViewMultiplex</include>
				<!-- 61 -->
				<include condition="Skin.HasSetting(viewpanel_video)">ViewPanel</include>
				<!-- 62 -->
				<include condition="Skin.HasSetting(viewshelf_video)">ViewShelf</include>
				<!-- 63 -->
				<include condition="Skin.HasSetting(viewlandscapex_video)">ViewLandScapeX</include>
				<!-- 64 -->
				<include condition="Skin.HasSetting(viewsets_video)">ViewSets</include>
				<!-- 65 -->
				<include condition="Skin.HasSetting(viewshowcase_video)">ViewShowCaseVideo</include>
				<!-- 66 -->
			</control>
			<!-- Furniture -->
			<include>ScrollLabel</include>
			<include>MultiData</include>
			<include>TopMenu_Video</include>
			<include>background_black</include>
			<include>touchscreen</include>
		</control>
	</controls>
</window>
