<?xml version="1.0" encoding="UTF-8"?>
<window>
	<!-- KBK Multimedia Center -->
	<defaultcontrol always="true">51</defaultcontrol>
	<onload condition="!String.IsEmpty(Weather.Plugin) + String.IsEmpty(skin.string(resource.images.weathericons.path))">InstallAddon(resource.images.weathericons.animated)</onload>
	<onunload condition="Skin.HasSetting(kioskcode)">Skin.Reset($INFO[skin.string(custom_code)])</onunload>
	<controls>
		<control type="multiimage">
			<include>backgroundspecs_multi</include>
			<imagepath background="true">$VAR[weatherfanart_season]</imagepath>
			<visible>!Skin.HasSetting(weatherfanart.conditional)</visible>
		</control>
		<control type="image">
			<include>backgroundspecs_single</include>
			<texture background="true">$INFO[skin.string(backgroundcopy)]</texture>
		</control>
		<control type="multiimage">
			<include>backgroundspecs_multi</include>
			<imagepath background="true">$VAR[weatherfanart_condition]</imagepath>
			<visible>Skin.HasSetting(weatherfanart.conditional)</visible>
		</control>
		<control type="image">
			<left>0</left>
			<top>0</top>
			<width>1920</width>
			<height>1080</height>
			<texture>black.png</texture>
			<colordiffuse>A4303030</colordiffuse>
			<animation effect="fade" end="80" condition="true">Conditional</animation>
		</control>
		<!-- default group -->
		<control type="group">
			<include>animation_window</include>
			<include>settings_furniture</include>
			<!--#######################################################################   MENU DA ESQUERDA   #######################################################################-->
			<include>Date</include>
			<control type="label">
				<include>SettingsLeftTitle</include>
				<label>31202</label>
			</control>
			<control type="grouplist" id="51">
				<left>0</left>
				<top>180</top>
				<width>450</width>
				<height>990</height>
				<orientation>vertical</orientation>
				<itemgap>0</itemgap>
				<onleft>9900</onleft>
				<focusposition>0</focusposition>
				<scrolltime>400</scrolltime>
				<!-- Atual -->
				<control type="button" id="100">
					<label>31843</label>
					<include>SettingsButton</include>
					<onfocus>SetProperty(Weather.CurrentView,current)</onfocus>
					<onfocus>SetProperty(Weather.CurrentViewMenu,$LOCALIZE[31843])</onfocus>
				</control>
				<!-- 36 horas -->
				<control type="button" id="101">
					<label>31051</label>
					<include>SettingsButton</include>
					<onfocus>SetProperty(Weather.CurrentView,36hour)</onfocus>
					<onfocus>SetProperty(Weather.CurrentViewMenu,$LOCALIZE[31386])</onfocus>
				</control>
				<!-- Final de semana -->
				<control type="button" id="102">
					<label>31841</label>
					<include>SettingsButton</include>
					<onfocus>SetProperty(Weather.CurrentView,weekend)</onfocus>
					<onfocus>SetProperty(Weather.CurrentViewMenu,$LOCALIZE[31841])</onfocus>
				</control>
				<!-- Hora em hora -->
				<control type="button" id="103">
					<label>31840</label>
					<include>SettingsButton</include>
					<onright>SetFocus(6000)</onright>
					<onfocus>SetProperty(Weather.CurrentView,hourly)</onfocus>
					<onfocus>SetProperty(Weather.CurrentViewMenu,$LOCALIZE[31840])</onfocus>
				</control>
				<!-- 16 dias -->
				<control type="button" id="104">
					<label>31842</label>
					<include>SettingsButton</include>
					<onright>SetFocus(70000)</onright>
					<onfocus>SetProperty(Weather.CurrentView,16days)</onfocus>
					<onfocus>SetProperty(Weather.CurrentViewMenu,$LOCALIZE[31842])</onfocus>
				</control>
				<!-- Mapas -->
				<control type="button" id="105">
					<label>31844</label>
					<include>SettingsButton</include>
					<onfocus>SetProperty(Weather.CurrentView,maps)</onfocus>
					<onfocus>SetProperty(Weather.CurrentViewMenu,$LOCALIZE[31844])</onfocus>
					<onright>5001</onright>
				</control>
				<!-- Alertas -->
				<control type="button" id="106">
					<label>31054</label>
					<include>SettingsButton</include>
					<onfocus>SetProperty(Weather.CurrentView,alerts)</onfocus>
					<onfocus>SetProperty(Weather.CurrentViewMenu,$LOCALIZE[31054])</onfocus>
					<visible>!String.IsEmpty(Window.Property(Alerts))</visible>
				</control>
			</control>
			<!--#######################################################################   MENU DA DIREITA   #######################################################################-->
			<control type="image">
				<left>402</left>
				<top>15</top>
				<width>1236</width>
				<height>105</height>
				<aspectratio>stretch</aspectratio>
				<texture>grey.png</texture>
				<colordiffuse>$INFO[Window.Property(Alerts.Color)]</colordiffuse>
			</control>
			<!-- Vistas -->
			<control type="group" id="3000">
				<include>Weather.Current</include>
				<include>Weather.36Hour</include>
				<include>Weather.Hourly</include>
				<include>Weather.Weekend</include>
				<include>Weather.Daily</include>
				<include>Weather.Maps</include>
			</control>
			<control type="image">
				<left>-1230</left>
				<top>0</top>
				<width>1269</width>
				<height>1080</height>
				<texture>grey.png</texture>
				<colordiffuse>$INFO[Window.Property(Alerts.Color)]</colordiffuse>
			</control>
			<control type="image">
				<left>39r</left>
				<top>0</top>
				<width>1269</width>
				<height>1080</height>
				<texture>grey.png</texture>
				<colordiffuse>$INFO[Window.Property(Alerts.Color)]</colordiffuse>
			</control>
			<include>RSS</include>
			<include>TopMenu_Weather</include>
			<include>background_black</include>
		</control>
	</controls>
</window>
