<?xml version="1.0" encoding="UTF-8"?>
<window>
	<!-- KBK Multimedia Center -->
	<defaultcontrol always="true">100</defaultcontrol>
	<visible>Window.IsActive(playercontrols) + ![!Player.HasMedia + System.IdleTime(1) | Window.IsActive(fullscreenvideo) | Window.IsActive(visualisation) | Window.IsActive(fullscreengame)]</visible>
	<controls>
		<control type="image">
			<left>0</left>
			<top>0</top>
			<width>1920</width>
			<height>1080</height>
			<texture>black.png</texture>
			<colordiffuse>C3FFFFFF</colordiffuse>
			<include>animation_fade</include>
		</control>
		<control type="group">
			<include>animation_dialogpopup</include>
			<!-- Controles -->			
			<control type="list" id="100">
				<left>622</left>
				<top>835</top>
				<height>300</height>
				<width>1485</width>
				<ondown condition="Player.HasAudio">703</ondown>
				<onleft>100</onleft>
				<onright>100</onright>
				<viewtype>list</viewtype>
				<orientation>horizontal</orientation>
				<scrolltime>200</scrolltime>
				<preloaditems>2</preloaditems>
				<focusposition>2</focusposition>
				<animation effect="slide" start="0,0" end="173,-197" time="0" tween="sine" easing="out" delay="1000" condition="Player.HasAudio">Conditional</animation>
				<itemlayout width="76" height="45">
					<control type="image">
						<top>33</top>
						<width>69</width>
						<height>69</height>
						<texture>$INFO[ListItem.Icon]</texture>
						<colordiffuse>50FFFAF0</colordiffuse>
					</control>
				</itemlayout>
				<focusedlayout width="76" height="45">
					<control type="image">
						<top>33</top>
						<width>69</width>
						<height>69</height>
						<texture>$INFO[ListItem.Icon]</texture>
						<colordiffuse>fff8f8f8</colordiffuse>
						<animation effect="fade" start="100" end="30" time="0" condition="!Control.Hasfocus(100)">conditional</animation>
					</control>
				</focusedlayout>
				<content>
					<item id="1">
						<!-- skipbwd -->
						<label></label>
						<icon>osd_menu_skipbwd.png</icon>
						<onclick>PlayerControl(Previous)</onclick>
					</item>
					<item id="2">
						<!-- rew -->
						<label></label>
						<icon>osd_menu_rew.png</icon>
						<onclick>PlayerControl(Rewind)</onclick>
					</item>
					<item id="3">
						<!-- pause -->
						<label></label>
						<icon>osd_menu_pause.png</icon>
						<onclick>PlayerControl(Play)</onclick>
						<visible>!Player.Paused</visible>
					</item>
					<item id="4">
						<!-- play -->
						<label></label>
						<icon>osd_menu_play.png</icon>
						<onclick>PlayerControl(Play)</onclick>
						<visible>Player.Paused</visible>
					</item>
					<item id="5">
						<!-- stop -->
						<label></label>
						<icon>osd_menu_stop.png</icon>
						<onclick>PlayerControl(Stop)</onclick>
					</item>
					<item id="6">
						<!-- ff -->
						<label></label>
						<icon>osd_menu_ff.png</icon>
						<onclick>PlayerControl(Forward)</onclick>
					</item>
					<item id="7">
						<!-- skipfwd -->
						<label></label>
						<icon>osd_menu_skipfwd.png</icon>
						<onclick>PlayerControl(Next)</onclick>
					</item>
					<item id="8">
						<!-- rec -->
						<label></label>
						<icon>osd_menu_rec.png</icon>
						<onclick>PlayerControl(record)</onclick>
					</item>
					<item id="9">
						<!-- repeat -->
						<label></label>
						<icon>$VAR[button_repeat]</icon>
						<onclick>PlayerControl(Repeat)</onclick>
					</item>
					<item id="10">
						<!-- random -->
						<label></label>
						<icon>$VAR[button_random]</icon>
						<onclick>PlayerControl(Random)</onclick>
					</item>
				</content>
			</control>
			<control type="group">
			<visible>Player.HasMedia</visible>
			<animation effect="slide" start="0,0" end="-110,0" time="0" tween="sine" easing="out" condition="Player.HasVideo">Conditional</animation>
				<control type="image">
					<!-- Reflexo -->
					<left>0</left>
					<top>752</top>
					<width>750</width>
					<height>550</height>
					<fadetime>commonfadetime</fadetime>
					<aspectratio align="right" aligny="top">keep</aspectratio>
					<texture flipy="true" fallback="black.png" diffuse="thumb_reflect.png" background="true">$VAR[playerposter]</texture>
					<bordertexture flipy="true" diffuse="thumb_reflect.png" border="-2">black.png</bordertexture>
				</control>
				<control type="image">
					<!-- Miniatura -->
					<left>0</left>
					<top>195</top>
					<width>750</width>
					<height>550</height>
					<fadetime>commonfadetime</fadetime>
					<aspectratio align="right" aligny="bottom">keep</aspectratio>
					<texture fallback="black.png" background="true">$VAR[playerposter]</texture>
					<bordertexture border="-2">black.png</bordertexture>
				</control>				
			</control>
			<control type="group">
			<visible>Player.HasVideo</visible>
				<control type="image">
					<left>672</left>
					<top>195</top>
					<width>978</width>
					<height>550</height>
					<texture colordiffuse="c3ffffff">black.png</texture>
					<bordertexture border="-2">black.png</bordertexture>
				</control>
				<control type="videowindow" id="8">
					<left>672</left>
					<top>195</top>
					<width>978</width>
					<height>550</height>
					<aspectratio>stretch</aspectratio>
					<animation effect="slide" start="0,0" end="-3000,0" time="0" tween="sine" easing="out" >WindowClose</animation>
				</control>
				<!-- Titulo -->
				<control type="label">				
					<left>271</left>
					<top>95</top>
					<width>825</width>
					<height>45</height>				
					<align>left</align>
					<aligny>center</aligny>
					<label>$VAR[playertitle]</label>
					<font>font_titlesettings</font>				
					<textcolor>$INFO[skin.string(colorheader)]</textcolor>
					<scroll>true</scroll>
				</control>
				<!-- Subtitulo -->
				<control type="label">				
					<left>271</left>
					<top>135</top>
					<width>825</width>
					<height>45</height>
					<align>left</align>
					<aligny>center</aligny>
					<label>$VAR[playersubtitle]</label>
					<font>font_plot</font>
					<textcolor>fff8f8f8</textcolor>				
					<scroll>true</scroll>
				</control>
				<control type="fadelabel">
					<left>795</left>
					<top>300</top>
					<width>825</width>
					<height>45</height>
					<align>left</align>
					<aligny>center</aligny>
					<label>$VAR[playergenre]</label>
					<font>font_plot</font>
					<textcolor>fff8f8f8</textcolor>				
					<scroll>true</scroll>
					<visible>Player.HasAudio</visible>
				</control>
				<control type="label">
					<left>547,5</left>
					<top>810</top>
					<width>825</width>
					<height>45</height>
					<align>center</align>
					<aligny>center</aligny>
					<font>font_plot</font>
					<textcolor>fff8f8f8</textcolor>
					<label>$VAR[playerduration]</label>
				</control>
				<!-- Barra de cache -->
				<control type="progress">
					<left>547,5</left>
					<top>790</top>
					<width>825</width>
					<height>8</height>
					<info>Player.ProgressCache</info>
					<midtexture>progress_mid.png</midtexture>
					<colordiffuse>$INFO[skin.string(colorheader)]</colordiffuse>
				</control>
				<!-- Barra de progresso -->
				<control type="progress">
					<left>547,5</left>
					<top>790</top>
					<width>825</width>
					<height>8</height>
					<info>Player.Progress</info>
				</control>
			</control>
			<control type="group">
				<visible>Player.HasAudio</visible>
				<control type="label">
					<!-- Titulo -->
					<left>795</left>
					<top>195</top>
					<height>45</height>
					<width>825</width>
					<align>left</align>
					<aligny>center</aligny>
					<font>font_titlesettings</font>
					<label>$VAR[playertitle]</label>
					<textcolor>$INFO[skin.string(colorheader)]</textcolor>
					<scroll>true</scroll>
				</control>
				<control type="label">
					<!-- Subtitulo -->
					<left>795</left>
					<top>240</top>
					<width>825</width>
					<height>45</height>
					<align>left</align>
					<aligny>center</aligny>
					<font>font_plot</font>
					<textcolor>FFF8F8F8</textcolor>
					<label>$VAR[playersubtitle]</label>
					<scroll>true</scroll>
				</control>
				<control type="fadelabel">
					<left>795</left>
					<top>300</top>
					<width>825</width>
					<height>45</height>
					<align>left</align>
					<aligny>center</aligny>
					<font>font_plot</font>
					<textcolor>FFF8F8F8</textcolor>
					<label>$VAR[playergenre]</label>
					<scroll>true</scroll>
				</control>
				<control type="label">
					<left>795</left>
					<top>330</top>
					<width>825</width>
					<height>45</height>
					<align>left</align>
					<aligny>center</aligny>
					<font>font_plot</font>
					<textcolor>FFF8F8F8</textcolor>
					<label>$VAR[playerduration]</label>
				</control>
				<!-- Barra de cache -->
				<control type="progress">
					<left>795</left>
					<top>375</top>
					<width>825</width>
					<height>8</height>
					<info>Player.ProgressCache</info>
					<midtexture>progress_mid.png</midtexture>
					<colordiffuse>$INFO[skin.string(colorheader)]</colordiffuse>
				</control>
				<!-- Barra de progresso -->
				<control type="progress">
					<left>795</left>
					<top>375</top>
					<width>825</width>
					<height>8</height>
					<info>Player.Progress</info>
				</control>
				<control type="textbox">
					<!-- Plot -->
					<left>795</left>
					<top>390</top>
					<width>825</width>
					<height>255</height>
					<align>justify</align>
					<font>font_plot</font>
					<textcolor>FFF8F8F8</textcolor>
					<label>$VAR[playerplot]</label>
					<autoscroll delay="20000" time="3000" repeat="20000">!Skin.HasSetting(noallowscroll)</autoscroll>
				</control>
			</control>
			<!-- Proximas faixas -->
			<control type="group">
			<top>450</top>
				<visible>![String.IsEmpty(MusicPlayer.offset(1).Artist) | Skin.HasSetting(home_nonexttracks)]</visible>
				<control type="label">
					<left>52</left>
					<top>380</top>
					<width>600</width>
					<height>25</height>
					<align>left</align>
					<font>font_button</font>
					<textcolor>$INFO[skin.string(colorheader)]</textcolor>
					<label>$LOCALIZE[31325] [COLOR=$INFO[skin.string(colortextlist)]]($INFO[Container(703).NumItems] $LOCALIZE[31126])[/COLOR]</label>
				</control>
				<control type="image">
					<left>50</left>
					<top>417</top>
					<width>1820</width>
					<height>60</height>
					<texture>$VAR[texture_base]</texture>
					<colordiffuse>$INFO[skin.string(colortexture)]</colordiffuse>
					<animation effect="fade" end="65" condition="true">Conditional</animation>
				</control>
				<control type="panel" id="703">
					<left>52</left>
					<top>417</top>
					<width>1820</width>
					<height>65</height>
					<onup>100</onup>
					<orientation>horizontal</orientation>
					<pagecontrol></pagecontrol>
					<include>animation_homefade</include>
					<itemlayout width="304" height="60">
						<control type="image">
							<left>0</left>
							<top>0</top>
							<width>60</width>
							<height>60</height>
							<aspectratio align="center">stretch</aspectratio>
							<texture fallback="DefaultAudioCover.png">$INFO[ListItem.Icon]</texture>
						</control>
						<control type="label">
							<left>70</left>
							<top>5</top>
							<width>220</width>
							<height>24</height>
							<align>left</align>
							<font>font_plot</font>
							<label>$INFO[ListItem.Label]</label>
						</control>
						<control type="label">
							<left>70</left>
							<top>29</top>
							<width>220</width>
							<height>30</height>
							<align>left</align>
							<font>font_plotsmall</font>
							<label>$INFO[ListItem.Label2]</label>
						</control>
					</itemlayout>
					<focusedlayout width="304" height="60">
						<control type="image">
							<left>60</left>
							<top>0</top>
							<width>240</width>
							<height>60</height>
							<texture>grey.png</texture>
							<include>animation_fade</include>
						</control>
						<control type="image">
							<left>0</left>
							<top>0</top>
							<width>60</width>
							<height>60</height>
							<aspectratio align="center">stretch</aspectratio>
							<texture fallback="DefaultAudioCover.png">$INFO[ListItem.Icon]</texture>
						</control>
						<control type="label">
							<left>70</left>
							<top>5</top>
							<width>220</width>
							<height>24</height>
							<align>left</align>
							<font>font_plot</font>
							<textcolor>E0101010</textcolor>
							<label>$INFO[ListItem.Label]</label>
						</control>
						<control type="label">
							<left>70</left>
							<top>29</top>
							<width>220</width>
							<height>30</height>
							<align>left</align>
							<font>font_plotsmall</font>
							<textcolor>E0101010</textcolor>
							<label>$INFO[ListItem.Label2]</label>
						</control>
					</focusedlayout>
					<include>nexttracks_content</include>
				</control>
			</control>
		</control>
	</controls>
</window>
