<?xml version="1.0" encoding="UTF-8"?>
<window id="5100">
	<!-- KBK Multimedia Center -->
	<defaultcontrol>5110</defaultcontrol>
	<coordinates>
		<system>1</system>
		<left>0</left>
		<top>0</top>
	</coordinates>
	<controls>
		<control type="image">
			<left>0</left>
			<top>0</top>
			<width>1920</width>
			<height>1080</height>
			<texture>black.png</texture>
			<colordiffuse>C3FFFFFF</colordiffuse>
			<include>animation_fade</include>
		</control>
		<control type="group">
			<left>615</left>
			<top>120</top>
			<include>animation_dialogpopup</include>
			<control type="image">
				<left>0</left>
				<top>45</top>
				<width>681</width>
				<height>58</height>
				<texture>gradient_focus.png</texture>
				<colordiffuse>$INFO[skin.string(colorheader)]</colordiffuse>
			</control>
			<control type="image">
				<left>0</left>
				<top>0</top>
				<width>681</width>
				<height>58</height>
				<texture>dialogs_context_nofocus.png</texture>
				<colordiffuse>F9FFFFFF</colordiffuse>
			</control>
			<control type="label">
				<left>120</left>
				<top>12</top>
				<width>450</width>
				<height>60</height>
				<align>center</align>
				<label>31178</label>
				<font>font_header</font>
				<textcolor>$INFO[skin.string(colorheader)]</textcolor>
			</control>
			<control type="image">
				<!-- background image -->
				<left>0</left>
				<top>0</top>
				<width>684</width>
				<height>1080</height>
				<texture></texture>
			</control>
			<control type="image">
				<!-- top image -->
				<left>-3</left>
				<top>34</top>
				<width>694</width>
				<height>40</height>
				<texture></texture>
			</control>
			<control type="image">
				<!-- bottom image -->
				<left>-3</left>
				<top>0</top>
				<width>694</width>
				<height>40</height>
				<texture></texture>
			</control>
			<control type="grouplist" id="996">
				<left>0</left>
				<top>75</top>
				<width>681</width>
				<height max="1005">auto</height>
				<itemgap>0</itemgap>
				<onleft>Close</onleft>
				<onright>Close</onright>
				<control type="button" id="5110">
					<!-- import games -->
					<include>DialogContext_Button</include>
					<label>31777</label>
				</control>
				<control type="button" id="5121">
					<!-- rescrape game -->
					<include>DialogContext_Button</include>
					<label>31930</label>
				</control>
				<control type="button" id="5122">
					<!-- rescrape selection -->
					<include>DialogContext_Button</include>
					<label>31931</label>
				</control>
				<control type="button" id="5111">
					<!-- add rom collection -->
					<include>DialogContext_Button</include>
					<label>31778</label>
				</control>
				<control type="button" id="5112">
					<!-- edit rom collection -->
					<include>DialogContext_Button</include>
					<label>31779</label>
					<onclick>PlayerControl(stop)</onclick>
				</control>
				<control type="button" id="5117">
					<!-- edit offline scraper -->
					<include>DialogContext_Button</include>
					<label>31780</label>
				</control>
				<control type="button" id="5113">
					<!-- edit command -->
					<include>DialogContext_Button</include>
					<label>31781</label>
				</control>
				<control type="button" id="5118">
					<!-- game as favorite -->
					<include>DialogContext_Button</include>
					<label>31782</label>
				</control>
				<control type="button" id="5119">
					<!-- selection as favorite -->
					<include>DialogContext_Button</include>
					<label>31783</label>
				</control>
				<control type="button" id="5120">
					<!-- export nfo files -->
					<include>DialogContext_Button</include>
					<label>31932</label>
				</control>
				<control type="button" id="5114">
					<!-- delete rom -->
					<include>DialogContext_Button</include>
					<label>31784</label>
				</control>
				<control type="button" id="5115">
					<!-- delete rom collection -->
					<include>DialogContext_Button</include>
					<label>31785</label>
				</control>
				<control type="button" id="5116">
					<!-- clean database -->
					<include>DialogContext_Button</include>
					<label>31786</label>
				</control>
				<control type="button" id="5223">
					<!-- open settings -->
					<include>DialogContext_Button</include>
					<label>31933</label>
				</control>
			</control>
		</control>
	</controls>
</window>
