<?xml version="1.0" encoding="UTF-8"?>
<window>
	<!-- KBK Multimedia Center -->
	<defaultcontrol always="true">149</defaultcontrol>
	<onload>Skin.SetString(sextendcast_list,150)</onload>
	<controls>
		<control type="group">
			<!-- default group -->
			<include>animation_window</include>
			<control type="image">
				<left>0</left>
				<top>0</top>
				<width>1920</width>
				<height>1080</height>
				<texture>black.png</texture>
			</control>
			<control type="multiimage">
				<!-- Multi Fanart -->
				<include>backgroundspecs_multi</include>
				<aspectratio>keep</aspectratio>
				<imagepath background="true">$INFO[Container(750).ListItem.Icon]</imagepath>
			</control>
			<include>background_live</include>
			<control type="image">
				<left>0</left>
				<top>0</top>
				<width>1920</width>
				<height>1080</height>
				<texture>black.png</texture>
				<colordiffuse>A5FFFFFF</colordiffuse>
				<include>animation_fade</include>
			</control>
			<control type="image">
				<left>0</left>
				<top>0</top>
				<height>225</height>
				<width>1920</width>
				<texture flipy="true">shadow_mask.png</texture>
				<colordiffuse>75000000</colordiffuse>
			</control>
			<control type="label">
				<!-- Title -->
				<left>45</left>
				<top>12</top>
				<width>1650</width>
				<height>60</height>
				<font>font_title</font>
				<label>$INFO[Window.Property(Title)]</label>
				<scroll>true</scroll>
			</control>
			<control type="label">
				<left>45</left>
				<top>75</top>
				<width>1650</width>
				<height>38</height>
				<font>font_subtitle</font>
				<label>$INFO[Window.Property(AlsoKnownAs)]</label>
				<scroll>true</scroll>
			</control>
			<control type="image">
				<left>0</left>
				<top>120</top>
				<width>1920</width>
				<height>579</height>
				<texture>$VAR[texture_base]</texture>
				<colordiffuse>$INFO[skin.string(colortexture)]</colordiffuse>
				<include>animation_defaultglass</include>
			</control>
			<control type="image">
				<left>0</left>
				<top>0</top>
				<width>1920</width>
				<height>120</height>
				<texture>gradient_small.png</texture>
				<colordiffuse>80FFFAF0</colordiffuse>
			</control>
			<control type="label">
				<!-- Nascido -->
				<left>330</left>
				<top>120</top>
				<height>60</height>
				<width>200</width>
				<align>left</align>
				<aligny>center</aligny>
				<font>font_list</font>
				<label>$INFO[Window.Property(Birthday)]</label>
				<textcolor>FFF8F8F8</textcolor>
			</control>
			<control type="label">
				<!-- Idade -->
				<left>330</left>
				<top>154</top>
				<height>60</height>
				<width>735</width>
				<align>left</align>
				<aligny>center</aligny>
				<font>font_plot</font>
				<label>$INFO[Window.Property(Age), ($LOCALIZE[31430])]</label>
				<scroll>true</scroll>
				<scrollout>false</scrollout>
			</control>
			<control type="list" id="49">
				<!-- Lista de botoes/info -->
				<left>30</left>
				<top>218</top>
				<width>1110</width>
				<height>495</height>
				<onleft>149</onleft>
				<onright>149</onright>
				<onup>149</onup>
				<ondown>149</ondown>
				<itemgap>0</itemgap>
				<pagecontrol></pagecontrol>
				<scrolltime>200</scrolltime>
				<itemlayout height="30">
					<control type="label">
						<left>-42</left>
						<top>0</top>
						<width>300</width>
						<height>30</height>
						<align>right</align>
						<aligny>center</aligny>
						<font>font_plot</font>
						<textcolor>$INFO[skin.string(colorheader)]</textcolor>
						<selectedcolor>$INFO[skin.string(colorheader)]</selectedcolor>
						<label>$INFO[ListItem.Label]</label>
						<scroll>true</scroll>
					</control>
					<control type="label">
						<left>300</left>
						<top>0</top>
						<width>735</width>
						<height>30</height>
						<align>left</align>
						<aligny>center</aligny>
						<font>font_plot</font>
						<selectedcolor>E0101010</selectedcolor>
						<label>$INFO[ListItem.Label2]</label>
						<scroll>true</scroll>
					</control>
				</itemlayout>
				<focusedlayout height="30">
					<control type="image">
						<left>285</left>
						<top>0</top>
						<width>765</width>
						<height>30</height>
						<texture>grey.png</texture>
						<visible>Control.HasFocus(49)</visible>
					</control>
					<control type="label">
						<left>-42</left>
						<top>0</top>
						<width>300</width>
						<height>30</height>
						<align>right</align>
						<aligny>center</aligny>
						<font>font_plot</font>
						<textcolor>$INFO[skin.string(colorheader)]</textcolor>
						<selectedcolor>$INFO[skin.string(colorheader)]</selectedcolor>
						<label>$INFO[ListItem.Label]</label>
					</control>
					<control type="label">
						<left>300</left>
						<top>0</top>
						<width>735</width>
						<height>30</height>
						<align>left</align>
						<aligny>center</aligny>
						<font>font_plot</font>
						<selectedcolor>$INFO[skin.string(colorheader)]</selectedcolor>
						<label>$INFO[ListItem.Label2]</label>
						<visible>!Control.HasFocus(49)</visible>
					</control>
					<control type="label">
						<left>300</left>
						<top>0</top>
						<width>735</width>
						<height>30</height>
						<align>left</align>
						<aligny>center</aligny>
						<font>font_plot</font>
						<textcolor>E0101010</textcolor>
						<selectedcolor>$INFO[skin.string(colorheader)]</selectedcolor>
						<label>$INFO[ListItem.Label2]</label>
						<visible>Control.HasFocus(49)</visible>
					</control>
				</focusedlayout>
				<content>
					<item>
						<label>31428</label>
						<!-- AlsoKnownAs -->
						<label2>$INFO[Window.Property(AlsoKnownAs)]</label2>
						<onclick></onclick>
						<visible>!String.IsEmpty(Window.Property(AlsoKnownAs))</visible>
					</item>
					<item>
						<label>31431</label>
						<!-- Deathday -->
						<label2>$INFO[Window.Property(Deathday)]</label2>
						<onclick></onclick>
						<visible>!String.IsEmpty(Window.Property(Deathday))</visible>
					</item>
					<item>
						<label>31432</label>
						<!-- Place Of Birth -->
						<label2>$INFO[Window.Property(PlaceOfBirth)]</label2>
						<onclick></onclick>
						<visible>!String.IsEmpty(Window.Property(PlaceOfBirth))</visible>
					</item>
					<item>
						<label>31433</label>
						<!-- Filmography -->
						<label2>$INFO[Container(150).NumItems]</label2>
						<onclick></onclick>
					</item>
				</content>
			</control>
			<control type="image">
				<left>308</left>
				<top>120</top>
				<height>345</height>
				<width>3</width>
				<texture>separator_v.png</texture>
			</control>
			<control type="image">
				<left>0</left>
				<top>204</top>
				<height>3</height>
				<width>1080</width>
				<texture>separator.png</texture>
			</control>
			<control type="image">
				<left>0</left>
				<top>465</top>
				<height>3</height>
				<width>1480</width>
				<texture>separator.png</texture>
			</control>
			<control type="textbox">
				<!-- Plot -->
				<left>45</left>
				<top>480</top>
				<width>1402</width>
				<height>200</height>
				<align>justify</align>
				<font>font_plot</font>
				<label>$INFO[Window.Property(Biography)]</label>
				<autoscroll delay="15000" time="5000" repeat="15000">!Skin.HasSetting(noinfoplotscroll)</autoscroll>
			</control>
			<control type="image">
				<left>1080</left>
				<top>120</top>
				<width>3</width>
				<height>345</height>
				<texture>separator_v.png</texture>
				<visible>!Container.Content(episodes)</visible>
			</control>
			<control type="image">
				<!-- Thumb -->
				<left>1480</left>
				<top>123</top>
				<width>784</width>
				<height>573</height>
				<aspectratio align="left">keep</aspectratio>
				<texture background="true">$INFO[Window.Property(Thumb)]</texture>
				<bordertexture border="-2">black.png</bordertexture>
			</control>
			<control type="image">
				<left>1479</left>
				<top>120</top>
				<width>3</width>
				<height>576</height>
				<texture>separator_v.png</texture>
			</control>
			<control type="image">
				<left>0</left>
				<top>120</top>
				<height>3</height>
				<width>1920</width>
				<texture>separator.png</texture>
			</control>
			<control type="image">
				<!-- Fundo do rodape -->
				<left>0</left>
				<top>975</top>
				<width>1920</width>
				<height>105</height>
				<texture>shadow_mask.png</texture>
				<colordiffuse>$INFO[skin.string(colorfloor)]</colordiffuse>
			</control>
			<control type="image">
				<left>0</left>
				<top>741</top>
				<height>279</height>
				<width>1920</width>
				<texture>$VAR[texture_base]</texture>
				<colordiffuse>$INFO[skin.string(colortexture)]</colordiffuse>
				<include>animation_defaultglass</include>
			</control>
			<control type="group">
				<!-- Nome do Elenco -->
				<left>0</left>
				<top>1034</top>
				<animation effect="slide" start="0,450" end="0,0" time="500" tween="sine" easing="out">WindowOpen</animation>
				<animation effect="slide" start="0,450" end="0,0" time="500" tween="sine" easing="out">Visible</animation>
				<animation effect="slide" start="0,0" end="0,450" time="500" tween="sine" easing="in">Hidden</animation>
				<visible>ControlGroup(9000).HasFocus</visible>
				<control type="label">
					<left>45</left>
					<top>0</top>
					<width>600</width>
					<height>40</height>
					<align>left</align>
					<aligny>center</aligny>
					<font>font_button</font>
					<label>$VAR[videoinfo_subcastlabel]</label>
					<textcolor>$INFO[skin.string(colorflags)]</textcolor>
				</control>
				<control type="label">
					<left>472</left>
					<top>0</top>
					<width>975</width>
					<align>center</align>
					<aligny>center</aligny>
					<font>font_list</font>
					<label>$VAR[videoinfo_exfloorcastlabel]</label>
					<textcolor>$INFO[skin.string(colorflags)]</textcolor>
					<scroll>true</scroll>
				</control>
			</control>
			<control type="image">
				<left>0</left>
				<top>1020</top>
				<height>64</height>
				<width>1920</width>
				<texture>gradient_small.png</texture>
			</control>
			<control type="image">
				<!-- Cast -->
				<left>0</left>
				<top>1018</top>
				<width>1928</width>
				<height>45</height>
				<texture flipy="true">shadow_h.png</texture>
				<colordiffuse>C3FFFFFF</colordiffuse>
			</control>
			<control type="image">
				<left>0</left>
				<top>741</top>
				<height>279</height>
				<width>1920</width>
				<texture>$VAR[texture_base]</texture>
				<colordiffuse>$INFO[skin.string(colortexture)]</colordiffuse>
				<include>animation_defaultglass</include>
			</control>
			<control type="group" id="9000">
				<control type="list" id="150">
					<!-- Filmografia -->
					<animation effect="fade" reversible="true" time="300">VisibleChange</animation>
					<visible>String.IsEqual(skin.string(sextendcast_list),150)</visible>
					<viewtype label="List">List Info</viewtype>
					<left>45</left>
					<top>738</top>
					<width>1830</width>
					<height>330</height>
					<onup>149</onup>
					<ondown>Skin.Reset(coverzoom)</ondown>
					<ondown>SetFocus(160)</ondown>
					<ondown>Skin.SetBool(artistzoom)</ondown>
					<orientation>horizontal</orientation>
					<scrolltime>400</scrolltime>
					<focusposition>3</focusposition>
					<itemlayout height="255" width="272">
						<control type="image">
							<left>0</left>
							<top>8</top>
							<width>195</width>
							<height>270</height>
							<aligny>center</aligny>
							<align>center</align>
							<aspectratio>keep</aspectratio>
							<texture fallback="DefaultVideoPoster.png" background="true">$INFO[ListItem.Icon]</texture>
							<bordertexture border="-2">black.png</bordertexture>
							<colordiffuse>FF909090</colordiffuse>
						</control>
					</itemlayout>
					<focusedlayout height="255" width="272">
						<control type="image">
							<left>0</left>
							<top>8</top>
							<width>195</width>
							<height>270</height>
							<aligny>center</aligny>
							<align>center</align>
							<aspectratio>keep</aspectratio>
							<texture fallback="DefaultVideoPoster.png" background="true">$INFO[ListItem.Icon]</texture>
							<bordertexture border="-2">black.png</bordertexture>
							<colordiffuse>FF909090</colordiffuse>
							<include>animation_fade</include>
							<visible>!Control.HasFocus(150)</visible>
						</control>
						<control type="image">
							<left>0</left>
							<top>8</top>
							<width>195</width>
							<height>270</height>
							<aligny>center</aligny>
							<align>center</align>
							<aspectratio>keep</aspectratio>
							<texture fallback="DefaultVideoPoster.png" background="true">$INFO[ListItem.Icon]</texture>
							<bordertexture border="-2">grey.png</bordertexture>
							<include>animation_fade</include>
							<visible>Control.HasFocus(150)</visible>
						</control>
					</focusedlayout>
				</control>
				<control type="list" id="250">
					<!-- Participacao especial -->
					<animation effect="fade" reversible="true" time="300">VisibleChange</animation>
					<visible>String.IsEqual(skin.string(sextendcast_list),250)</visible>
					<viewtype label="List">List Info</viewtype>
					<left>45</left>
					<top>738</top>
					<width>1830</width>
					<height>330</height>
					<onup>149</onup>
					<ondown>Skin.Reset(coverzoom)</ondown>
					<ondown>SetFocus(160)</ondown>
					<ondown>Skin.SetBool(artistzoom)</ondown>
					<orientation>horizontal</orientation>
					<scrolltime>400</scrolltime>
					<focusposition>3</focusposition>
					<itemlayout height="255" width="272">
						<control type="image">
							<left>0</left>
							<top>8</top>
							<width>195</width>
							<height>270</height>
							<aligny>center</aligny>
							<align>center</align>
							<aspectratio>keep</aspectratio>
							<texture fallback="DefaultVideoPoster.png" background="true">$INFO[ListItem.Icon]</texture>
							<bordertexture border="-2">black.png</bordertexture>
							<colordiffuse>FF909090</colordiffuse>
						</control>
					</itemlayout>
					<focusedlayout height="255" width="272">
						<control type="image">
							<left>0</left>
							<top>8</top>
							<width>195</width>
							<height>270</height>
							<aligny>center</aligny>
							<align>center</align>
							<aspectratio>keep</aspectratio>
							<texture fallback="DefaultVideoPoster.png" background="true">$INFO[ListItem.Icon]</texture>
							<bordertexture border="-2">black.png</bordertexture>
							<colordiffuse>FF909090</colordiffuse>
							<include>animation_fade</include>
							<visible>!Control.HasFocus(250)</visible>
						</control>
						<control type="image">
							<left>0</left>
							<top>8</top>
							<width>195</width>
							<height>270</height>
							<aligny>center</aligny>
							<align>center</align>
							<aspectratio>keep</aspectratio>
							<texture fallback="DefaultVideoPoster.png" background="true">$INFO[ListItem.Icon]</texture>
							<bordertexture border="-2">grey.png</bordertexture>
							<include>animation_fade</include>
							<visible>Control.HasFocus(250)</visible>
						</control>
					</focusedlayout>
				</control>
				<control type="list" id="350">
					<!-- Videos -->
					<animation effect="fade" reversible="true" time="300">VisibleChange</animation>
					<visible>String.IsEqual(skin.string(sextendcast_list),350)</visible>
					<viewtype label="List">List Info</viewtype>
					<left>36</left>
					<top>738</top>
					<width>1830</width>
					<height>330</height>
					<onup>149</onup>
					<orientation>horizontal</orientation>
					<scrolltime>400</scrolltime>
					<focusposition>3</focusposition>
					<itemlayout height="255" width="442">
						<control type="image">
							<left>0</left>
							<top>8</top>
							<width>525</width>
							<height>270</height>
							<aligny>center</aligny>
							<align>center</align>
							<aspectratio>keep</aspectratio>
							<texture fallback="DefaultVideoPoster.png" background="true">$INFO[ListItem.Icon]</texture>
							<bordertexture border="-2">black.png</bordertexture>
							<colordiffuse>FF909090</colordiffuse>
						</control>
					</itemlayout>
					<focusedlayout height="255" width="442">
						<control type="image">
							<left>0</left>
							<top>8</top>
							<width>525</width>
							<height>270</height>
							<aligny>center</aligny>
							<align>center</align>
							<aspectratio>keep</aspectratio>
							<texture fallback="DefaultVideoPoster.png" background="true">$INFO[ListItem.Icon]</texture>
							<bordertexture border="-2">black.png</bordertexture>
							<colordiffuse>FF909090</colordiffuse>
							<include>animation_fade</include>
							<visible>!Control.HasFocus(350)</visible>
						</control>
						<control type="image">
							<left>0</left>
							<top>8</top>
							<width>525</width>
							<height>270</height>
							<aligny>center</aligny>
							<align>center</align>
							<aspectratio>keep</aspectratio>
							<texture fallback="DefaultVideoPoster.png" background="true">$INFO[ListItem.Icon]</texture>
							<bordertexture border="-2">grey.png</bordertexture>
							<include>animation_fade</include>
							<visible>Control.HasFocus(350)</visible>
						</control>
					</focusedlayout>
				</control>
				<control type="list" id="450">
					<!-- Imagens do ator -->
					<visible>String.IsEqual(skin.string(sextendcast_list),450)</visible>
					<viewtype label="List">List Info</viewtype>
					<left>45</left>
					<top>738</top>
					<width>1830</width>
					<height>330</height>
					<onup>149</onup>
					<ondown>Skin.Reset(coverzoom)</ondown>
					<ondown>SetFocus(160)</ondown>
					<ondown>Skin.SetBool(artistzoom)</ondown>
					<orientation>horizontal</orientation>
					<scrolltime>400</scrolltime>
					<focusposition>3</focusposition>
					<itemlayout height="255" width="272">
						<control type="image">
							<left>0</left>
							<top>8</top>
							<width>195</width>
							<height>270</height>
							<aligny>center</aligny>
							<align>center</align>
							<aspectratio>keep</aspectratio>
							<texture fallback="DefaultVideoPoster.png" background="true">$INFO[ListItem.Icon]</texture>
							<bordertexture border="-2">black.png</bordertexture>
							<colordiffuse>FF909090</colordiffuse>
						</control>
					</itemlayout>
					<focusedlayout height="255" width="272">
						<control type="image">
							<left>0</left>
							<top>8</top>
							<width>195</width>
							<height>270</height>
							<aligny>center</aligny>
							<align>center</align>
							<aspectratio>keep</aspectratio>
							<texture fallback="DefaultVideoPoster.png" background="true">$INFO[ListItem.Icon]</texture>
							<bordertexture border="-2">black.png</bordertexture>
							<colordiffuse>FF909090</colordiffuse>
							<include>animation_fade</include>
							<visible>!Control.HasFocus(450)</visible>
						</control>
						<control type="image">
							<left>0</left>
							<top>8</top>
							<width>195</width>
							<height>270</height>
							<aligny>center</aligny>
							<align>center</align>
							<aspectratio>keep</aspectratio>
							<texture fallback="DefaultVideoPoster.png" background="true">$INFO[ListItem.Icon]</texture>
							<bordertexture border="-2">grey.png</bordertexture>
							<include>animation_fade</include>
							<visible>Control.HasFocus(450)</visible>
						</control>
					</focusedlayout>
				</control>
				<control type="list" id="750">
					<!-- Arte contextual -->
					<animation effect="fade" reversible="true" time="300">VisibleChange</animation>
					<visible>String.IsEqual(skin.string(sextendcast_list),750)</visible>
					<viewtype label="List">List Info</viewtype>
					<left>45</left>
					<top>738</top>
					<width>1830</width>
					<height>330</height>
					<onup>149</onup>
					<orientation>horizontal</orientation>
					<scrolltime>400</scrolltime>
					<focusposition>3</focusposition>
					<itemlayout height="255" width="645">
						<control type="image">
							<left>0</left>
							<top>8</top>
							<width>525</width>
							<height>270</height>
							<aligny>center</aligny>
							<align>center</align>
							<aspectratio>keep</aspectratio>
							<texture fallback="DefaultVideoPoster.png" background="true">$INFO[ListItem.Icon]</texture>
							<bordertexture border="-2">black.png</bordertexture>
							<colordiffuse>FF909090</colordiffuse>
						</control>
					</itemlayout>
					<focusedlayout height="255" width="645">
						<control type="image">
							<left>0</left>
							<top>8</top>
							<width>525</width>
							<height>270</height>
							<aligny>center</aligny>
							<align>center</align>
							<aspectratio>keep</aspectratio>
							<texture fallback="DefaultVideoPoster.png" background="true">$INFO[ListItem.Icon]</texture>
							<bordertexture border="-2">black.png</bordertexture>
							<colordiffuse>FF909090</colordiffuse>
							<include>animation_fade</include>
							<visible>!Control.HasFocus(750)</visible>
						</control>
						<control type="image">
							<left>0</left>
							<top>8</top>
							<width>525</width>
							<height>270</height>
							<aligny>center</aligny>
							<align>center</align>
							<aspectratio>keep</aspectratio>
							<texture fallback="DefaultVideoPoster.png" background="true">$INFO[ListItem.Icon]</texture>
							<bordertexture border="-2">grey.png</bordertexture>
							<include>animation_fade</include>
							<visible>Control.HasFocus(750)</visible>
						</control>
					</focusedlayout>
				</control>
			</control>
			<control type="group">
				<!-- Menu bar -->
				<left>0</left>
				<top>698</top>
				<control type="image">
					<left>0</left>
					<top>-45</top>
					<width>1928</width>
					<height>45</height>
					<texture>shadow_h.png</texture>
					<colordiffuse>C3FFFFFF</colordiffuse>
				</control>
				<control type="image">
					<left>0</left>
					<top>44</top>
					<width>1928</width>
					<height>45</height>
					<texture flipy="true">shadow_h.png</texture>
					<colordiffuse>C3FFFFFF</colordiffuse>
				</control>
				<control type="image">
					<left>0</left>
					<top>0</top>
					<width>1920</width>
					<height>45</height>
					<texture>$VAR[texture_base]</texture>
					<colordiffuse>$INFO[skin.string(colortexture)]</colordiffuse>
					<include>animation_defaultglass2</include>
				</control>
				<control type="list" id="149">
					<left>0</left>
					<top>4</top>
					<width>1920</width>
					<height>38</height>
					<onup>Skin.Reset(artistzoom)</onup>
					<onup>Skin.SetBool(coverzoom)</onup>
					<onup>SetFocus(160)</onup>
					<ondown>SetFocus(9000,1)</ondown>
					<orientation>horizontal</orientation>
					<pagecontrol></pagecontrol>
					<scrolltime>300</scrolltime>
					<focusposition>3</focusposition>
					<itemlayout height="38" width="274">
						<control type="image">
							<left>0</left>
							<top>0</top>
							<width>1</width>
							<height>38</height>
							<texture>separator_v.png</texture>
						</control>
						<control type="label">
							<left>15</left>
							<top>1</top>
							<height>38</height>
							<width>243</width>
							<align>center</align>
							<aligny>center</aligny>
							<font>font_button</font>
							<label>[UPPERCASE]$INFO[ListItem.Label][/UPPERCASE]</label>
							<textcolor>80FFFAF0</textcolor>
						</control>
					</itemlayout>
					<focusedlayout height="38" width="274">
						<control type="image">
							<left>0</left>
							<top>-2</top>
							<width>273</width>
							<height>40</height>
							<texture>grey.png</texture>
							<visible>Control.Hasfocus(149)</visible>
						</control>
						<control type="image">
							<left>0</left>
							<top>0</top>
							<width>1</width>
							<height>38</height>
							<texture>separator_v.png</texture>
						</control>
						<control type="label">
							<left>15</left>
							<top>1</top>
							<height>38</height>
							<width>243</width>
							<align>center</align>
							<aligny>center</aligny>
							<font>font_button</font>
							<label>[UPPERCASE]$INFO[ListItem.Label][/UPPERCASE]</label>
							<textcolor>E0101010</textcolor>
							<visible>Control.Hasfocus(149)</visible>
						</control>
						<control type="label">
							<left>15</left>
							<top>1</top>
							<height>38</height>
							<width>243</width>
							<align>center</align>
							<aligny>center</aligny>
							<font>font_button</font>
							<label>[UPPERCASE]$INFO[ListItem.Label][/UPPERCASE]</label>
							<textcolor>80FFFAF0</textcolor>
							<visible>!Control.Hasfocus(149)</visible>
						</control>
					</focusedlayout>
					<content>
						<item id="8">
							<!-- Filmografia -->
							<label>31433</label>
							<onclick>Skin.SetString(sextendcast_list,150)</onclick>
						</item>
						<item id="11">
							<!-- Videos -->
							<label>31001</label>
							<onclick>Skin.SetString(sextendcast_list,350)</onclick>
						</item>
						<item id="12">
							<!-- Imagens do ator -->
							<label>31008</label>
							<onclick>Skin.SetString(sextendcast_list,450)</onclick>
						</item>
						<item id="10">
							<!-- Arte contextual -->
							<label>31409</label>
							<onclick>Skin.SetString(sextendcast_list,750)</onclick>
						</item>
						<item id="13">
							<!-- Participacao especial -->
							<label>31417</label>
							<onclick>Skin.SetString(sextendcast_list,250)</onclick>
						</item>
					</content>
				</control>
				<control type="image">
					<left>0</left>
					<top>0</top>
					<width>1920</width>
					<height>45</height>
					<texture>gradient_small.png</texture>
				</control>
			</control>
			<control type="button" id="160">
				<include>invisible</include>
				<onup condition="Skin.HasSetting(artistzoom)">SetFocus(9000)</onup>
				<onup condition="Skin.HasSetting(coverzoom)">SetFocus(149)</onup>
				<ondown condition="Skin.HasSetting(artistzoom)">SetFocus(9000)</ondown>
				<ondown condition="Skin.HasSetting(coverzoom)">SetFocus(149)</ondown>
				<onleft condition="Skin.HasSetting(artistzoom)">SetFocus(9000)</onleft>
				<onleft condition="Skin.HasSetting(coverzoom)">SetFocus(149)</onleft>
				<onright condition="Skin.HasSetting(artistzoom)">SetFocus(9000)</onright>
				<onright condition="Skin.HasSetting(coverzoom)">SetFocus(149)</onright>
				<onclick></onclick>
			</control>
			<control type="image">
				<left>0</left>
				<top>0</top>
				<width>1920</width>
				<height>1080</height>
				<texture>$VAR[texture_base]</texture>
				<animation effect="fade" start="0" end="100" time="200">Visible</animation>
				<animation effect="fade" start="100" end="0" time="400">Hidden</animation>
				<visible>Control.HasFocus(160)</visible>
			</control>
			<control type="image">
				<left>0</left>
				<top>0</top>
				<width>1920</width>
				<height>1080</height>
				<texture>black.png</texture>
				<colordiffuse>A4303030</colordiffuse>
				<animation effect="fade" start="0" end="100" time="200">Visible</animation>
				<animation effect="fade" start="100" end="0" time="400">Hidden</animation>
				<visible>Control.HasFocus(160)</visible>
			</control>
			<control type="group">
				<left>-1920</left>
				<top>22</top>
				<animation effect="slide" start="0,0" end="1920,0" time="400" tween="cubic" easing="inout" condition="Control.HasFocus(160)">Conditional</animation>
				<animation effect="slide" start="0,0" end="0,-38" time="600" delay="1000" tween="cubic" easing="inout" condition="Control.HasFocus(160)">Conditional</animation>
				<control type="image">
					<left>600</left>
					<top>0</top>
					<width>720</width>
					<height>1050</height>
					<align>center</align>
					<texture>actor_border.png</texture>
					<animation effect="rotate" start="0,0" end="-2.0.0" center="auto" delay="1000" easing="out" tween="back" time="600" condition="Control.HasFocus(160)">Conditional</animation>
					<visible>Control.HasFocus(160)</visible>
				</control>
				<control type="image">
					<left>645</left>
					<top>48</top>
					<width>638</width>
					<height>960</height>
					<aspectratio>scale</aspectratio>
					<texture background="true">$VAR[videoinfo_exzoomcastposter]</texture>
				</control>
				<control type="image">
					<left>600</left>
					<top>0</top>
					<width>720</width>
					<height>1050</height>
					<align>center</align>
					<texture>actor_border.png</texture>
				</control>
			</control>
			<control type="group">
				<visible>Control.HasFocus(160)</visible>
				<animation effect="slide" start="0,0" end="0,-120" time="600" delay="1000" tween="cubic" easing="inout" condition="Control.HasFocus(160)">Conditional</animation>
				<control type="image">
					<left>0</left>
					<top>1140</top>
					<height>60</height>
					<width>1920</width>
					<texture>$VAR[texture_base]</texture>
					<colordiffuse>$INFO[skin.string(colortexture)]</colordiffuse>
					<include>animation_defaultglass2</include>
				</control>
				<control type="label">
					<left>0</left>
					<top>1140</top>
					<height>60</height>
					<width>1920</width>
					<align>center</align>
					<aligny>center</aligny>
					<label>$VAR[videoinfo_exzoomcastlabel]</label>
					<font>font_list</font>
					<textcolor>FFF8F8F8</textcolor>
					<scroll>true</scroll>
				</control>
				<control type="image">
					<left>0</left>
					<top>1140</top>
					<height>60</height>
					<width>1920</width>
					<texture>gradient_small.png</texture>
				</control>
			</control>
			<include>background_black</include>
		</control>
	</controls>
</window>
