<?xml version="1.0" encoding="UTF-8"?>
<window>
	<!-- KBK Multimedia Center -->
	<defaultcontrol always="true">3000</defaultcontrol>
	<controls>
		<control type="group">
			<!-- default group -->
			<include>animation_window</include>
			<control type="image">
				<left>0</left>
				<top>0</top>
				<width>1920</width>
				<height>1080</height>
				<texture>black.png</texture>
			</control>
			<control type="multiimage">
				<!-- Fanart -->
				<left>0</left>
				<top>0</top>
				<width>1920</width>
				<height>1080</height>
				<aspectratio>keep</aspectratio>
				<imagepath background="true">$VAR[defaultgamesfanart]</imagepath>
			</control>
			<control type="multiimage">
				<!-- Fanart -->
				<left>0</left>
				<top>0</top>
				<width>1920</width>
				<height>1080</height>
				<aspectratio>keep</aspectratio>
				<imagepath fallback="black.png" background="true">$VAR[gamesfanart]</imagepath>
			</control>
			<control type="group">
				<control type="image">
					<left>0</left>
					<top>0</top>
					<height>225</height>
					<width>1920</width>
					<texture flipy="true">shadow_mask.png</texture>
					<colordiffuse>75000000</colordiffuse>
				</control>
				<control type="label">
					<!-- Title -->
					<left>45</left>
					<top>12</top>
					<width>1650</width>
					<height>60</height>
					<font>font_title</font>
					<label>$INFO[ListItem.Label]</label>
					<textcolor>FFF8F8F8</textcolor>
					<scroll>true</scroll>
					<scrollout>false</scrollout>
				</control>
				<control type="label">
					<left>45</left>
					<top>75</top>
					<width>1650</width>
					<height>38</height>
					<font>font_subtitle</font>
					<label>$INFO[ListItem.Tagline]</label>
					<textcolor>90FFFFFF</textcolor>
					<scroll>true</scroll>
					<scrollout>false</scrollout>
				</control>
				<control type="image">
					<!-- Star -->
					<left>1768</left>
					<top>8</top>
					<width>110</width>
					<height>110</height>
					<align>center</align>
					<aligny>center</aligny>
					<texture>star.png</texture>
					<colordiffuse>FFF8F8F8</colordiffuse>
				</control>
				<control type="label">
					<left>1778</left>
					<top>22</top>
					<width>90</width>
					<height>90</height>
					<align>center</align>
					<aligny>center</aligny>
					<font>font_plot</font>
					<label>[B]$INFO[ListItem.Rating][/B]</label>
					<textcolor>E0101010</textcolor>
				</control>
				<control type="image">
					<left>0</left>
					<top>120</top>
					<width>1920</width>
					<height>579</height>
					<texture>$VAR[texture_base]</texture>
					<colordiffuse>$INFO[skin.string(colortexture)]</colordiffuse>
					<include>animation_homeglass</include>
				</control>
				<control type="image">
					<left>0</left>
					<top>0</top>
					<width>1920</width>
					<height>120</height>
					<texture>gradient_small.png</texture>
				</control>
				<control type="image">
					<left>308</left>
					<top>120</top>
					<height>285</height>
					<width>3</width>
					<texture>separator_v.png</texture>
				</control>
				<control type="image">
					<left>0</left>
					<top>204</top>
					<height>3</height>
					<width>1029</width>
					<texture>separator.png</texture>
				</control>
				<control type="label">
					<!-- Year -->
					<left>330</left>
					<top>120</top>
					<height>60</height>
					<width>165</width>
					<align>left</align>
					<aligny>center</aligny>
					<font>font_list</font>
					<label>$INFO[ListItem.Property(year)]</label>
					<textcolor>FFF8F8F8</textcolor>
				</control>
				<control type="label">
					<!-- Genre -->
					<left>330</left>
					<top>154</top>
					<height>60</height>
					<width>735</width>
					<align>left</align>
					<aligny>center</aligny>
					<font>font_plot</font>
					<label>$INFO[ListItem.Property(genre)]</label>
					<textcolor>FFF8F8F8</textcolor>
					<scroll>true</scroll>
					<scrollout>false</scrollout>
				</control>
				<control type="list" id="49">
					<!-- Lista de botoes/info -->
					<left>30</left>
					<top>218</top>
					<width>1110</width>
					<height>495</height>
					<onleft>149</onleft>
					<onright>149</onright>
					<onup>149</onup>
					<ondown>149</ondown>
					<itemgap>0</itemgap>
					<pagecontrol></pagecontrol>
					<scrolltime>200</scrolltime>
					<itemlayout height="30">
						<control type="label">
							<left>-42</left>
							<top>0</top>
							<width>300</width>
							<height>30</height>
							<align>right</align>
							<aligny>center</aligny>
							<font>font_plot</font>
							<textcolor>$INFO[skin.string(colorheader)]</textcolor>
							<selectedcolor>$INFO[skin.string(colorheader)]</selectedcolor>
							<label>$INFO[ListItem.Label]</label>
							<scroll>true</scroll>
						</control>
						<control type="label">
							<left>300</left>
							<top>0</top>
							<width>735</width>
							<height>30</height>
							<align>left</align>
							<aligny>center</aligny>
							<font>font_plot</font>
							<textcolor>FFF8F8F8</textcolor>
							<selectedcolor>E0101010</selectedcolor>
							<label>$INFO[ListItem.Label2]</label>
							<scroll>true</scroll>
						</control>
					</itemlayout>
					<focusedlayout height="30">
						<control type="image">
							<left>285</left>
							<top>0</top>
							<width>765</width>
							<height>30</height>
							<texture>grey.png</texture>
							<visible>Control.HasFocus(49)</visible>
						</control>
						<control type="label">
							<left>-42</left>
							<top>0</top>
							<width>300</width>
							<height>30</height>
							<align>right</align>
							<aligny>center</aligny>
							<font>font_plot</font>
							<textcolor>$INFO[skin.string(colorheader)]</textcolor>
							<selectedcolor>$INFO[skin.string(colorheader)]</selectedcolor>
							<label>$INFO[ListItem.Label]</label>
						</control>
						<control type="label">
							<left>300</left>
							<top>0</top>
							<width>735</width>
							<height>30</height>
							<align>left</align>
							<aligny>center</aligny>
							<font>font_plot</font>
							<textcolor>FFF8F8F8</textcolor>
							<selectedcolor>$INFO[skin.string(colorheader)]</selectedcolor>
							<label>$INFO[ListItem.Label2]</label>
							<visible>!Control.HasFocus(49)</visible>
						</control>
						<control type="label">
							<left>300</left>
							<top>0</top>
							<width>735</width>
							<height>30</height>
							<align>left</align>
							<aligny>center</aligny>
							<font>font_plot</font>
							<textcolor>E0101010</textcolor>
							<selectedcolor>$INFO[skin.string(colorheader)]</selectedcolor>
							<label>$INFO[ListItem.Label2]</label>
							<visible>Control.HasFocus(49)</visible>
						</control>
					</focusedlayout>
					<content>
						<item>
							<label>$LOCALIZE[20376]:</label>
							<!-- Original Title/Movies - Premiered/TvShows -->
							<label2>$INFO[ListItem.Property(originaltitle)]</label2>
							<onclick></onclick>
						</item>
						<item>
							<label>$LOCALIZE[31788]:</label>
							<!-- Developer -->
							<label2>$INFO[ListItem.Property(developer)]</label2>
							<onclick></onclick>
						</item>
						<item>
							<label>$LOCALIZE[31771]:</label>
							<!-- Publisher -->
							<label2>$INFO[ListItem.Property(publisher)]</label2>
							<onclick></onclick>
						</item>
						<item>
							<label>$LOCALIZE[31776]:</label>
							<!-- Perspective -->
							<label2>$INFO[ListItem.Property(perspective)]</label2>
							<onclick></onclick>
						</item>
						<item>
							<label>$LOCALIZE[20026]:</label>
							<!-- Region -->
							<label2>$INFO[ListItem.Property(region)]</label2>
							<onclick></onclick>
						</item>
					</content>
				</control>
				<control type="image">
					<left>0</left>
					<top>405</top>
					<height>3</height>
					<width>1029</width>
					<texture>separator.png</texture>
				</control>
				<control type="textbox">
					<!-- Plot -->
					<left>45</left>
					<top>420</top>
					<width>952</width>
					<height>262</height>
					<align>justify</align>
					<font>font_plot</font>
					<label>$INFO[ListItem.Property(plot)]</label>
					<textcolor>FFF8F8F8</textcolor>
					<autoscroll delay="15000" time="5000" repeat="15000">!Skin.HasSetting(noinfoplotscroll)</autoscroll>
				</control>
				<control type="image">
					<!-- Thumb -->
					<left>1030</left>
					<top>120</top>
					<height>579</height>
					<width>844</width>
					<aspectratio align="left">keep</aspectratio>
					<texture background="true">$INFO[ListItem.Property(gameinfobig)]</texture>
					<visible>!Control.HasFocus(151)</visible>
				</control>
				<control type="image">
					<!-- Thumb -->
					<left>1030</left>
					<top>120</top>
					<height>579</height>
					<width>844</width>
					<aspectratio align="left">keep</aspectratio>
					<texture background="true">$INFO[Container(151).ListItem.Icon]</texture>
					<visible>Control.HasFocus(151)</visible>
				</control>
				<control type="image">
					<!-- Thumb 1 big -->
					<left>1030</left>
					<top>120</top>
					<height>579</height>
					<width>844</width>
					<aspectratio align="left">keep</aspectratio>
					<texture background="true">$INFO[ListItem.Property(gameinfoupperright)]</texture>
					<visible>![Control.HasFocus(151) | Player.Playing]</visible>
				</control>
				<control type="image" id="2710">
					<!-- Thumb Gameinfoupper -->
					<left>1030</left>
					<top>120</top>
					<height>579</height>
					<width>844</width>
					<aspectratio align="left">keep</aspectratio>
					<texture background="true">$INFO[ListItem.Property(gameinfoupper)]</texture>
					<visible>!Control.HasFocus(151)</visible>
				</control>
				<control type="image" id="2720">
					<!-- Thumb Gameinfolower -->
					<left>1030</left>
					<top>120</top>
					<height>579</height>
					<width>844</width>
					<aspectratio align="left">keep</aspectratio>
					<texture background="true">$INFO[ListItem.Property(gameinfolower)]</texture>
					<visible>!Control.HasFocus(151)</visible>
				</control>
				<control type="image" id="2730">
					<!-- Thumb Gameinfoleft -->
					<left>1030</left>
					<top>120</top>
					<height>579</height>
					<width>844</width>
					<aspectratio align="left">keep</aspectratio>
					<texture background="true">$INFO[ListItem.Property(gameinfoleft)]</texture>
					<visible>!Control.HasFocus(151)</visible>
				</control>
				<control type="image" id="2740">
					<!-- Thumb Gameinforight -->
					<left>1030</left>
					<top>120</top>
					<height>579</height>
					<width>844</width>
					<aspectratio align="left">keep</aspectratio>
					<texture background="true">$INFO[ListItem.Property(gameinforight)]</texture>
					<visible>!Control.HasFocus(151)</visible>
				</control>
				<control type="videowindow" id="2800">
					<!-- Video Window Small -->
					<left>1030</left>
					<top>120</top>
					<height>579</height>
					<width>844</width>
					<aspectratio align="left">keep</aspectratio>
					<visible>![String.IsEmpty(ListItem.Property(videosizesmall)) | Control.HasFocus(151)]</visible>
				</control>
				<control type="button">
					<!-- click absorber -->
					<description>click absorber</description>
					<left>1030</left>
					<top>120</top>
					<height>579</height>
					<width>844</width>
					<texturefocus></texturefocus>
					<texturenofocus></texturenofocus>
					<visible>!String.IsEmpty(ListItem.Property(videosizesmall)) + !Control.HasFocus(151)</visible>
				</control>
				<control type="videowindow">
					<!-- Video Window Big -->
					<description>video control</description>
					<left>1030</left>
					<top>120</top>
					<height>579</height>
					<width>844</width>
					<aspectratio align="left">keep</aspectratio>
					<visible>!String.IsEmpty(ListItem.Property(videosizebig))</visible>
				</control>
				<control type="button">
					<!-- click absorber -->
					<left>1030</left>
					<top>120</top>
					<height>579</height>
					<width>844</width>
					<texturefocus></texturefocus>
					<texturenofocus></texturenofocus>
					<visible>!String.IsEmpty(ListItem.Property(videosizebig))</visible>
				</control>
				<control type="image">
					<left>1029</left>
					<top>120</top>
					<height>579</height>
					<width>3</width>
					<texture>separator_v.png</texture>
				</control>
				<control type="image">
					<left>0</left>
					<top>120</top>
					<height>3</height>
					<width>1920</width>
					<texture>separator.png</texture>
				</control>
				<control type="image">
					<left>0</left>
					<top>975</top>
					<width>1920</width>
					<height>105</height>
					<texture>$VAR[texture_base]</texture>
					<colordiffuse>$INFO[skin.string(colorfloor)]</colordiffuse>
				</control>
				<control type="image">
					<!-- Fundo do rodape -->
					<left>0</left>
					<top>975</top>
					<width>1920</width>
					<height>105</height>
					<texture>shadow_mask.png</texture>
					<colordiffuse>$INFO[skin.string(colorfloor)]</colordiffuse>
				</control>
				<control type="image">
					<left>0</left>
					<top>741</top>
					<height>279</height>
					<width>1920</width>
					<texture>$VAR[texture_base]</texture>
					<colordiffuse>$INFO[skin.string(colortexture)]</colordiffuse>
					<include>animation_defaultglass</include>
				</control>
				<control type="grouplist">
					<!-- Etiquetas -->
					<left>51</left>
					<top>1023</top>
					<orientation>horizontal</orientation>
					<itemgap>52</itemgap>
					<animation effect="slide" start="0,450" end="0,0" time="500" tween="sine" easing="out">WindowOpen</animation>
					<animation effect="slide" start="0,450" end="0,0" time="500" tween="sine" easing="out">Visible</animation>
					<animation effect="slide" start="0,0" end="0,450" time="500" tween="sine" easing="in">Hidden</animation>
					<visible>Control.HasFocus(149)</visible>
				</control>
				<control type="group">
					<left>0</left>
					<top>1028</top>
					<animation effect="slide" start="0,450" end="0,0" time="500" tween="sine" easing="out">WindowOpen</animation>
					<animation effect="slide" start="0,450" end="0,0" time="500" tween="sine" easing="out">Visible</animation>
					<animation effect="slide" start="0,0" end="0,450" time="500" tween="sine" easing="in">Hidden</animation>
					<visible>Control.HasFocus(151)</visible>
					<control type="label">
						<left>45</left>
						<top>0</top>
						<width>600</width>
						<height>40</height>
						<align>left</align>
						<aligny>center</aligny>
						<font>font_plot</font>
						<label>31789</label>
						<textcolor>$INFO[skin.string(colorflags)]</textcolor>
					</control>
					<control type="label">
						<left>472</left>
						<top>0</top>
						<width>975</width>
						<align>center</align>
						<aligny>center</aligny>
						<font>font_list</font>
						<label>$INFO[Container(151).ListItem.Label]</label>
						<textcolor>$INFO[skin.string(colorflags)]</textcolor>
						<scroll>true</scroll>
					</control>
				</control>
				<control type="image">
					<left>0</left>
					<top>1020</top>
					<height>64</height>
					<width>1920</width>
					<texture>gradient_small.png</texture>
				</control>
				<control type="image">
					<!-- Cast -->
					<left>0</left>
					<top>1018</top>
					<width>1920</width>
					<height>45</height>
					<texture flipy="true">shadow_h.png</texture>
					<colordiffuse>C3FFFFFF</colordiffuse>
				</control>
				<control type="image">
					<left>0</left>
					<top>741</top>
					<height>279</height>
					<width>1920</width>
					<texture>$VAR[texture_base]</texture>
					<colordiffuse>$INFO[skin.string(colortexture)]</colordiffuse>
					<include>animation_homeglass</include>
				</control>
				<!-- Game List -->
				<control type="group" id="1000">
					<control type="wraplist" id="59">
						<left>825</left>
						<top>15</top>
						<height>90</height>
						<width>952</width>
						<onleft>1000</onleft>
						<onright>1000</onright>
						<onup>3000</onup>
						<ondown>3000</ondown>
						<scrolltime>200</scrolltime>
					</control>
				</control>
				<control type="list" id="151">
					<viewtype label="List">List Info</viewtype>
					<left>45</left>
					<top>738</top>
					<width>1830</width>
					<height>330</height>
					<onup>3000</onup>
					<ondown>SetFocus(160)</ondown>
					<orientation>horizontal</orientation>
					<scrolltime>400</scrolltime>
					<focusposition>3</focusposition>
					<itemlayout height="255" width="450">
						<control type="image">
							<left>0</left>
							<top>8</top>
							<width>450</width>
							<height>270</height>
							<aligny>center</aligny>
							<align>center</align>
							<aspectratio>keep</aspectratio>
							<texture background="true">$INFO[ListItem.Icon]</texture>
							<bordertexture border="-2">black.png</bordertexture>
							<colordiffuse>FF909090</colordiffuse>
						</control>
					</itemlayout>
					<focusedlayout height="255" width="450">
						<control type="image">
							<left>0</left>
							<top>8</top>
							<width>450</width>
							<height>270</height>
							<aligny>center</aligny>
							<align>center</align>
							<aspectratio>keep</aspectratio>
							<texture background="true">$INFO[ListItem.Icon]</texture>
							<bordertexture border="-2">black.png</bordertexture>
							<colordiffuse>FF909090</colordiffuse>
							<include>animation_fade</include>
							<visible>!Control.HasFocus(151)</visible>
						</control>
						<control type="image">
							<left>0</left>
							<top>8</top>
							<width>450</width>
							<height>270</height>
							<aligny>center</aligny>
							<align>center</align>
							<aspectratio>keep</aspectratio>
							<texture background="true">$INFO[ListItem.Icon]</texture>
							<bordertexture border="-2">grey.png</bordertexture>
							<include>animation_fade</include>
							<visible>Control.HasFocus(151)</visible>
						</control>
					</focusedlayout>
					<content>
						<item id="2400">
							<!-- game image 1 -->
							<icon>$INFO[ListItem.Property(gameinfoupperright)]</icon>
							<label>31924</label>
							<onclick></onclick>
						</item>
						<item id="2500">
							<!-- game image 2 -->
							<icon>$INFO[ListItem.Property(gameinfolowerright)]</icon>
							<label>31925</label>
							<onclick></onclick>
						</item>
						<item id="2600">
							<!-- game image 3 -->
							<icon>$INFO[ListItem.Property(gameinfolowerleft)]</icon>
							<label>31926</label>
							<onclick></onclick>
						</item>
						<item id="2700">
							<!-- game image 4 -->
							<icon>$INFO[ListItem.Property(gameinfoupperleft)]</icon>
							<label>31927</label>
							<onclick></onclick>
						</item>
					</content>
				</control>
				<control type="group">
					<!-- Menu bar -->
					<left>0</left>
					<top>698</top>
					<control type="image">
						<left>0</left>
						<top>-45</top>
						<width>1920</width>
						<height>45</height>
						<texture>shadow_h.png</texture>
						<colordiffuse>C3FFFFFF</colordiffuse>
					</control>
					<control type="image">
						<left>0</left>
						<top>44</top>
						<width>1920</width>
						<height>45</height>
						<texture flipy="true">shadow_h.png</texture>
						<colordiffuse>C3FFFFFF</colordiffuse>
					</control>
					<control type="image">
						<left>0</left>
						<top>0</top>
						<width>1920</width>
						<height>45</height>
						<texture>$VAR[texture_base]</texture>
						<colordiffuse>$INFO[skin.string(colortexture)]</colordiffuse>
						<include>animation_defaultglass2</include>
					</control>
					<control type="button" id="3000">
						<left>0</left>
						<top>4</top>
						<width>960</width>
						<height>38</height>
						<align>center</align>
						<aligny>center</aligny>
						<onup>9900</onup>
						<ondown>151</ondown>
						<onleft>3001</onleft>
						<onright>3001</onright>
						<label>$ADDON[script.games.rom.collection.browser 32756]</label>
					</control>
					<control type="button" id="3001">
						<left>960</left>
						<top>4</top>
						<width>960</width>
						<height>38</height>
						<align>center</align>
						<aligny>center</aligny>
						<onup>9900</onup>
						<ondown>151</ondown>
						<onleft>3000</onleft>
						<onright>3000</onright>
						<onclick>PlayMedia($ESCINFO[ListItem.Property(gameplayinfo)],1)</onclick>
						<visible>!String.IsEmpty(ListItem.Property(autoplayvideoinfo)) + !String.IsEmpty(ListItem.Property(gameplayinfo))</visible>
					</control>
				</control>
				<control type="button" id="160">
					<onup>SetFocus(151)</onup>
					<ondown>SetFocus(151)</ondown>
					<onleft>SetFocus(151)</onleft>
					<onright>SetFocus(151)</onright>
					<include>invisible</include>
				</control>
				<control type="image">
					<left>0</left>
					<top>0</top>
					<width>1920</width>
					<height>1080</height>
					<texture>darkgrey.png</texture>
					<animation effect="fade" start="0" end="100" time="200">Visible</animation>
					<animation effect="fade" start="100" end="0" time="400">Hidden</animation>
					<visible>Control.HasFocus(160)</visible>
				</control>
				<control type="image">
					<left>0</left>
					<top>0</top>
					<width>1920</width>
					<height>1080</height>
					<texture>black.png</texture>
					<colordiffuse>A4303030</colordiffuse>
					<animation effect="fade" start="0" end="100" time="200">Visible</animation>
					<animation effect="fade" start="100" end="0" time="400">Hidden</animation>
					<visible>Control.HasFocus(160)</visible>
				</control>
				<control type="image">
					<description>Cover image</description>
					<left>-1920</left>
					<top>70</top>
					<width>1920</width>
					<height>960</height>
					<texture background="true">$INFO[Container(151).ListItem.Icon]</texture>
					<aspectratio>keep</aspectratio>
					<fadetime>commonfadetime</fadetime>
					<animation effect="slide" start="0,0" end="1920,0" time="400" tween="cubic" easing="inout" condition="Control.HasFocus(160)">Conditional</animation>
					<animation effect="slide" start="0,0" end="0,-38" time="600" delay="1000" tween="cubic" easing="inout" condition="Control.HasFocus(160)">Conditional</animation>
				</control>
				<control type="group">
					<visible>Control.HasFocus(160)</visible>
					<animation effect="slide" start="0,0" end="0,-120" time="600" delay="1000" tween="cubic" easing="inout" condition="Control.HasFocus(160)">Conditional</animation>
					<control type="image">
						<left>0</left>
						<top>1140</top>
						<height>60</height>
						<width>1920</width>
						<texture>$VAR[texture_base]</texture>
						<colordiffuse>$INFO[skin.string(colortexture)]</colordiffuse>
						<include>animation_homeglass2</include>
					</control>
					<control type="label">
						<left>0</left>
						<top>1140</top>
						<height>60</height>
						<width>1920</width>
						<align>center</align>
						<aligny>center</aligny>
						<label>$INFO[Container(151).ListItem.Label]</label>
						<font>font_list</font>
						<textcolor>FFF8F8F8</textcolor>
						<scroll>true</scroll>
						<scrollout>false</scrollout>
					</control>
					<control type="image">
						<left>0</left>
						<top>1140</top>
						<height>60</height>
						<width>1920</width>
						<texture>gradient_small.png</texture>
					</control>
				</control>
				<control type="label" id="4000">
					<description>Messages</description>
					<left>15</left>
					<top>840</top>
					<width>1020</width>
					<height>15</height>
					<align>left</align>
					<label></label>
					<textcolor>FFbec0c2</textcolor>
					<font>font_plot</font>
					<scroll>true</scroll>
				</control>
			</control>
		</control>
	</controls>
</window>
