<?xml version="1.0" encoding="UTF-8"?>
<window>
	<!-- KBK Multimedia Center -->
	<coordinates>
		<system>1</system>
		<left>0</left>
		<top>0</top>
	</coordinates>
	<controls>
		<include condition="![String.IsEqual(skin.string(vis_layout),karaoke) | Skin.HasSetting(animatedlyrics)]">LyricsDefault</include>
		<include condition="!String.IsEqual(skin.string(vis_layout),karaoke) + Skin.HasSetting(animatedlyrics)">LyricsAnimated</include>
		<include condition="String.IsEqual(skin.string(vis_layout),karaoke)">LyricsKaraoke</include>
	</controls>
</window>
