<?xml version="1.0" encoding="UTF-8"?>
<window>
	<!-- KBK Multimedia Center -->
	<defaultcontrol always="true">111</defaultcontrol>
	<coordinates>
		<system>1</system>
		<left>615</left>
		<top>298</top>
	</coordinates>
	<controls>
		<control type="group">
			<include>animation_dialogpopup</include>
			<control type="image" id="2">
				<include>invisible</include>
			</control>
			<control type="list" id="111">
				<left>0</left>
				<top>0</top>
				<width>681</width>
				<height>483</height>
				<onup>111</onup>
				<ondown>111</ondown>
				<onleft>Close</onleft>
				<onright>Close</onright>
				<scrolltime>200</scrolltime>
				<itemlayout height="58" width="681">
					<control type="image">
						<left>0</left>
						<top>0</top>
						<height>58</height>
						<width>681</width>
						<texture>dialogs_context_nofocus.png</texture>
					</control>
					<control type="label">
						<left>0</left>
						<top>0</top>
						<height>58</height>
						<width>681</width>
						<align>center</align>
						<aligny>top</aligny>
						<font>font_button</font>
						<textoffsety>12</textoffsety>
						<info>ListItem.Label</info>
						<selectedcolor>$INFO[skin.string(colorheader)]</selectedcolor>
					</control>
				</itemlayout>
				<focusedlayout height="58" width="681">
					<control type="image">
						<left>0</left>
						<top>0</top>
						<height>58</height>
						<width>681</width>
						<texture>dialogs_context_focus.png</texture>
					</control>
					<control type="label">
						<left>0</left>
						<top>0</top>
						<height>58</height>
						<width>681</width>
						<align>center</align>
						<aligny>top</aligny>
						<font>font_button</font>
						<textoffsety>12</textoffsety>
						<info>ListItem.Label</info>
						<textcolor>E0101010</textcolor>
						<selectedcolor>$INFO[skin.string(colorheader)]</selectedcolor>
					</control>
				</focusedlayout>
			</control>
		</control>
	</controls>
</window>
