<?xml version="1.0" encoding="UTF-8"?>
<window>
	<!-- KBK Multimedia Center -->
	<defaultcontrol always="true">50</defaultcontrol>
	<onunload condition="Skin.HasSetting(kioskcode)">Skin.Reset($INFO[skin.string(custom_code)])</onunload>
	<onload>Skin.SetBool(rcbgames)</onload>
	<onunload>Skin.Reset(games)</onunload>
	<views>50,51,52,53,56</views>
	<controls>
		<control type="multiimage">
			<!-- Fanart -->
			<include>backgroundspecs_multi</include>
			<aspectratio>keep</aspectratio>
			<imagepath background="true">$VAR[gamesfanart]</imagepath>
		</control>
		<control type="image">
			<!-- Single Fanart -->
			<include>backgroundspecs_single</include>
			<aspectratio>keep</aspectratio>
			<texture background="true">$VAR[defaultgamesfanart]</texture>
		</control>
		<control type="multiimage" id="5020">
			<!-- Extra Fanart -->
			<include>invisible</include>
			<imagepath background="true">$INFO[ListItem.Path]extrafanart/</imagepath>
			<visible>String.Contains(skin.string(gamesfanart),extra)</visible>
		</control>
		<!-- Views Group -->
		<control type="group" id="200">
			<include>animation_window</include>
			<control type="group">
				<left>0</left>
				<top>0</top>
				<control type="group">
				<!-- to menu/kiosk condition -->
					<control type="button" id="9900">						
						<include>invisible</include>
						<onfocus>PlayerControl(stop)</onfocus>
						<onfocus condition="![Skin.HasSetting(kiosk) | Skin.HasSetting(kiosksmart) + !String.Contains(skin.string(codestep),step3)]">SetFocus(9300)</onfocus>
						<onfocus condition="Skin.HasSetting(kiosksmart) + !String.Contains(skin.string(codestep),step3)">SetFocus(9100)</onfocus>
						<onfocus condition="Skin.HasSetting(kiosk) + [String.IsEmpty(ListItem.Property(gameplaymain)) | String.Contains(skin.string(games_video),off)]">SetFocus(50)</onfocus>
						<onfocus condition="Skin.HasSetting(kiosk) + ![String.IsEmpty(ListItem.Property(gameplaymain)) | String.Contains(skin.string(games_video),off)]">SetFocus(90000)</onfocus>
					</control>
					<!-- hidden colection/view fanart -->
					<control type="button" id="9920">						
						<include>invisible</include>
						<onleft>SetFocus(50)</onleft>
						<onright>SetFocus(50)</onright>
						<onup>SetFocus(50)</onup>
						<ondown>SetFocus(50)</ondown>
					</control>
					<!-- painel de info auto -->
					<control type="image" id="9921">
						<include>invisible</include>
						<animation effect="fade" start="0" end="100" time="150" delay="1000" condition="String.Contains(skin.string(panel_seconds),1)">Visible</animation>
						<animation effect="fade" start="0" end="100" time="150" delay="2000" condition="String.Contains(skin.string(panel_seconds),2)">Visible</animation>
						<animation effect="fade" start="0" end="100" time="150" delay="3000" condition="String.Contains(skin.string(panel_seconds),3)">Visible</animation>
						<animation effect="fade" start="0" end="100" time="150" delay="4000" condition="String.Contains(skin.string(panel_seconds),4)">Visible</animation>
						<animation effect="fade" start="0" end="100" time="150" delay="5000" condition="String.Contains(skin.string(panel_seconds),5)">Visible</animation>
						<visible>![Container.OnNext | Container.OnPrevious]</visible>
					</control>
					<control type="group">
						<animation effect="slide" time="400" start="0,-375" end="0,0" easing="inout" tween="cubic">WindowOpen</animation>
						<animation effect="slide" time="400" start="0,-375" end="0,0" easing="inout" tween="cubic">Visible</animation>
						<animation effect="slide" time="400" start="0,0" end="0,-375" easing="inout" tween="cubic">WindowClose</animation>
						<animation effect="slide" time="400" start="0,0" end="0,-375" easing="inout" tween="cubic">Hidden</animation>
						<visible>![Control.IsVisible(50) | Control.HasFocus(9920)]</visible>
						<control type="image">
							<left>0</left>
							<top>0</top>
							<height>450</height>
							<width>1920</width>
							<texture flipy="true">shadow_mask.png</texture>
							<colordiffuse>95000000</colordiffuse>
						</control>
						<control type="label">
							<!-- Title -->
							<left>45</left>
							<top>12</top>
							<width>1650</width>
							<height>60</height>
							<font>font_title</font>
							<label>$INFO[ListItem.Label]</label>
							<scroll>true</scroll>
							<scrollout>false</scrollout>
							<shadowcolor>grey</shadowcolor>
						</control>
					</control>
					<!-- Grupo ocultar flags ou fanart -->
					<control type="group">						
						<top>45</top>
						<include>animation_hiddenview</include>
						<control type="group">
							<animation effect="slide" start="0,450" end="0,0" time="500" tween="sine" easing="out">WindowOpen</animation>
							<animation effect="slide" start="0,450" end="0,0" time="500" tween="sine" easing="out">Visible</animation>
							<animation effect="fade" start="100" end="0" time="200">Hidden</animation>
							<visible>!Skin.HasSetting(nomediaflags)</visible>
							<control type="image">
								<left>0</left>
								<top>765</top>
								<width>1920</width>
								<height>270</height>
								<texture diffuse="shadow_mask.png">$VAR[texture_base]</texture>
								<colordiffuse>$INFO[skin.string(colorfloor)]</colordiffuse>
								<visible>!Control.IsVisible(70)</visible>
							</control>
							<!-- Barra do rodape -->
							<control type="image">								
								<left>0</left>
								<top>765</top>
								<width>1920</width>
								<height>270</height>
								<texture>shadow_mask.png</texture>
								<colordiffuse>$INFO[skin.string(colorfloor)]</colordiffuse>
								<visible>!Control.IsVisible(70)</visible>
							</control>
							<!-- Etiquetas -->
							<control type="grouplist">								
								<left>30</left>
								<top>968</top>
								<orientation>horizontal</orientation>
								<itemgap>39</itemgap>
								<!-- extraImage1 -->
								<control type="image">									
									<description>mainview1</description>
									<include>FlagImage</include>
									<texture background="true">$INFO[ListItem.Property(extraImage1)]</texture>
									<visible>!String.IsEmpty(ListItem.Property(extraImage1))</visible>
								</control>
								<control type="image">
									<include>FlagSeparator</include>
									<visible>!String.IsEmpty(ListItem.Property(extraImage1))</visible>
								</control>
								<!-- extraImage2 -->
								<control type="image">									
									<description>mainview2</description>
									<include>FlagImage</include>
									<texture background="true">$INFO[ListItem.Property(extraImage2)]</texture>
									<visible>!String.IsEmpty(ListItem.Property(extraImage2))</visible>
								</control>
								<control type="image">
									<include>FlagSeparator</include>
									<visible>!String.IsEmpty(ListItem.Property(extraImage2))</visible>
								</control>
								<!-- extraImage3 -->
								<control type="image">									
									<description>mainview3</description>
									<include>FlagImage</include>
									<texture background="true">$INFO[ListItem.Property(extraImage3)]</texture>
									<visible>!String.IsEmpty(ListItem.Property(extraImage3))</visible>
								</control>
								<control type="image">
									<include>FlagSeparator</include>
									<visible>!String.IsEmpty(ListItem.Property(extraImage3))</visible>
								</control>
								<!-- Trailer -->
								<control type="label">									
									<include>FlagLabel</include>
									<label>TRAILER</label>
									<visible>!String.IsEmpty(ListItem.Property(gameplaymain))</visible>
								</control>
							</control>
						</control>
						<!-- ViewTypes -->
						<!-- 50 -->
						<include>ViewWideGames</include>
						<!-- 51 -->
						<include>ViewPosterGames</include>
						<!-- 52 -->
						<include>ViewPanelGames</include>
						<!-- 53 -->
						<include>ViewMultiplexGames</include>
						<!-- 56 -->
						<include>ViewWallGames</include>						
					</control>
					<!-- Messages -->
					<control type="label" id="4000">
						<description>Notes</description>
						<left>900</left>
						<top>976</top>
						<width>1020</width>
						<height>60</height>
						<align>center</align>
						<aligny>center</aligny>
						<font>font_header</font>
						<textcolor>E0101010</textcolor>
						<label></label>
					</control>
				</control>
				<!-- Filter Controls -->
				<control type="group" id="100">
					<top>-525</top>
					<animation effect="slide" start="0,0" end="0,573" time="600" tween="sine" easing="inout" condition="Control.HasFocus(9300)">Conditional</animation>
					<animation effect="slide" start="0,0" end="0,525" time="600" tween="sine" easing="inout" condition="ControlGroup(100).HasFocus">Conditional</animation>
					<control type="wraplist" id="500">
						<!-- Console filter -->
						<left>0</left>
						<top>42</top>
						<width>411</width>
						<height>150</height>
						<onleft>50</onleft>
						<onright>600</onright>
						<onup>500</onup>
						<ondown>500</ondown>
						<viewtype label="Console">wrap</viewtype>
						<focusposition>1</focusposition>
						<scrolltime>200</scrolltime>
						<itemlayout height="38">
							<control type="image">
								<include>TopMenuButtonFilter</include>
								<texture>topmenu_button_nofocus.png</texture>
							</control>
							<control type="label">
								<include>TopMenuFilter</include>
								<info>ListItem.Label</info>
							</control>
						</itemlayout>
						<focusedlayout height="38">
							<control type="image">
								<include>TopMenuButtonFilter</include>
								<texture>topmenu_button_focus.png</texture>
								<visible>Control.HasFocus(500)</visible>
							</control>
							<control type="image">
								<include>TopMenuButtonFilter</include>
								<texture>topmenu_button_nofocus.png</texture>
								<visible>!Control.HasFocus(500)</visible>
							</control>
							<control type="image">
								<include>TopMenuButtonFilter</include>
								<texture>topmenu_button_focus.png</texture>
								<animation effect="fade" end="20" condition="true">Conditional</animation>
								<visible>!Control.HasFocus(500)</visible>
							</control>
							<control type="label">
								<include>TopMenuFilterFocus</include>
								<info>ListItem.Label</info>
								<visible>Control.HasFocus(500)</visible>
							</control>
							<control type="label">
								<include>TopMenuFilter</include>
								<info>ListItem.Label</info>
								<visible>!Control.HasFocus(500)</visible>
							</control>
						</focusedlayout>
					</control>
					<control type="image">
						<left>411</left>
						<top>42</top>
						<width>3</width>
						<height>150</height>
						<texture>separator_v.png</texture>
					</control>
					<control type="wraplist" id="600">
						<!-- Genre filter -->
						<viewtype label="Genre">wrap</viewtype>
						<left>414</left>
						<top>42</top>
						<width>411</width>
						<height>150</height>
						<onleft>500</onleft>
						<onright>700</onright>
						<onup>600</onup>
						<ondown>600</ondown>
						<focusposition>1</focusposition>
						<scrolltime>200</scrolltime>
						<itemlayout height="38">
							<control type="image">
								<include>TopMenuButtonFilter</include>
								<texture>topmenu_button_nofocus.png</texture>
							</control>
							<control type="label">
								<include>TopMenuFilter</include>
								<info>ListItem.Label</info>
							</control>
						</itemlayout>
						<focusedlayout height="38">
							<control type="image">
								<include>TopMenuButtonFilter</include>
								<texture>topmenu_button_focus.png</texture>
								<visible>Control.HasFocus(600)</visible>
							</control>
							<control type="image">
								<include>TopMenuButtonFilter</include>
								<texture>topmenu_button_nofocus.png</texture>
								<visible>!Control.HasFocus(600)</visible>
							</control>
							<control type="image">
								<include>TopMenuButtonFilter</include>
								<texture>topmenu_button_focus.png</texture>
								<animation effect="fade" end="20" condition="true">Conditional</animation>
								<visible>!Control.HasFocus(600)</visible>
							</control>
							<control type="label">
								<include>TopMenuFilterFocus</include>
								<info>ListItem.Label</info>
								<visible>Control.HasFocus(600)</visible>
							</control>
							<control type="label">
								<include>TopMenuFilter</include>
								<info>ListItem.Label</info>
								<visible>!Control.HasFocus(600)</visible>
							</control>
						</focusedlayout>
					</control>
					<control type="image">
						<left>822</left>
						<top>42</top>
						<width>3</width>
						<height>150</height>
						<texture>separator_v.png</texture>
					</control>
					<control type="wraplist" id="700">
						<!-- Year filter -->
						<viewtype label="Year">wrap</viewtype>
						<left>825</left>
						<top>42</top>
						<width>411</width>
						<height>150</height>
						<onleft>600</onleft>
						<onright>800</onright>
						<onup>700</onup>
						<ondown>700</ondown>
						<focusposition>1</focusposition>
						<scrolltime>200</scrolltime>
						<itemlayout height="38">
							<control type="image">
								<include>TopMenuButtonFilter</include>
								<texture>topmenu_button_nofocus.png</texture>
							</control>
							<control type="label">
								<include>TopMenuFilter</include>
								<info>ListItem.Label</info>
							</control>
						</itemlayout>
						<focusedlayout height="38">
							<control type="image">
								<include>TopMenuButtonFilter</include>
								<texture>topmenu_button_focus.png</texture>
								<visible>Control.HasFocus(700)</visible>
							</control>
							<control type="image">
								<include>TopMenuButtonFilter</include>
								<texture>topmenu_button_nofocus.png</texture>
								<visible>!Control.HasFocus(700)</visible>
							</control>
							<control type="image">
								<include>TopMenuButtonFilter</include>
								<texture>topmenu_button_focus.png</texture>
								<animation effect="fade" end="20" condition="true">Conditional</animation>
								<visible>!Control.HasFocus(700)</visible>
							</control>
							<control type="label">
								<include>TopMenuFilterFocus</include>
								<info>ListItem.Label</info>
								<visible>Control.HasFocus(700)</visible>
							</control>
							<control type="label">
								<include>TopMenuFilter</include>
								<info>ListItem.Label</info>
								<visible>!Control.HasFocus(700)</visible>
							</control>
						</focusedlayout>
					</control>
					<control type="image">
						<left>1233</left>
						<top>42</top>
						<width>3</width>
						<height>150</height>
						<texture>separator_v.png</texture>
					</control>
					<control type="wraplist" id="800">
						<!-- Publisher filter -->
						<viewtype label="Publisher">wrap</viewtype>
						<left>1236</left>
						<top>42</top>
						<width>411</width>
						<height>150</height>
						<onleft>700</onleft>
						<onright>900</onright>
						<onup>800</onup>
						<ondown>800</ondown>
						<focusposition>1</focusposition>
						<scrolltime>200</scrolltime>
						<itemlayout height="38">
							<control type="image">
								<include>TopMenuButtonFilter</include>
								<texture>topmenu_button_nofocus.png</texture>
							</control>
							<control type="label">
								<include>TopMenuFilter</include>
								<info>ListItem.Label</info>
							</control>
						</itemlayout>
						<focusedlayout height="38">
							<control type="image">
								<include>TopMenuButtonFilter</include>
								<texture>topmenu_button_focus.png</texture>
								<visible>Control.HasFocus(800)</visible>
							</control>
							<control type="image">
								<include>TopMenuButtonFilter</include>
								<texture>topmenu_button_nofocus.png</texture>
								<visible>!Control.HasFocus(800)</visible>
							</control>
							<control type="image">
								<include>TopMenuButtonFilter</include>
								<texture>topmenu_button_focus.png</texture>
								<animation effect="fade" end="20" condition="true">Conditional</animation>
								<visible>!Control.HasFocus(800)</visible>
							</control>
							<control type="label">
								<include>TopMenuFilterFocus</include>
								<info>ListItem.Label</info>
								<visible>Control.HasFocus(800)</visible>
							</control>
							<control type="label">
								<include>TopMenuFilter</include>
								<info>ListItem.Label</info>
								<visible>!Control.HasFocus(800)</visible>
							</control>
						</focusedlayout>
					</control>
					<control type="image">
						<left>1644</left>
						<top>42</top>
						<width>3</width>
						<height>150</height>
						<texture>separator_v.png</texture>
					</control>
					<control type="wraplist" id="900">
						<!-- Character filter -->
						<viewtype label="Character">wrap</viewtype>
						<left>1647</left>
						<top>42</top>
						<width>273</width>
						<height>150</height>
						<onleft>800</onleft>
						<onright>50</onright>
						<onup>900</onup>
						<ondown>900</ondown>
						<focusposition>1</focusposition>
						<scrolltime>200</scrolltime>
						<itemlayout height="38">
							<control type="image">
								<width>273</width>
								<include>TopMenuButtonFilter</include>
								<texture>topmenu_button_nofocus.png</texture>
							</control>
							<control type="label">
								<width>243</width>
								<include>TopMenuFilter</include>
								<info>ListItem.Label</info>
							</control>
						</itemlayout>
						<focusedlayout height="38">
							<control type="image">
								<width>273</width>
								<include>TopMenuButtonFilter</include>
								<texture>topmenu_button_focus.png</texture>
								<visible>Control.HasFocus(900)</visible>
							</control>
							<control type="image">
								<include>TopMenuButtonFilter</include>
								<texture>topmenu_button_nofocus.png</texture>
								<visible>!Control.HasFocus(900)</visible>
							</control>
							<control type="image">
								<width>273</width>
								<include>TopMenuButtonFilter</include>
								<texture>topmenu_button_focus.png</texture>
								<animation effect="fade" end="20" condition="true">Conditional</animation>
								<visible>!Control.HasFocus(900)</visible>
							</control>
							<control type="label">
								<width>243</width>
								<include>TopMenuFilterFocus</include>
								<info>ListItem.Label</info>
								<visible>Control.HasFocus(900)</visible>
							</control>
							<control type="label">
								<width>243</width>
								<include>TopMenuFilter</include>
								<info>ListItem.Label</info>
								<visible>!Control.HasFocus(900)</visible>
							</control>
						</focusedlayout>
					</control>
					<control type="group">
						<left>0</left>
						<top>-34</top>
						<include>TopMenu_Bar</include>
						<control type="label">
							<!-- Console filter -->
							<left>50</left>
							<top>40</top>
							<width>312</width>
							<align>center</align>
							<font>font_plot</font>
							<textcolor>$INFO[skin.string(colorheader)]</textcolor>
							<label>31770</label>
						</control>
						<control type="label">
							<!-- Genre filter -->
							<left>464</left>
							<top>40</top>
							<width>312</width>
							<align>center</align>
							<font>font_plot</font>
							<textcolor>$INFO[skin.string(colorheader)]</textcolor>
							<label>515</label>
						</control>
						<control type="label">
							<!-- Year filter -->
							<left>874</left>
							<top>40</top>
							<width>312</width>
							<align>center</align>
							<font>font_plot</font>
							<textcolor>$INFO[skin.string(colorheader)]</textcolor>
							<label>345</label>
						</control>
						<control type="label">
							<!-- Publisher filter -->
							<left>1286</left>
							<top>40</top>
							<width>312</width>
							<align>center</align>
							<font>font_plot</font>
							<textcolor>$INFO[skin.string(colorheader)]</textcolor>
							<label>31771</label>
						</control>
						<control type="label">
							<!-- Character filter -->
							<left>1710</left>
							<top>40</top>
							<width>147</width>
							<align>center</align>
							<font>font_plot</font>
							<textcolor>$INFO[skin.string(colorheader)]</textcolor>
							<label>31792</label>
						</control>
					</control>
				</control>
			</control>
			<include>ScrollGamesLabel</include>
			<!--<include>MultiData</include>-->
			<include>TopMenu_Games</include>
			<include>background_black</include>
			<include>touchscreen</include>
		</control>
	</controls>
</window>
