<?xml version="1.0" encoding="UTF-8"?>
<window>
	<!-- KBK Multimedia Center -->
	<defaultcontrol>3</defaultcontrol>
	<include>DefaultLoad</include>
	<onload condition="Window.IsVisible(script-cu-lrclyrics-main.xml)">Close</onload>	
	<controls>
		<include>settings_fanart</include>
		<!-- default group -->
		<control type="group">
			<visible>!Window.IsActive(PVRChannelManager)</visible>
			<include>animation_window</include>
			<include>settings_furniture</include>
			<!-- MENU DA ESQUERDA -->
			<include>Date</include>
			<control type="label">
				<include>SettingsLeftTitle</include>
				<label>31202</label>
			</control>
			<!-- Menu de nivel -->
			<control type="group">
				<left>-450</left>
				<animation effect="slide" start="0,0" end="450,0" time="300" easing="out" tween="cubic" condition="ControlGroup(9000).HasFocus">Conditional</animation>
				<control type="grouplist" id="9000">
					<left>0</left>
					<top>180</top>
					<width>450</width>
					<height>990</height>
					<orientation>vertical</orientation>
					<itemgap>0</itemgap>
					<onleft>9000</onleft>
					<onright>3</onright>
					<onup>9000</onup>
					<ondown>9000</ondown>
					<onback>3</onback>
					<!-- Setting level -->
					<control type="button" id="20">
						<include>SettingsButton</include>
						<label>10037</label>
						<onclick>SettingsLevelChange</onclick>
					</control>
					<!-- Reset level -->
					<control type="button" id="21">
						<include>SettingsButton</include>
						<label>13007</label>
						<onclick>SettingsReset</onclick>
					</control>
				</control>
			</control>
			<control type="grouplist" id="3">
				<left>0</left>
				<top>180</top>
				<width>450</width>
				<height>990</height>
				<orientation>vertical</orientation>
				<itemgap>0</itemgap>
				<onleft>9000</onleft>
				<onright>5</onright>
				<onup>3</onup>
				<ondown>3</ondown>
				<animation effect="slide" start="0,0" end="-450,0" time="300" easing="out" tween="cubic" condition="ControlGroup(9000).HasFocus">Conditional</animation>
			</control>
			<!-- MENU DA DIREITA -->
			<control type="label">
				<include>SettingsRightTitle</include>
				<label>$VAR[settings_title]</label>
			</control>
			<!-- Painel de info no rodape -->
			<control type="image">
				<left>454</left>
				<top>859</top>
				<width>1466</width>
				<height>8</height>
				<texture>grey.png</texture>
				<colordiffuse>$INFO[skin.string(colortexture)]</colordiffuse>
			</control>
			<control type="image">
				<left>454</left>
				<top>867</top>
				<width>1466</width>
				<height>160</height>
				<texture>white.png</texture>
				<colordiffuse>E0101010</colordiffuse>
			</control>
			<control type="textbox" id="6">
				<left>520</left>
				<top>875</top>
				<width>1330</width>
				<height>145</height>
				<align>justify</align>
				<aligny>top</aligny>
				<font>font_plot</font>
				<textcolor>FFF8F8F8</textcolor>				
				<autoscroll time="3000" delay="4000" repeat="5000">true</autoscroll>
			</control>
			<control type="image">
				<left>454</left>
				<top>867</top>
				<width>1466</width>
				<height>160</height>
				<texture>osd_glass.png</texture>
				<colordiffuse>90FFFFFF</colordiffuse>
			</control>
			<!-- Grupo dos botoes -->
			<control type="grouplist" id="5">
				<left>454</left>
				<top>180</top>
				<width>1466</width>
				<height>670</height>
				<itemgap>0</itemgap>
				<onup>5</onup>
				<ondown>5</ondown>
				<onleft>3</onleft>
				<onright>80</onright>
				<pagecontrol>80</pagecontrol>
			</control>
				<control type="button" id="7">
			</control>
				<control type="radiobutton" id="8">
			</control>
				<control type="spincontrolex" id="9">
			</control>
				<control type="sliderex" id="13">
			</control>
				<control type="label" id="14">
				<textoffsetx>75</textoffsetx>
				<textcolor>$INFO[skin.string(colorheader)]</textcolor>
			</control>
			<control type="scrollbar" id="80">
				<include>ScrollBar_Vertical</include>
				<left>1860</left>
				<top>188</top>
				<height>645</height>
				<onleft>5</onleft>
				<onright>3</onright>
				<animation effect="fade" time="200">Visible</animation>
				<animation effect="fade" time="50">Hidden</animation>
			</control>
			<!-- Default category button-->
			<control type="button" id="10">
				<include>SettingsButton</include>
				<onclick>SetFocus(800)</onclick>
			</control>
			<include>RSS</include>
			<include>background_black</include>
			<include>touchscreen</include>
		</control>
	</controls>
</window>
