<?xml version="1.0" encoding="UTF-8"?>
<window>
	<!-- KBK Multimedia Center -->
	<defaultcontrol>9000</defaultcontrol>
	<include>DefaultLoad</include>
	<controls>
		<control type="image">
			<include>backgroundspecs_single</include>
			<texture background="true">$VAR[settings_background]</texture>
		</control>
		<!-- default group -->
		<control type="group">
			<include>animation_window</include>
			<include>settings_furniture</include>
			<!-- MENU DA ESQUERDA -->
			<include>Date</include>
			<control type="label">
				<include>SettingsLeftTitle</include>
				<label>31202</label>
			</control>
			<control type="list" id="9000">
				<viewtype>list</viewtype>
				<left>0</left>
				<top>180</top>
				<width>450</width>
				<height>900</height>
				<onup>9000</onup>
				<ondown>9000</ondown>
				<onleft condition="Window.Previous(4)">ActivateWindow(4)</onleft>
				<onleft condition="Window.Previous(Home)">ActivateWindow(Home)</onleft>
				<onright condition="Container(9000).HasFocus(5)">9001</onright>
				<onright condition="Container(9000).HasFocus(6)">2</onright>
				<orientation>vertical</orientation>
				<itemgap>0</itemgap>
				<focusposition>0</focusposition>
				<scrolltime>400</scrolltime>
				<itemlayout width="450" height="60">
					<control type="label">
						<include>SettingsLabel</include>
						<label>$INFO[ListItem.Label]</label>
					</control>
				</itemlayout>
				<focusedlayout width="450" height="60">
					<control type="image">
						<texture>grey.png</texture>
						<animation effect="fade" start="100" end="50" time="0" condition="!Control.Hasfocus(9000)">conditional</animation>
					</control>
					<control type="label">
						<include>SettingsLabelFocus</include>
						<label>$INFO[ListItem.Label]</label>
					</control>
				</focusedlayout>
				<content>
					<!-- Login Options -->
					<item id="5">
						<label>31369</label>
						<icon></icon>
						<onclick>SetFocus(55)</onclick>
					</item>
					<!-- User Options -->
					<item id="6">
						<label>31373</label>
						<icon></icon>
						<onclick>SetFocus(9001)</onclick>
					</item>
				</content>
			</control>
			<!--  MENU DA DIREITA -->
			<control type="label">
				<include>SettingsRightTitle</include>
				<label>31370</label>
			</control>
			<control type="grouplist" id="9001">
				<left>454</left>
				<top>180</top>
				<width>1466</width>
				<height>412</height>
				<itemgap>0</itemgap>
				<onup>2</onup>
				<ondown>2</ondown>
				<onleft>9000</onleft>
				<onright>9000</onright>
				<control type="radiobutton" id="4">
					<label>31372</label>
					<visible>Container(9000).HasFocus(5)</visible>
				</control>
			</control>
			<control type="list" id="2">
				<viewtype>list</viewtype>
				<left>454</left>
				<top>180</top>
				<width>1466</width>
				<height>412</height>
				<itemgap>0</itemgap>
				<onleft>9000</onleft>
				<onright>9000</onright>
				<onup>4</onup>
				<ondown>4</ondown>
				<scrolltime>0</scrolltime>
				<orientation>vertical</orientation>
				<pagecontrol>60</pagecontrol>
				<visible>Container(9000).HasFocus(6)</visible>
				<itemlayout width="1466" height="60">
					<control type="label">
						<left>75</left>
						<top>0</top>
						<width>900</width>
						<height>60</height>
						<align>left</align>
						<aligny>center</aligny>
						<font>font_settings</font>
						<label>$INFO[ListItem.Label] ($INFO[ListItem.Label2])</label>
						<visible>!String.IsEmpty(ListItem.Label2)</visible>
					</control>
					<control type="label">
						<left>75</left>
						<top>0</top>
						<width>900</width>
						<height>60</height>
						<align>left</align>
						<aligny>center</aligny>
						<font>font_settings</font>
						<label>$INFO[ListItem.Label]</label>
						<visible>String.IsEmpty(ListItem.Label2)</visible>
					</control>
				</itemlayout>
				<focusedlayout width="1466" height="60">
					<control type="image">
						<left>0</left>
						<top>0</top>
						<width>1466</width>
						<height>60</height>
						<texture>grey.png</texture>
						<visible>Control.HasFocus(2)</visible>
					</control>
					<control type="label">
						<left>75</left>
						<top>0</top>
						<width>900</width>
						<height>60</height>
						<align>left</align>
						<aligny>center</aligny>
						<font>font_settings</font>
						<label>$INFO[ListItem.Label] ($INFO[ListItem.Label2])</label>
						<visible>![String.IsEmpty(ListItem.Label2) | Control.HasFocus(2)]</visible>
					</control>
					<control type="label">
						<left>75</left>
						<top>0</top>
						<width>900</width>
						<height>60</height>
						<align>left</align>
						<aligny>center</aligny>
						<font>font_settings</font>
						<label>$INFO[ListItem.Label]</label>
						<visible>String.IsEmpty(ListItem.Label2) + !Control.HasFocus(2)</visible>
					</control>
					<control type="label">
						<left>75</left>
						<top>0</top>
						<width>900</width>
						<height>60</height>
						<align>left</align>
						<aligny>center</aligny>
						<font>font_settings</font>
						<textcolor>E0101010</textcolor>
						<label>$INFO[ListItem.Label] ($INFO[ListItem.Label2])</label>
						<visible>!String.IsEmpty(ListItem.Label2) + Control.HasFocus(2)</visible>
					</control>
					<control type="label">
						<left>75</left>
						<top>0</top>
						<width>900</width>
						<height>60</height>
						<align>left</align>
						<aligny>center</aligny>
						<font>font_settings</font>
						<textcolor>E0101010</textcolor>
						<label>$INFO[ListItem.Label]</label>
						<visible>String.IsEmpty(ListItem.Label2) + Control.HasFocus(2)</visible>
					</control>
				</focusedlayout>
			</control>
			<include>RSS</include>
			<include>background_black</include>
		</control>
	</controls>
</window>
