<?xml version="1.0" encoding="UTF-8"?>
<window>
	<!-- KBK Multimedia Center -->
	<defaultcontrol always="true">22</defaultcontrol>
	<controls>
		<control type="group">
			<top>120</top>
			<include>animation_dialogpopup</include>
			<visible>!Window.IsVisible(smartplaylistrule)</visible>
			<control type="image">
				<left>256</left>
				<top>60</top>
				<width>45</width>
				<height>722</height>
				<texture flipx="true">shadow.png</texture>
				<colordiffuse>C3FFFFFF</colordiffuse>
			</control>
			<!-- Fundo -->
			<control type="image">
				<left>300</left>
				<top>60</top>
				<width>1312</width>
				<height>722</height>
				<texture>$VAR[texture_base]</texture>
				<colordiffuse>F0FFFFFF</colordiffuse>
			</control>
			<!-- Fundo do titulo -->
			<control type="image">
				<left>300</left>
				<top>60</top>
				<width>1312</width>
				<height>75</height>
				<texture>black.png</texture>
				<colordiffuse>90FFFFFF</colordiffuse>
			</control>
			<!-- Titulo -->
			<control type="label">
				<left>330</left>
				<top>75</top>
				<width>1035</width>
				<height>38</height>
				<align>center</align>
				<label>21432</label>
				<font>font_list</font>
				<textcolor>80FFFAF0</textcolor>
			</control>
			<!-- Tipo -->
			<control type="button" id="22">
				<left>300</left>
				<top>135</top>
				<width>1066</width>
				<label>467</label>
				<font>font_button</font>
				<textoffsetx>30</textoffsetx>
				<onright>22</onright>
				<onleft>22</onleft>
				<onup>18</onup>
				<ondown>12</ondown>
			</control>
			<!-- Name da playlist -->
			<control type="label" id="2">
				<left>330</left>
				<top>210</top>
				<width>630</width>
				<height>38</height>
				<label></label>
				<font>font_button</font>
				<textcolor>$INFO[skin.string(colorheader)]</textcolor>
			</control>
			<control type="image">
				<left>300</left>
				<top>255</top>
				<width>1066</width>
				<height>60</height>
				<texture>black.png</texture>
				<colordiffuse>40FFFFFF</colordiffuse>
				<visible>!Control.HasFocus(12)</visible>
			</control>
			<!-- text box para o name da playlist -->
			<control type="edit" id="12">
				<left>300</left>
				<top>255</top>
				<width>1066</width>
				<height>60</height>
				<textwidth>945</textwidth>
				<align>left</align>
				<aligny>center</aligny>
				<label></label>
				<onup>22</onup>
				<onleft>12</onleft>
				<onright>12</onright>
				<ondown>10</ondown>
				<font>font_button</font>
				<textoffsetx>30</textoffsetx>
				<texturenofocus></texturenofocus>
				<texturefocus>grey.png</texturefocus>
			</control>
			<!-- Encontrar itens onde -->
			<control type="label">
				<left>330</left>
				<top>322</top>
				<width>630</width>
				<height>38</height>
				<align>left</align>
				<label>21434</label>
				<font>font_button</font>
				<textcolor>$INFO[skin.string(colorheader)]</textcolor>
			</control>
			<!-- Regras -->
			<control type="list" id="10">
				<left>300</left>
				<top>368</top>
				<width>1066</width>
				<height>184</height>
				<onup>12</onup>
				<onleft>10</onleft>
				<onright>9000</onright>
				<ondown>16</ondown>
				<itemlayout height="60" width="1066">
					<control type="label">
						<left>30</left>
						<top>0</top>
						<width>600</width>
						<height>58</height>
						<align>left</align>
						<aligny>center</aligny>
						<info>ListItem.Label</info>
						<font>font_button</font>
					</control>
				</itemlayout>
				<focusedlayout height="60" width="1066">
					<control type="image">
						<left>0</left>
						<top>0</top>
						<width>1066</width>
						<height>60</height>
						<texture>black.png</texture>
						<colordiffuse>40FFFFFF</colordiffuse>
						<visible>!Control.HasFocus(10)</visible>
					</control>
					<control type="image">
						<left>0</left>
						<top>0</top>
						<width>1066</width>
						<height>60</height>
						<texture>grey.png</texture>
						<colordiffuse>FFF8F8F8</colordiffuse>
						<visible>Control.HasFocus(10)</visible>
					</control>
					<control type="label">
						<left>30</left>
						<top>0</top>
						<width>600</width>
						<height>58</height>
						<align>left</align>
						<aligny>center</aligny>
						<info>ListItem.Label</info>
						<font>font_button</font>
						<textcolor>FFF8F8F8</textcolor>
						<disabledcolor>FF505050</disabledcolor>
						<visible>!Control.HasFocus(10)</visible>
					</control>
					<control type="label">
						<left>30</left>
						<top>0</top>
						<width>600</width>
						<height>58</height>
						<align>left</align>
						<aligny>center</aligny>
						<info>ListItem.Label</info>
						<font>font_button</font>
						<textcolor>E0101010</textcolor>
						<disabledcolor>FF505050</disabledcolor>
						<visible>Control.HasFocus(10)</visible>
					</control>
				</focusedlayout>
			</control>
			<!-- Items devem conter -->
			<control type="button" id="16">
				<left>300</left>
				<top>540</top>
				<width>1066</width>
				<height>60</height>
				<label>21424</label>
				<font>font_button</font>
				<textoffsetx>30</textoffsetx>
				<onright>9001</onright>
				<onleft>16</onleft>
				<onup>10</onup>
				<ondown>17</ondown>
			</control>
			<!-- Limitar em -->
			<control type="button" id="17">
				<left>300</left>
				<top>600</top>
				<width>1066</width>
				<height>60</height>
				<label>21427</label>
				<font>font_button</font>
				<textoffsetx>30</textoffsetx>
				<onright>9001</onright>
				<onleft>17</onleft>
				<onup>16</onup>
				<ondown>18</ondown>
			</control>
			<!-- Ordenar por -->
			<control type="button" id="18">
				<left>300</left>
				<top>660</top>
				<width>732</width>
				<height>60</height>
				<label>21429</label>
				<font>font_button</font>
				<textoffsetx>30</textoffsetx>
				<onright>19</onright>
				<onleft>19</onleft>
				<onup>17</onup>
				<ondown>23</ondown>
			</control>
			<!-- Ascendente / Descendente -->
			<control type="button" id="19">
				<left>1035</left>
				<top>660</top>
				<width>330</width>
				<height>60</height>
				<onright>20</onright>
				<onleft>18</onleft>
				<onup>17</onup>
				<ondown>23</ondown>
				<align>left</align>
				<font>font_button</font>
				<texturenofocus></texturenofocus>
				<texturefocus>grey.png</texturefocus>
				<textcolor>FFbbbbbb</textcolor>
				<focusedcolor>E0101010</focusedcolor>
				<disabledcolor>FF505050</disabledcolor>
				<pulseonselect>false</pulseonselect>
				<textoffsetx>30</textoffsetx>
			</control>
			<control type="button" id="23">
				<left>300</left>
				<top>720</top>
				<width>732</width>
				<height>60</height>
				<label>21458</label>
				<font>font_button</font>
				<textoffsetx>30</textoffsetx>
				<onright>24</onright>
				<onleft>24</onleft>
				<onup>18</onup>
				<ondown>22</ondown>
			</control>
			<control type="radiobutton" id="24">
				<left>1035</left>
				<top>720</top>
				<width>330</width>
				<height>60</height>
				<align>left</align>
				<label>21459</label>
				<font>font_button</font>
				<textwidth>218</textwidth>
				<radioposx>278</radioposx>
				<onright>23</onright>
				<onleft>23</onleft>
				<onup>19</onup>
				<ondown>22</ondown>
				<textoffsetx>30</textoffsetx>
			</control>
			<!-- Opcoes -->
			<control type="image">
				<left>1323</left>
				<top>60</top>
				<width>45</width>
				<height>722</height>
				<texture flipx="true">shadow.png</texture>
				<colordiffuse>C3FFFFFF</colordiffuse>
			</control>
			<control type="image">
				<left>1612</left>
				<top>60</top>
				<width>45</width>
				<height>722</height>
				<texture>shadow.png</texture>
				<colordiffuse>C3FFFFFF</colordiffuse>
			</control>
			<control type="image">
				<left>1368</left>
				<top>60</top>
				<width>244</width>
				<height>722</height>
				<texture>grey.png</texture>
				<colordiffuse>90FFFFFF</colordiffuse>
			</control>
			<control type="grouplist" id="9000">
				<width>244</width>
				<left>1368</left>
				<top>368</top>
				<!-- Adicionar -->
				<control type="button" id="13">
					<include>SettingsDialogButton</include>
					<label>$LOCALIZE[15019]</label>
					<onleft>9002</onleft>
				</control>
				<!-- Remover -->
				<control type="button" id="14">
					<include>SettingsDialogButton</include>
					<label>$LOCALIZE[1210]</label>
					<onleft>9002</onleft>
				</control>
				<!-- Editar -->
				<control type="button" id="15">
					<include>SettingsDialogButton</include>
					<label>$LOCALIZE[21435]</label>
					<onleft>9002</onleft>
				</control>
				<!-- Cancelar -->
				<control type="button" id="21">
					<include>SettingsDialogButton</include>
					<label>$LOCALIZE[222]</label>
					<onleft>9002</onleft>
				</control>
				<!-- OK -->
				<control type="button" id="20">
					<include>SettingsDialogButton</include>
					<label>$LOCALIZE[186]</label>
					<onleft>9002</onleft>
				</control>
			</control>
			<control type="image">
				<left>1356</left>
				<top>60</top>
				<width>256</width>
				<height>722</height>
				<texture flipx="true">menu_glass.png</texture>
				<colordiffuse>70FFFAF0</colordiffuse>
			</control>
		</control>
	</controls>
</window>
