<?xml version="1.0" encoding="UTF-8"?>
<window>
	<!-- KBK Multimedia Center -->
	<defaultcontrol always="true">9001</defaultcontrol>
	<include>animation_dialogpopup</include>
	<controls>
		<control type="image">
			<left>280</left>
			<top>294</top>
			<width>45</width>
			<height>474</height>
			<texture flipx="true">shadow.png</texture>
			<colordiffuse>C3FFFFFF</colordiffuse>
		</control>
		<control type="group">
			<left>324</left>
			<top>294</top>
			<width>1270</width>
			<height>492</height>
			<!-- Fundo -->
			<control type="image">
				<left>0</left>
				<top>0</top>
				<width>1292</width>
				<height>474</height>
				<texture>$VAR[texture_base]</texture>
				<colordiffuse>$INFO[skin.string(colortexture)]</colordiffuse>
			</control>
			<!-- Fundo do titulo -->
			<control type="image">
				<left>0</left>
				<top>0</top>
				<width>1292</width>
				<height>75</height>
				<texture>black.png</texture>
				<colordiffuse>90FFFFFF</colordiffuse>
			</control>
			<!-- Titulo -->
			<control type="label">
				<left>30</left>
				<top>15</top>
				<width>1038</width>
				<height>38</height>
				<align>center</align>
				<label>21421</label>
				<font>font_list</font>
				<textcolor>80FFFAF0</textcolor>
			</control>
			<!-- Definicao da regra -->
			<control type="label">
				<left>30</left>
				<top>112</top>
				<width>720</width>
				<height>38</height>
				<label>21422</label>
				<font>font_button</font>
				<textcolor>$INFO[skin.string(colorheader)]</textcolor>
			</control>
			<control type="group" id="9001">
				<!-- Campo para digitar a regra -->
				<control type="button" id="15">
					<left>0</left>
					<top>165</top>
					<width>510</width>
					<height>62</height>
					<font>font_button</font>
					<textoffsetx>30</textoffsetx>
					<onright>16</onright>
					<onleft>16</onleft>
					<onup>9000</onup>
					<ondown>17</ondown>
				</control>
				<!-- Contem -->
				<control type="button" id="16">
					<left>544</left>
					<top>165</top>
					<width>504</width>
					<height>62</height>
					<font>font_button</font>
					<textoffsetx>30</textoffsetx>
					<onright>9000</onright>
					<onleft>15</onleft>
					<onup>9000</onup>
					<ondown>17</ondown>
				</control>
			</control>
			<!-- Valor -->
			<control type="edit" id="17">
				<textoffsetx>18</textoffsetx>
				<left>0</left>
				<top>303</top>
				<width>1048</width>
				<height>66</height>
				<font>font_header</font>
				<align>center</align>
				<aligny>center</aligny>
				<texturefocus>grey.png</texturefocus>
				<texturenofocus colordiffuse="40FFFFFF">black.png</texturenofocus>
				<label></label>
				<onup>9001</onup>
				<onleft>17</onleft>
				<onright>18</onright>
				<ondown>17</ondown>
			</control>
			<!-- Opcoes -->
			<control type="image">
				<left>1006</left>
				<top>0</top>
				<width>45</width>
				<height>474</height>
				<texture flipx="true">shadow.png</texture>
				<colordiffuse>C3FFFFFF</colordiffuse>
			</control>
			<control type="image">
				<left>1294</left>
				<top>0</top>
				<width>45</width>
				<height>474</height>
				<texture>shadow.png</texture>
				<colordiffuse>C3FFFFFF</colordiffuse>
			</control>
			<control type="image">
				<left>1050</left>
				<top>0</top>
				<width>244</width>
				<height>474</height>
				<texture>grey.png</texture>
				<colordiffuse>90FFFFFF</colordiffuse>
			</control>
			<control type="grouplist" id="9000">
				<width>244</width>
				<left>1050</left>
				<top>165</top>
				<!-- Procurar -->
				<control type="button" id="20">
					<include>SettingsDialogButton</include>
					<label>$LOCALIZE[1024]</label>
					<onleft>9001</onleft>
				</control>
				<!-- Cancelar -->
				<control type="button" id="19">
					<include>SettingsDialogButton</include>
					<label>$LOCALIZE[222]</label>
					<onleft>9001</onleft>
				</control>
				<!-- OK -->
				<control type="button" id="18">
					<include>SettingsDialogButton</include>
					<label>$LOCALIZE[186]</label>
					<onleft>9001</onleft>
				</control>
			</control>
			<control type="image">
				<left>1038</left>
				<top>0</top>
				<width>256</width>
				<height>474</height>
				<texture flipx="true">menu_glass.png</texture>
				<colordiffuse>70FFFAF0</colordiffuse>
			</control>
		</control>
	</controls>
</window>
