<?xml version="1.0" encoding="UTF-8"?>
<window>
	<!-- KBK Multimedia Center -->
	<onload condition="Skin.HasSetting(startplay)">PlayMedia($INFO[skin.string(startupplaylist)])</onload>
	<onload>Skin.Reset(firstload)</onload>
	<onload condition="System.HasAddon(script.games.rom.collection.browser)">RunScript(script.games.rom.collection.browser,limit=12)</onload>
	<onload condition="Skin.HasSetting(randomthemes) + String.IsEmpty(skin.string(resource.images.skinthemes.aeonmq))">Skin.SetString(resource.images.skinthemes.aeonmq,resource://resource.images.skinthemes.aeonmq/pumpkin/)</onload>
	<onload condition="Skin.HasSetting(randomthemes) + String.IsEqual(skin.string(resource.images.skinthemes.aeonmq),resource://resource.images.skinthemes.aeonmq/pumpkin/)">Skin.SetString(resource.images.skinthemes.aeonmq,resource://resource.images.skinthemes.aeonmq/colours/)</onload>
	<onload condition="Skin.HasSetting(randomthemes) + String.IsEqual(skin.string(resource.images.skinthemes.aeonmq),resource://resource.images.skinthemes.aeonmq/colours/)">Skin.SetString(resource.images.skinthemes.aeonmq,resource://resource.images.skinthemes.aeonmq/reddish/)</onload>
	<onload condition="Skin.HasSetting(randomthemes) + String.IsEqual(skin.string(resource.images.skinthemes.aeonmq),resource://resource.images.skinthemes.aeonmq/reddish/)">Skin.SetString(resource.images.skinthemes.aeonmq,resource://resource.images.skinthemes.aeonmq/modern/)</onload>
	<onload condition="Skin.HasSetting(randomthemes) + String.IsEqual(skin.string(resource.images.skinthemes.aeonmq),resource://resource.images.skinthemes.aeonmq/modern/)">Skin.SetString(resource.images.skinthemes.aeonmq,resource://resource.images.skinthemes.aeonmq/future/)</onload>
	<onload condition="Skin.HasSetting(randomthemes) + String.IsEqual(skin.string(resource.images.skinthemes.aeonmq),resource://resource.images.skinthemes.aeonmq/future/)">Skin.SetString(resource.images.skinthemes.aeonmq,resource://resource.images.skinthemes.aeonmq/cold/)</onload>
	<onload condition="Skin.HasSetting(randomthemes) + String.IsEqual(skin.string(resource.images.skinthemes.aeonmq),resource://resource.images.skinthemes.aeonmq/cold/)">Skin.SetString(resource.images.skinthemes.aeonmq,resource://resource.images.skinthemes.aeonmq/warm/)</onload>
	<onload condition="Skin.HasSetting(randomthemes) + String.IsEqual(skin.string(resource.images.skinthemes.aeonmq),resource://resource.images.skinthemes.aeonmq/warm/)">Skin.SetString(resource.images.skinthemes.aeonmq,resource://resource.images.skinthemes.aeonmq/darkness/)</onload>
	<onload condition="Skin.HasSetting(randomthemes) + String.IsEqual(skin.string(resource.images.skinthemes.aeonmq),resource://resource.images.skinthemes.aeonmq/darkness/)">Skin.SetString(resource.images.skinthemes.aeonmq,resource://resource.images.skinthemes.aeonmq/digitalart/)</onload>
	<onload condition="Skin.HasSetting(randomthemes) + String.IsEqual(skin.string(resource.images.skinthemes.aeonmq),resource://resource.images.skinthemes.aeonmq/digitalart/)">Skin.Reset(resource.images.skinthemes.aeonmq)</onload>
	<onload>ReplaceWindow($INFO[System.StartupWindow])</onload>
	<controls />
</window>