<?xml version="1.0" encoding="UTF-8"?>
<window>
	<!-- KBK Multimedia Center -->
	<controls>
		<control type="group">
			<left>0</left>
			<top>0</top>
			<width>1920</width>
			<height>188</height>
			<animation effect="slide" time="400" start="0,-188" end="0,0" easing="out" tween="cubic">WindowOpen</animation>
			<animation effect="slide" time="400" start="0,-188" end="0,0" easing="out" tween="cubic">Visible</animation>
			<animation effect="slide" time="400" start="0,0" end="0,-188" easing="in" tween="cubic">WindowClose</animation>
			<animation effect="slide" time="400" start="0,0" end="0,-188" easing="in" tween="cubic">Hidden</animation>
			<visible>![Window.IsVisible(seekbar) | Window.IsVisible(osdvideosettings) | Window.IsVisible(osdaudiosettings) | Window.IsActive(fullscreeninfo) | Window.IsActive(videoosd) | Skin.HasSetting(customosd)]</visible>
			<control type="image">
				<left>0</left>
				<top>0</top>
				<height>300</height>
				<width>1920</width>
				<texture flipy="true">shadow_mask.png</texture>
				<colordiffuse>75000000</colordiffuse>
			</control>
			<control type="label" id="10">
				<left>45</left>
				<top>15</top>
				<width>1875</width>
				<height>30</height>
				<align>left</align>
				<aligny>center</aligny>
				<font>font_button</font>
				<label></label>
			</control>
			<control type="label" id="11">
				<left>45</left>
				<top>82</top>
				<width>1875</width>
				<height>30</height>
				<align>left</align>
				<aligny>center</aligny>
				<font>font_button</font>
				<label></label>
			</control>
			<control type="label" id="12">
				<left>45</left>
				<top>150</top>
				<width>1875</width>
				<height>68</height>
				<align>left</align>
				<aligny>center</aligny>
				<font>font_button</font>
				<label></label>
			</control>
		</control>
	</controls>
</window>
