<?xml version="1.0" encoding="UTF-8"?>
<window>
	<!-- KBK Multimedia Center -->
	<defaultcontrol always="true">2</defaultcontrol>
	<coordinates>
		<system>1</system>
	</coordinates>
	<include>animation_dialogpopup</include>
	<controls>
		<control type="image">
			<left>165</left>
			<top>0</top>
			<width>45</width>
			<height>1080</height>
			<texture flipx="true">shadow.png</texture>
			<colordiffuse>C3FFFFFF</colordiffuse>
		</control>
		<control type="image">
			<left>1710</left>
			<top>0</top>
			<width>45</width>
			<height>1080</height>
			<texture>shadow.png</texture>
			<colordiffuse>C3FFFFFF</colordiffuse>
		</control>
		<control type="image">
			<left>210</left>
			<top>0</top>
			<width>1500</width>
			<height>1080</height>
			<texture>$VAR[texture_base]</texture>
			<colordiffuse>$INFO[skin.string(colortexture)]</colordiffuse>
			<include>animation_defaultglass</include>
		</control>
		<control type="image">
			<left>210</left>
			<top>0</top>
			<width>1500</width>
			<height>120</height>
			<texture>black.png</texture>
			<colordiffuse>90FFFFFF</colordiffuse>
		</control>
		<control type="label">
			<left>322</left>
			<top>34</top>
			<width>1278</width>
			<height>45</height>
			<label>$LOCALIZE[298]</label>
			<font>font_titlesettings</font>
			<textcolor>FFF8F8F8</textcolor>
			<align>center</align>
			<aligny>center</aligny>
			<include>animation_fade</include>
		</control>
		<control type="panel" id="11">
			<viewtype label="536">icon</viewtype>
			<left>210</left>
			<top>180</top>
			<width>1500</width>
			<height>645</height>
			<onleft>2</onleft>
			<onright>80</onright>
			<ondown>2</ondown>
			<onup>2</onup>
			<scrolltime>200</scrolltime>
			<pagecontrol>80</pagecontrol>
			<orientation>vertical</orientation>
			<itemlayout height="322" width="375">
				<control type="image">
					<left>3</left>
					<top>3</top>
					<width>368</width>
					<height>316</height>
					<texture border="3">black.png</texture>
					<colordiffuse>C3FFFFFF</colordiffuse>
				</control>
				<control type="image">
					<left>10</left>
					<top>10</top>
					<width>352</width>
					<height>248</height>
					<aspectratio>scale</aspectratio>
					<info>ListItem.Icon</info>
				</control>
				<control type="label">
					<left>0</left>
					<top>278</top>
					<width>338</width>
					<height>22</height>
					<font>font_plot</font>
					<include>listcolor</include>
					<align>center</align>
					<aligny>center</aligny>
					<label>$INFO[ListItem.Label]$INFO[ListItem.Label2, (,)]</label>
				</control>
			</itemlayout>
			<focusedlayout height="322" width="375">
				<control type="image">
					<left>3</left>
					<top>3</top>
					<width>368</width>
					<height>316</height>
					<texture border="3">grey.png</texture>
					<colordiffuse>90FFFFFF</colordiffuse>
				</control>
				<control type="image">
					<left>10</left>
					<top>10</top>
					<width>352</width>
					<height>248</height>
					<aspectratio>scale</aspectratio>
					<info>ListItem.Icon</info>
				</control>
				<control type="label">
					<left>0</left>
					<top>278</top>
					<width>338</width>
					<height>22</height>
					<font>font_plot</font>
					<include>listcolorfocus</include>
					<align>center</align>
					<aligny>center</aligny>
					<label>$INFO[ListItem.Label]$INFO[ListItem.Label2, (,)]</label>
				</control>
			</focusedlayout>
		</control>
		<control type="image">
			<left>210</left>
			<top>952</top>
			<width>1500</width>
			<height>60</height>
			<texture>black.png</texture>
			<colordiffuse>90FFFFFF</colordiffuse>
		</control>
		<control type="grouplist" id="9000">
			<left>210</left>
			<top>952</top>
			<width>1500</width>
			<height>60</height>
			<itemgap>0</itemgap>
			<orientation>horizontal</orientation>
			<onleft>9000</onleft>
			<onright>9000</onright>
			<onup>11</onup>
			<ondown>11</ondown>
			<control type="button" id="2">
				<!-- Create Bookmark -->
				<align>center</align>
				<label>294</label>
				<width>750</width>
			</control>
			<control type="button" id="3">
				<!-- Clear Bookmark -->
				<align>center</align>
				<label>296</label>
				<width>750</width>
			</control>
			<control type="button" id="4">
				<!-- Clear Bookmark Episodes -->
				<align>center</align>
				<label>20406</label>
				<width>750</width>
				<visible>VideoPlayer.Content(episodes)</visible>
			</control>
		</control>
		<control type="scrollbar" id="80">
			<include>ScrollBar_Vertical</include>
			<left>1710</left>
			<top>172</top>
			<height>660</height>
			<onleft>11</onleft>
			<onright>11</onright>
			<include>animation_fade</include>
			<visible allowhiddenfocus="true">Control.HasFocus(80)</visible>
		</control>
		<control type="label">
			<left>1688</left>
			<top>885</top>
			<width>450</width>
			<height>52</height>
			<font>font_plot</font>
			<align>right</align>
			<aligny>center</aligny>
			<scroll>true</scroll>
			<textcolor>$INFO[skin.string(colorheader)]</textcolor>
			<label>$INFO[Container(11).NumItems] $LOCALIZE[31210] - $LOCALIZE[31215] $INFO[Container(11).CurrentPage]/$INFO[Container(11).NumPages]</label>
		</control>
	</controls>
</window>
