<?xml version="1.0" encoding="UTF-8"?>
<includes>
	<!-- KBK Multimedia Center -->
	<!-- VISTA PANEL - ID 62 -->	
	<include name="ViewPanel">
		<!-- default group -->
		<control type="group">
			<animation effect="fade" time="400">VisibleChange</animation>
			<include>ViewBack</include>
			<!-- Fundo -->
			<visible>Control.IsVisible(62)</visible>
			<control type="group">
				<animation effect="slide" time="500" start="-1200,0" end="0,0" tween="cubic" easing="out">WindowOpen</animation>
				<animation effect="slide" time="500" start="-1200,0" end="0,0" tween="cubic" easing="out">Visible</animation>
				<animation effect="fade" time="200" start="100" end="0">Hidden</animation>
				<!-- Movies/TVShows Poster/Programs -->
				<control type="panel" id="62">
					<viewtype label="31818">icon</viewtype>
					<left>758</left>
					<top>165</top>
					<width>1080</width>
					<height>765</height>
					<scrolltime>200</scrolltime>
					<orientation>vertical</orientation>
					<onup>9900</onup>
					<ondown>9920</ondown>
					<onleft>9900</onleft>
					<onright>80</onright>
					<pagecontrol>80</pagecontrol>
					<preloaditems>2</preloaditems>
					<visible>!Container.Content(years)</visible>
					<itemlayout condition="Window.IsActive(videos) + Skin.HasSetting(nopanelvideocase) + Container.Content(movies) + !Skin.HasSetting(noviewpanelposter) | Skin.HasSetting(nopanelvideocase) + [Container.Content(musicvideos) | Container.Content(sets)] | Container.Content(tvshows) + !Skin.HasSetting(noviewpanelposter)  | Container.Content(seasons)  | Container.Content(countries)  | Container.Content(studios)  | Container.Content(genres)" width="180" height="255">
						<!-- POSTER SEM ESTOJO -->
						<control type="image">
							<left>12</left>
							<top>9</top>
							<width>150</width>
							<height>212</height>
							<texture fallback="DefaultVideoPoster.png" diffuse="thumb_poster_diffuse.png" background="true">$VAR[poster]</texture>
							<aspectratio>keep</aspectratio>
							<include>animation_paneldimmer</include>
							<visible>![Window.IsActive(musicplaylist) | Window.IsActive(music)]</visible>
						</control>
						<control type="image">
							<left>12</left>
							<top>9</top>
							<width>150</width>
							<height>212</height>
							<texture fallback="DefaultAudioCover.png" diffuse="thumb_poster_diffuse.png" background="true">$VAR[poster]</texture>
							<aspectratio>keep</aspectratio>
							<include>animation_paneldimmer</include>
							<visible>Window.IsActive(musicplaylist) | Window.IsActive(music)</visible>
						</control>
						<control type="image">
							<left>122</left>
							<top>8</top>
							<width>38</width>
							<height>38</height>
							<texture colordiffuse="$INFO[skin.string(colorwatched)]">$VAR[watched_style]</texture>
							<include>animation_paneldimmer</include>
							<visible>!Skin.HasSetting(nooverlays) + String.IsEqual(ListItem.Overlay,OverlayWatched.png)</visible>
						</control>
					</itemlayout>
					<itemlayout condition="Container.Content(episodes)" width="360" height="270">
						<!-- EPISODIOS -->
						<control type="image">
							<left>12</left>
							<top>9</top>
							<width>330</width>
							<height>195</height>
							<fadetime>commonfadetime</fadetime>
							<aspectratio align="center" aligny="bottom">keep</aspectratio>
							<texture fallback="black.png" background="true">$VAR[poster]</texture>
							<bordertexture border="-2">black.png</bordertexture>
							<include>animation_paneldimmer</include>
						</control>
						<control type="image">
							<left>309</left>
							<top>170</top>
							<width>38</width>
							<height>38</height>
							<texture colordiffuse="$INFO[skin.string(colorwatched)]">$VAR[watched_style]</texture>
							<aspectratio align="center" aligny="bottom">keep</aspectratio>
							<include>animation_paneldimmer</include>
							<visible>![Skin.HasSetting(nooverlays) | String.Contains(skin.string(stylewatched),2) | String.Contains(skin.string(stylewatched),3)] + String.IsEqual(ListItem.Overlay,OverlayWatched.png)</visible>
						</control>
						<control type="image">
							<left>309</left>
							<top>170</top>
							<width>38</width>
							<height>38</height>
							<texture colordiffuse="$INFO[skin.string(colorwatched)]" flipy="true">$VAR[watched_style]</texture>
							<aspectratio align="center" aligny="bottom">keep</aspectratio>
							<visible>[!Skin.HasSetting(nooverlays) + String.IsEqual(ListItem.Overlay,OverlayWatched.png)] + [String.Contains(skin.string(stylewatched),2) | String.Contains(skin.string(stylewatched),3)]</visible>
						</control>
					</itemlayout>
					<itemlayout condition="Window.IsActive(videos) + Container.Content(movies) + !Skin.HasSetting(noviewpanelposter) + !Skin.HasSetting(nopanelvideocase)  | !Skin.HasSetting(nopanelvideocase) + [Container.Content(musicvideos) | Container.Content(sets)]" width="180" height="258">
					<!-- FILMES ESTOJO -->
						<!-- poster -->
						<control type="image">
							<left>14</left>
							<top>27</top>
							<width>148</width>
							<height>212</height>
							<texture fallback="DefaultVideoPoster.png" background="true">$VAR[poster]</texture>
							<fadetime>commonfadetime</fadetime>
							<include>animation_paneldimmer</include>
						</control>
						<!-- estojo -->
						<include content="views_videocase">	
							<param name="left" value="0" />
							<param name="top" value="-8" />
							<param name="width" value="184" />
							<param name="height" value="267" />
							<param name="aligny" value="bottom" />
							<param name="flipy" value="false" />
							<param name="diffuse" value="" />
							<param name="item" value="0" />
						</include>
						<!-- codec -->
						<control type="image">
							<left>70</left>
							<top>-6</top>
							<width>45</width>
							<height>45</height>
							<fadetime>commonfadetime</fadetime>
							<aspectratio align="center" aligny="center">keep</aspectratio>
							<texture colordiffuse="$INFO[skin.string(colorcodeccase)]">$VAR[videocodec0]</texture>							
						</control>						
						<control type="image">
							<left>126</left>
							<top>26</top>
							<width>38</width>
							<height>38</height>
							<texture colordiffuse="$INFO[skin.string(colorwatched)]">$VAR[watched_style]</texture>
							<include>animation_paneldimmer</include>
							<visible>!Skin.HasSetting(nooverlays) + String.IsEqual(ListItem.Overlay,OverlayWatched.png)</visible>
						</control>
					</itemlayout>
					<itemlayout condition="Window.IsActive(videos) + [Container.Content(movies) | Container.Content(tvshows)] + Skin.HasSetting(noviewpanelposter)" width="180" height="180">
						<!-- ARTE -->
						<!-- clearlogo e clearart -->
						<control type="image">
							<left>12</left>
							<top>9</top>
							<width>150</width>
							<height>212</height>
							<texture fallback="aeon_logo_small.png" background="true">$VAR[logoandclearart]</texture>
							<colordiffuse>FF909090</colordiffuse>
							<aspectratio>keep</aspectratio>
						</control>
						<control type="image">
							<left>122</left>
							<top>38</top>
							<width>38</width>
							<height>38</height>
							<texture colordiffuse="$INFO[skin.string(colorwatched)]">$VAR[watched_style]</texture>
							<visible>!Skin.HasSetting(nooverlays) + String.IsEqual(ListItem.Overlay,OverlayWatched.png)</visible>
						</control>
					</itemlayout>
					<itemlayout condition="!Window.IsActive(videos)" width="180" height="180">
						<control type="image">
							<left>9</left>
							<top>9</top>
							<width>158</width>
							<height>158</height>
							<texture fallback="DefaultAudioCover.png" diffuse="thumb_poster_diffuse.png" background="true">$VAR[poster]</texture>
							<colordiffuse>FF909090</colordiffuse>
							<aspectratio>keep</aspectratio>
							<include>animation_paneldimmer</include>
						</control>
						<control type="image">
							<left>122</left>
							<top>8</top>
							<width>38</width>
							<height>38</height>
							<texture colordiffuse="$INFO[skin.string(colorwatched)]">$VAR[watched_style]</texture>
							<include>animation_paneldimmer</include>
							<visible>!Skin.HasSetting(nooverlays) + String.IsEqual(ListItem.Overlay,OverlayWatched.png)</visible>
						</control>
					</itemlayout>
					<focusedlayout condition="Window.IsActive(videos) + Skin.HasSetting(nopanelvideocase) + Container.Content(movies) + !Skin.HasSetting(noviewpanelposter) | Skin.HasSetting(nopanelvideocase) + [Container.Content(musicvideos) | Container.Content(sets)] | Container.Content(tvshows) + !Skin.HasSetting(noviewpanelposter)  | Container.Content(seasons)  | Container.Content(countries)  | Container.Content(studios)  | Container.Content(genres)" width="180" height="255">
						<!-- POSTER SEM ESTOJO -->
						<control type="image">
							<left>12</left>
							<top>9</top>
							<width>150</width>
							<height>212</height>
							<texture fallback="DefaultVideoPoster.png" diffuse="thumb_poster_diffuse.png" background="true">$VAR[poster]</texture>
							<animation type="Focus" reversible="false">
								<effect type="zoom" center="auto" start="80" end="100" time="400" tween="back" easing="out" />
								<effect type="fade" start="80" end="100" time="400" />
							</animation>
							<aspectratio>keep</aspectratio>
							<visible>![Window.IsActive(musicplaylist) | Window.IsActive(music)]</visible>
						</control>
						<control type="image">
							<left>12</left>
							<top>9</top>
							<width>150</width>
							<height>212</height>
							<texture fallback="DefaultAudioCover.png" diffuse="thumb_poster_diffuse.png" background="true">$VAR[poster]</texture>
							<animation type="Focus" reversible="false">
								<effect type="zoom" center="auto" start="80" end="100" time="400" tween="back" easing="out" />
								<effect type="fade" start="80" end="100" time="400" />
							</animation>
							<aspectratio>keep</aspectratio>
							<visible>Window.IsActive(musicplaylist) | Window.IsActive(music)</visible>
						</control>
						<control type="image">
							<left>122</left>
							<top>8</top>
							<width>38</width>
							<height>38</height>
							<texture colordiffuse="$INFO[skin.string(colorwatched)]">$VAR[watched_style]</texture>
							<animation type="Focus" reversible="false">
								<effect type="zoom" center="90,90" start="80" end="100" time="400" tween="back" easing="out" />
								<effect type="fade" start="80" end="100" time="400" />
							</animation>
							<visible>!Skin.HasSetting(nooverlays) + String.IsEqual(ListItem.Overlay,OverlayWatched.png)</visible>
						</control>
					</focusedlayout>
					<focusedlayout condition="Container.Content(episodes)" width="360" height="270">
						<!-- EPISODIOS -->
						<control type="image">
							<left>12</left>
							<top>9</top>
							<width>330</width>
							<height>195</height>
							<fadetime>commonfadetime</fadetime>
							<aspectratio align="center" aligny="bottom">keep</aspectratio>
							<texture fallback="black.png" background="true">$VAR[poster]</texture>
							<bordertexture border="-2">grey.png</bordertexture>
							<animation type="Focus" reversible="false">
								<effect type="zoom" center="auto" start="80" end="100" time="400" tween="back" easing="out" />
								<effect type="fade" start="80" end="100" time="400" />
							</animation>
						</control>
						<control type="image">
							<left>310</left>
							<top>171</top>
							<width>38</width>
							<height>38</height>
							<texture colordiffuse="$INFO[skin.string(colorwatched)]">$VAR[watched_style]</texture>
							<aspectratio align="center" aligny="bottom">keep</aspectratio>
							<animation type="Focus" reversible="false">
								<effect type="zoom" center="90,90" start="80" end="100" time="400" tween="back" easing="out" />
								<effect type="fade" start="80" end="100" time="400" />
							</animation>
							<visible>![Skin.HasSetting(nooverlays) | String.Contains(skin.string(stylewatched),2) | String.Contains(skin.string(stylewatched),3)] + String.IsEqual(ListItem.Overlay,OverlayWatched.png)</visible>
						</control>
						<control type="image">
							<left>310</left>
							<top>171</top>
							<width>38</width>
							<height>38</height>
							<texture colordiffuse="$INFO[skin.string(colorwatched)]" flipy="true">$VAR[watched_style]</texture>
							<aspectratio align="center" aligny="bottom">keep</aspectratio>
							<animation type="Focus" reversible="false">
								<effect type="zoom" center="90,90" start="80" end="100" time="400" tween="back" easing="out" />
								<effect type="fade" start="80" end="100" time="400" />
							</animation>
							<visible>[!Skin.HasSetting(nooverlays) + String.IsEqual(ListItem.Overlay,OverlayWatched.png)] + [String.Contains(skin.string(stylewatched),2) | String.Contains(skin.string(stylewatched),3)]</visible>
						</control>
					</focusedlayout>
					<focusedlayout condition="Window.IsActive(videos) + Container.Content(movies) + !Skin.HasSetting(noviewpanelposter) + !Skin.HasSetting(nopanelvideocase)  | !Skin.HasSetting(nopanelvideocase) + [Container.Content(musicvideos) | Container.Content(sets)]" width="180" height="258">
						<control type="group">
							<animation type="Focus" reversible="false">
								<effect type="zoom" center="auto" start="80" end="100" time="400" tween="back" easing="out" />
								<effect type="fade" start="80" end="100" time="400" />
							</animation>
							<!-- poster -->
							<control type="image">
								<left>14</left>
								<top>27</top>
								<width>148</width>
								<height>212</height>
								<texture fallback="DefaultVideoPoster.png" background="true">$VAR[poster]</texture>
								<fadetime>commonfadetime</fadetime>
								<include>animation_paneldimmer</include>
							</control>
							<!-- estojo -->
							<include content="views_videocase">	
								<param name="left" value="0" />
								<param name="top" value="-8" />
								<param name="width" value="184" />
								<param name="height" value="267" />
								<param name="aligny" value="bottom" />
								<param name="flipy" value="false" />
								<param name="diffuse" value="" />
								<param name="item" value="0" />
							</include>
							<!-- codec -->
							<control type="image">
								<left>70</left>
								<top>-6</top>
								<width>45</width>
								<height>45</height>
								<fadetime>commonfadetime</fadetime>
								<aspectratio align="center" aligny="center">keep</aspectratio>
								<texture colordiffuse="$INFO[skin.string(colorcodeccase)]">$VAR[videocodec0]</texture>							
							</control>						
							<control type="image">
								<left>126</left>
								<top>26</top>
								<width>38</width>
								<height>38</height>
								<texture colordiffuse="$INFO[skin.string(colorwatched)]">$VAR[watched_style]</texture>
								<include>animation_paneldimmer</include>
								<visible>!Skin.HasSetting(nooverlays) + String.IsEqual(ListItem.Overlay,OverlayWatched.png)</visible>
							</control>
						</control>						
					</focusedlayout>
					<focusedlayout condition="Window.IsActive(videos) + [Container.Content(movies) | Container.Content(tvshows)] + Skin.HasSetting(noviewpanelposter)" width="180" height="180">
						<!-- clearlogo e clearart -->
						<control type="image">
							<left>12</left>
							<top>9</top>
							<width>150</width>
							<height>212</height>
							<texture fallback="aeon_logo_small.png" background="true">$VAR[logoandclearart]</texture>
							<aspectratio>keep</aspectratio>
							<animation type="Focus" reversible="false">
								<effect type="zoom" center="auto" start="80" end="100" time="400" tween="back" easing="out" />
								<effect type="fade" start="80" end="100" time="400" />
							</animation>
						</control>
						<control type="image">
							<left>122</left>
							<top>38</top>
							<width>38</width>
							<height>38</height>
							<texture colordiffuse="$INFO[skin.string(colorwatched)]">$VAR[watched_style]</texture>
							<animation type="Focus" reversible="false">
								<effect type="zoom" center="90,90" start="80" end="100" time="400" tween="back" easing="out" />
								<effect type="fade" start="80" end="100" time="400" />
							</animation>
							<visible>!Skin.HasSetting(nooverlays) + String.IsEqual(ListItem.Overlay,OverlayWatched.png)</visible>
						</control>
					</focusedlayout>
					<focusedlayout condition="!Window.IsActive(videos)" width="180" height="180">
						<control type="image">
							<left>9</left>
							<top>9</top>
							<width>158</width>
							<height>158</height>
							<texture fallback="DefaultVideoPoster.png" diffuse="thumb_poster_diffuse.png" background="true">$VAR[poster]</texture>
							<animation type="Focus" reversible="false">
								<effect type="zoom" center="auto" start="80" end="100" time="400" tween="back" easing="out" />
								<effect type="fade" start="80" end="100" time="400" />
							</animation>
							<aspectratio>keep</aspectratio>
						</control>
						<control type="image">
							<left>122</left>
							<top>8</top>
							<width>38</width>
							<height>38</height>
							<texture colordiffuse="$INFO[skin.string(colorwatched)]">$VAR[watched_style]</texture>
							<animation type="Focus" reversible="false">
								<effect type="zoom" center="90,90" start="80" end="100" time="400" tween="back" easing="out" />
								<effect type="fade" start="80" end="100" time="400" />
							</animation>
							<visible>!Skin.HasSetting(nooverlays) + String.IsEqual(ListItem.Overlay,OverlayWatched.png)</visible>
						</control>
					</focusedlayout>
				</control>
			</control>
			<!-- Info Panel -->
			<control type="group">
				<animation effect="slide" time="700" start="-1200,0" end="0,0" tween="cubic" easing="out">WindowOpen</animation>
				<animation effect="slide" time="700" start="0,0" end="-1200,0" tween="cubic" easing="out">WindowClose</animation>
				<animation effect="slide" time="700" start="-1200,0" end="0,0" tween="cubic" easing="out">Visible</animation>
				<animation effect="fade" time="200" start="100" end="0">Hidden</animation>
				<visible>Control.IsVisible(62) + !Container.Content(genres)</visible>
				<left>90</left>
				<top>120</top>
				<control type="image">
					<left>-8</left>
					<top>40</top>
					<width>626</width>
					<height>360</height>
					<texture>fanartframe.png</texture>
				</control>
				<control type="image">
					<left>15</left>
					<top>63</top>
					<width>580</width>
					<height>315</height>
					<texture fallback="DefaultExtraThumbs.png" background="true">$INFO[ListItem.Art(fanart)]</texture>
					<aspectratio>stretch</aspectratio>
					<fadetime>commonfadetime</fadetime>
				</control>
				<control type="label">
					<left>15</left>
					<top>393</top>
					<width>580</width>
					<height>22</height>
					<label>$VAR[glasslistinfofocus]</label>
					<font>font_plot</font>
					<scroll>true</scroll>
					<visible>!String.IsEqual(ListItem.Label,..)</visible>
				</control>
				<control type="image">
					<left>15</left>
					<top>434</top>
					<width>580</width>
					<height>3</height>
					<align>left</align>
					<texture flipx="true">divider.png</texture>
				</control>
				<control type="textbox">
					<left>15</left>
					<top>447</top>
					<width>580</width>
					<height>394</height>
					<label>$VAR[plot]</label>
					<font>font_plot</font>
					<autoscroll delay="8000" time="2000" repeat="8000">!Skin.HasSetting(noallowscroll)</autoscroll>
				</control>
			</control>
			<!-- Scroll Bar -->
			<control type="scrollbar" id="80">
				<include>ScrollBar_Vertical</include>
				<left>1845</left>
				<top>166</top>
				<height>706</height>
				<onleft>62</onleft>
				<onright>62</onright>
				<include>animation_fade</include>
				<visible allowhiddenfocus="true">Control.IsVisible(62) + Control.HasFocus(80)</visible>
			</control>
		</control>
	</include>
</includes>
