<?xml version="1.0" encoding="UTF-8"?>
<includes>
	<!-- KBK Multimedia Center -->
	<!-- VISTA LOW LIST - ID 55 -->
	<include name="LowListLabel">
		<left>0</left>
		<height>30</height>
		<width>525</width>
		<font>font_plot</font>
		<aligny>top</aligny>
		<align>left</align>
		<textcolor>$INFO[skin.string(colorheader)]</textcolor>
		<textoffsetx>0</textoffsetx>
		<textoffsety>0</textoffsety>
		<scroll>true</scroll>
	</include>
	<include name="ViewLowList">
		<!-- default group -->
		<control type="group">
			<animation effect="fade" time="400">VisibleChange</animation>
			<visible>Control.IsVisible(55)</visible>
			<control type="button" id="9915">
				<include>invisible</include>
				<onup>55</onup>
				<ondown>55</ondown>
				<onleft>55</onleft>
				<onright>9920</onright>
			</control>
			<control type="image">
				<left>0</left>
				<top>450</top>
				<width>1920</width>
				<height>315</height>
				<texture>gradient_small.png</texture>
				<colordiffuse>E9FFFFFF</colordiffuse>
				<include>animation_fade</include>
			</control>
			<control type="image">
				<left>0</left>
				<top>722</top>
				<width>1920</width>
				<height>45</height>
				<texture>shadow_h.png</texture>
				<colordiffuse>C3FFFFFF</colordiffuse>
				<include>animation_fade</include>
			</control>
			<control type="image">
				<left>0</left>
				<top>765</top>
				<width>450</width>
				<height>210</height>
				<texture flipy="true" diffuse="shadow_mask.png">$VAR[texture_base]</texture>
				<colordiffuse>$INFO[skin.string(colortexture)]</colordiffuse>
				<animation effect="fade" end="85" condition="true">Conditional</animation>
			</control>
			<control type="image">
				<left>1350</left>
				<top>765</top>
				<width>570</width>
				<height>210</height>
				<texture flipy="true" diffuse="shadow_mask.png">$VAR[texture_base]</texture>
				<colordiffuse>$INFO[skin.string(colortexture)]</colordiffuse>
				<animation effect="fade" end="85" condition="true">Conditional</animation>
				<include>animation_fade</include>
			</control>
			<control type="group">
				<animation effect="slide" time="500" start="0,600" end="0,0" tween="cubic" easing="out">WindowOpen</animation>
				<animation effect="slide" time="500" start="0,600" end="0,0" tween="cubic" easing="out">Visible</animation>
				<animation effect="fade" time="200" start="100" end="0">Hidden</animation>
				<control type="group">
					<animation effect="slide" time="600" start="0,0" end="-600,0" tween="cubic" easing="inout" condition="[Control.HasFocus(9915) | Window.IsActive(videos) + Skin.HasSetting(lowlistplotvideo) | [Window.IsActive(musicplaylist) | Window.IsActive(music)] + Skin.HasSetting(lowlistplotaudio)] + !String.IsEmpty(Control.GetLabel(5501))">Conditional</animation>
					<animation effect="slide" time="400" start="-600,0" end="0,0" tween="cubic" easing="inout">Hidden</animation>
					<!-- clearlogo e clearart -->
					<include content="logoandclearart_items">	
						<param name="left" value="1440" />
						<param name="top" value="570" />
						<param name="width" value="450" />
						<param name="height" value="195" />
					</include>
				</control>
				<!-- Painel de Info -->
				<control type="group">
					<animation effect="slide" time="600" start="600,0" end="0,0" tween="cubic" easing="inout">Visible</animation>
					<animation effect="slide" time="400" start="0,0" end="600,0" tween="cubic" easing="inout">Hidden</animation>
					<visible>Control.HasFocus(9915) | Window.IsActive(videos) + Skin.HasSetting(lowlistplotvideo) + !String.IsEmpty(Control.GetLabel(5501)) | [Window.IsActive(musicplaylist) |  Window.IsActive(music)] + Skin.HasSetting(lowlistplotaudio) + !String.IsEmpty(Control.GetLabel(5501))</visible>
					<control type="image">
						<left>1306</left>
						<top>-105</top>
						<width>45</width>
						<height>870</height>
						<texture flipx="true">shadow.png</texture>
						<colordiffuse>C3FFFFFF</colordiffuse>
					</control>
					<control type="image">
						<left>1350</left>
						<top>-105</top>
						<width>570</width>
						<height>870</height>
						<texture>$VAR[texture_base]</texture>
						<colordiffuse>$INFO[skin.string(colortexture)]</colordiffuse>
						<animation effect="fade" end="85" condition="true">Conditional</animation>
						<include>animation_fade</include>
					</control>
					<control type="textbox">
						<left>1380</left>
						<top>30</top>
						<width>510</width>
						<height>711</height>
						<font>font_plot</font>
						<label>$VAR[plot]</label>
						<autoscroll delay="30000" time="3000" repeat="30000">!Skin.HasSetting(noallowscroll)</autoscroll>
						<visible>!Window.IsActive(programs)</visible>
					</control>
					<control type="group">
					<visible>Window.IsActive(programs)</visible>
						<control type="textbox">
							<left>1380</left>
							<top>30</top>
							<width>510</width>
							<height>366</height>
							<font>font_plot</font>
							<label>$VAR[plot]</label>
							<autoscroll delay="30000" time="3000" repeat="30000">!Skin.HasSetting(noallowscroll)</autoscroll>
							<visible>Window.IsActive(programs)</visible>
						</control>
						<control type="image">
							<left>1410</left>
							<top>420</top>
							<width>450</width>
							<height>320</height>
							<texture>$INFO[ListItem.Art(snap)]</texture>
							<aspectratio align="center" aligny="bottom">keep</aspectratio>
							<animation effect="fade" end="85" condition="true">Conditional</animation>
							<include>animation_fade</include>
						</control>
						<control type="image">
							<left>1410</left>
							<top>-110</top>
							<width>450</width>
							<height>870</height>
							<texture>$INFO[ListItem.Art(controller)]</texture>
							<aspectratio align="right" aligny="bottom">keep</aspectratio>
							<animation effect="fade" end="85" condition="true">Conditional</animation>
							<include>animation_fade</include>
						</control>
					</control>
				</control>
				<!-- Painel de info -->
				<control type="grouplist">
					<left>1920</left>
					<top>771</top>
					<orientation>vertical</orientation>
					<itemgap>0</itemgap>
					<animation effect="slide" time="600" start="0,0" end="-540,0" tween="cubic" easing="inout" condition="Control.HasFocus(9915) | Window.IsActive(videos) + Skin.HasSetting(lowlistplotvideo) | [Window.IsActive(musicplaylist) | Window.IsActive(music)] + Skin.HasSetting(lowlistplotaudio)">Conditional</animation>
					<control type="label">
						<include>LowListLabel</include>
						<label>$VAR[ground11_label]: [COLOR=$INFO[skin.string(colortext)]]$VAR[ground11_value][/COLOR]</label>
					</control>
					<control type="label">
						<include>LowListLabel</include>
						<label>$VAR[ground12_label]: [COLOR=$INFO[skin.string(colortext)]]$VAR[ground12_value][/COLOR]</label>
					</control>
					<control type="label">
						<include>LowListLabel</include>
						<label>$VAR[ground13_label]: [COLOR=$INFO[skin.string(colortext)]]$VAR[ground13_value][/COLOR]</label>
					</control>
					<control type="label">
						<include>LowListLabel</include>
						<label>$VAR[ground15_label]: [COLOR=$INFO[skin.string(colortext)]]$VAR[ground15_value][/COLOR]</label>
					</control>
					<control type="label">
						<include>LowListLabel</include>
						<label>$VAR[ground16_label]: [COLOR=$INFO[skin.string(colortext)]]$VAR[ground16_value][/COLOR]</label>
					</control>
				</control>
				<control type="image">
					<left>405</left>
					<top>765</top>
					<width>45</width>
					<height>210</height>
					<texture flipx="true">shadow.png</texture>
					<colordiffuse>C3FFFFFF</colordiffuse>
				</control>
				<control type="image">
					<left>1350</left>
					<top>765</top>
					<width>45</width>
					<height>210</height>
					<texture>shadow.png</texture>
					<colordiffuse>C3FFFFFF</colordiffuse>
				</control>
				<control type="image">
					<left>450</left>
					<top>765</top>
					<width>900</width>
					<height>210</height>
					<texture flipy="true" diffuse="shadow_mask.png">$VAR[texture_base]</texture>
					<colordiffuse>$INFO[skin.string(colortexture)]</colordiffuse>
					<animation effect="fade" end="85" condition="true">Conditional</animation>
				</control>
				<control type="image">
					<left>1180</left>
					<top>765</top>
					<width>170</width>
					<height>210</height>
					<texture>grey.png</texture>
					<animation effect="fade" end="20" condition="true">conditional</animation>
					<visible>[Container.Content(movies) | Container.Content(musicvideos) | Container.Content(tvshows) | Container.Content(episodes) | Container.Content(songs) | Container.Content(albums) | Container.Content(years)]</visible>
				</control>
				<control type="fixedlist" id="55">
					<viewtype label="31807">list</viewtype>
					<left>450</left>
					<top>765</top>
					<width>900</width>
					<height>210</height>
					<pagecontrol>80</pagecontrol>
					<onleft>80</onleft>
					<onright condition="![String.IsEmpty(Control.GetLabel(5501)) | Window.IsActive(videos) + Skin.HasSetting(lowlistplotvideo) | [Window.IsActive(musicplaylist) | Window.IsActive(music)] + Skin.HasSetting(lowlistplotaudio)]">9915</onright>
					<onright condition="String.IsEmpty(Control.GetLabel(5501)) | Window.IsActive(videos) + Skin.HasSetting(lowlistplotvideo) | [Window.IsActive(musicplaylist) | Window.IsActive(music)] + Skin.HasSetting(lowlistplotaudio)">9920</onright>
					<onup>55</onup>
					<ondown>55</ondown>
					<focusposition>1</focusposition>
					<orientation>vertical</orientation>
					<scrolltime>450</scrolltime>
					<preloaditems>2</preloaditems>
					<itemlayout condition="[Window.IsActive(videos) + !Skin.HasSetting(slimlowlistvideo) | [Window.IsActive(musicplaylist) | Window.IsActive(music)] + !Skin.HasSetting(slimlowlistmusic)]" height="45">
						<control type="image">
							<left>0</left>
							<top>0</top>
							<width>898</width>
							<height>1</height>
							<texture>line.png</texture>
						</control>
						<control type="label">
							<left>30</left>
							<top>1</top>
							<width>675</width>
							<height>45</height>
							<font>font_list</font>
							<aligny>center</aligny>
							<include>listcolor</include>
							<label>$VAR[videotitle]</label>
						</control>
						<control type="label">
							<left>750</left>
							<top>0</top>
							<width>128</width>
							<height>45</height>
							<font>font_plot</font>
							<align>center</align>
							<aligny>center</aligny>
							<include>detailcolor</include>
							<label>$INFO[ListItem.Rating]</label>
						</control>
						<control type="image">
							<left>855</left>
							<top>4</top>
							<width>38</width>
							<height>38</height>
							<texture colordiffuse="$INFO[skin.string(colorwatched)]">$VAR[watched_style]</texture>
							<visible>!Skin.HasSetting(nooverlays) + String.IsEqual(ListItem.Overlay,OverlayWatched.png)</visible>
						</control>
					</itemlayout>
					<itemlayout condition="[Window.IsActive(videos) + Skin.HasSetting(slimlowlistvideo) | [Window.IsActive(musicplaylist) | Window.IsActive(music)] + Skin.HasSetting(slimlowlistmusic)]" height="40">
						<control type="image">
							<left>0</left>
							<top>0</top>
							<width>898</width>
							<height>1</height>
							<texture>line.png</texture>
						</control>
						<control type="label">
							<left>30</left>
							<top>1</top>
							<width>675</width>
							<height>40</height>
							<font>font_list</font>
							<aligny>center</aligny>
							<include>listcolor</include>
							<label>$VAR[videotitle]</label>
						</control>
						<control type="label">
							<left>750</left>
							<top>1</top>
							<width>128</width>
							<height>40</height>
							<font>font_plot</font>
							<align>center</align>
							<aligny>center</aligny>
							<include>detailcolor</include>
							<label>$INFO[ListItem.Rating]</label>
						</control>
						<control type="image">
							<left>848</left>
							<top>0</top>
							<width>42</width>
							<height>42</height>
							<texture colordiffuse="$INFO[skin.string(colorwatched)]">$VAR[watched_style]</texture>
							<visible>!Skin.HasSetting(nooverlays) + String.IsEqual(ListItem.Overlay,OverlayWatched.png)</visible>
						</control>
					</itemlayout>
					<focusedlayout condition="String.IsEmpty(Control.GetLabel(5502)) | [Window.IsActive(videos) + Skin.HasSetting(slimlowlistvideo) | [Window.IsActive(musicplaylist) | Window.IsActive(music)] + Skin.HasSetting(slimlowlistmusic)]" height="45">
						<control type="image">
							<left>0</left>
							<top>0</top>
							<width>900</width>
							<height>45</height>
							<texture>grey.png</texture>
						</control>
						<control type="label">
							<left>30</left>
							<top>1</top>
							<width>675</width>
							<height>45</height>
							<font>font_list</font>
							<aligny>center</aligny>
							<include>listcolorfocus</include>
							<label>$VAR[videotitle]</label>
						</control>
						<control type="label">
							<left>750</left>
							<top>0</top>
							<width>128</width>
							<height>45</height>
							<font>font_plot</font>
							<align>center</align>
							<aligny>center</aligny>
							<include>detailcolorfocus</include>
							<label>$INFO[ListItem.Rating]</label>
						</control>
						<control type="image">
							<left>848</left>
							<top>0</top>
							<width>45</width>
							<height>45</height>
							<texture colordiffuse="$INFO[skin.string(colorwatched)]">$VAR[watched_style]</texture>
							<visible>!Skin.HasSetting(nooverlays) + String.IsEqual(ListItem.Overlay,OverlayWatched.png)</visible>
						</control>
					</focusedlayout>
					<focusedlayout condition="!String.IsEmpty(Control.GetLabel(5502)) + [Window.IsActive(videos) + !Skin.HasSetting(slimlowlistvideo) | [Window.IsActive(musicplaylist) | Window.IsActive(music)] + !Skin.HasSetting(slimlowlistmusic)]" height="75">
						<control type="image">
							<left>0</left>
							<top>0</top>
							<width>900</width>
							<height>75</height>
							<texture>grey.png</texture>
						</control>
						<control type="label">
							<left>30</left>
							<top>0</top>
							<width>675</width>
							<height>45</height>
							<font>font_list</font>
							<aligny>center</aligny>
							<include>listcolorfocus</include>
							<label>$VAR[videotitle]</label>
						</control>
						<control type="label">
							<left>30</left>
							<top>44</top>
							<width>675</width>
							<height>24</height>
							<font>font_plot</font>
							<align>left</align>
							<aligny>center</aligny>
							<include>subcolorfocus</include>
							<label>$VAR[listinfofocus]</label>
							<visible>!String.IsEqual(ListItem.Label,..)</visible>
						</control>
						<!-- Nota -->
						<control type="label">
							<left>750</left>
							<top>0</top>
							<width>128</width>
							<height>45</height>
							<font>font_plot</font>
							<align>center</align>
							<aligny>center</aligny>
							<include>detailcolorfocus</include>
							<label>$INFO[ListItem.Rating]</label>
						</control>
						<!-- Estrelas -->
						<control type="image">
							<left>738</left>
							<top>45</top>
							<width>155</width>
							<height>16</height>
							<texture fallback="$VAR[styleratingstars,,0.png]">$VAR[styleratingstars]$INFO[ListItem.Rating,,.png]</texture>
							<aspectratio align="left" aligny="center">keep</aspectratio>
							<colordiffuse>$VAR[colorratingstars]</colordiffuse>
							<visible>![Container.Content(artists) | Container.Content(years) | Container.Content(genres) | Container.Content(seasons) | String.IsEmpty(ListItem.Title)]</visible>
						</control>
						<control type="image">
							<left>848</left>
							<top>-2</top>
							<width>45</width>
							<height>45</height>
							<texture colordiffuse="$INFO[skin.string(colorwatched)]">$VAR[watched_style]</texture>
							<visible>!Skin.HasSetting(nooverlays) + String.IsEqual(ListItem.Overlay,OverlayWatched.png)</visible>
						</control>
					</focusedlayout>
				</control>
				<control type="textbox">
					<left>1380</left>
					<top>780</top>
					<width>510</width>
					<height>171</height>
					<font>font_plot</font>
					<label>$VAR[plot]</label>
					<autoscroll delay="8000" time="2000" repeat="8000">!Skin.HasSetting(noallowscroll)</autoscroll>
					<animation effect="slide" time="600" start="600,0" end="0,0" tween="cubic" easing="inout">Visible</animation>
					<animation effect="slide" time="400" start="0,0" end="600,0" tween="cubic" easing="inout">Hidden</animation>
					<visible>![Control.HasFocus(9915) | Window.IsActive(videos) + Skin.HasSetting(lowlistplotvideo) | [Window.IsActive(musicplaylist) | Window.IsActive(music)] + Skin.HasSetting(lowlistplotaudio)]</visible>
				</control>
				<!-- Plot -->
				<control type="label" id="5501">
					<include>invisible</include>
					<label>$VAR[plot]</label>
				</control>
				<!-- Tag -->
				<control type="label" id="5502">
					<include>invisible</include>
					<label>$VAR[listinfofocus]</label>
				</control>
			</control>
			<!-- Default Group - Miniaturas -->
			<control type="group">
				<left>45</left>
				<top>300</top>
				<visible>Control.IsVisible(55)</visible>
				<animation effect="slide" time="1000" start="-600,0" end="0,0" tween="cubic" easing="out">WindowOpen</animation>
				<animation effect="slide" time="1000" start="-600,0" end="0,0" tween="cubic" easing="out">Visible</animation>
				<animation effect="fade" time="400" start="100" end="0">Hidden</animation>
				<!-- CDART VIDEO -->
				<control type="group">
					<animation effect="slide" start="-150,0" end="0,0" time="1000" tween="cubic" easing="out">WindowOpen</animation>
					<animation effect="slide" start="-150,0" end="0,0" time="1000" tween="cubic" easing="out">Visible</animation>
					<animation effect="fade" start="100" end="0" time="400">Hidden</animation>
					<!-- discart -->
					<include content="mediainfo_disc">	
						<param name="left" value="10" />
						<param name="top" value="105" />
						<param name="size" value="340" />
						<param name="slidedisc1" value="180" />
						<param name="slidedisc2" value="0" />
						<param name="slidecolumn" value="-10" />
						<param name="slidecolumncondition" value="Skin.HasSetting(nolowlistvideocase)" />
						<param name="disclayout" value="$VAR[videodisc_layout]" />
						<param name="discart" value="$VAR[media_discart]" />
						<param name="hiddenfade" value="100" />
						<param name="visible" value="Window.IsActive(videos) + String.IsEqual(listitem.dbtype,movie) + System.IdleTime(1) + [String.IsEqual(skin.string(videodiscart),always) | String.IsEqual(skin.string(videodiscart),ifavailable) + ![String.IsEmpty(Window(home).Property(SkinHelper.ListItem.Art.DiscArt)) + String.IsEmpty(ListItem.Art(discart))]]" />
					</include>
					<include content="mediainfo_disc">	
						<param name="left" value="40" />
						<param name="top" value="280" />
						<param name="size" value="320" />
						<param name="slidedisc1" value="0" />
						<param name="slidedisc2" value="-150" />
						<param name="slidecolumn" value="0" />
						<param name="slidecolumncondition" value="false" />
						<param name="disclayout" value="$VAR[audiodisc_layout]" />
						<param name="discart" value="$VAR[media_discart]" />
						<param name="hiddenfade" value="100" />
						<param name="visible" value="Window.IsActive(music) + String.IsEqual(listitem.dbtype,album) + System.IdleTime(1) + [String.IsEqual(skin.string(musicdiscart),always) | String.IsEqual(skin.string(musicdiscart),ifavailable) + ![String.IsEmpty(Window(home).Property(SkinHelper.ListItem.Art.DiscArt)) + String.IsEmpty(ListItem.Art(discart))]]" />
					</include>
				</control>
				<!-- CDART SETS -->
				<control type="grouplist">
					<left>398</left>
					<top>262</top>
					<orientation>horizontal</orientation>
					<itemgap>-117</itemgap>
					<animation type="WindowOpen">
						<effect type="slide" start="-150,0" end="0,0" time="500" delay="500" tween="cubic" easing="out" />
						<effect type="fade" start="0" end="100" time="500" delay="500" />
					</animation>
					<animation type="Visible">
						<effect type="slide" start="-150,0" end="0,0" time="500" delay="500" tween="cubic" easing="out" />
						<effect type="fade" start="0" end="100" time="500" delay="500" />
					</animation>
					<animation effect="fade" start="100" end="0" time="200">WindowClose</animation>
					<animation type="Hidden">
						<effect type="slide" start="0,0" end="-150,0" time="300" tween="cubic" easing="out" />
						<effect type="fade" start="100" end="0" time="200" />
					</animation>
					<visible>Window.IsActive(videos) + ListItem.IsCollection</visible>
					<include content="discart_items">
						<param name="item" value="0" />
						<param name="size" value="195" />
					</include>
					<include content="discart_items">
						<param name="item" value="1" />
						<param name="size" value="195" />
					</include>
					<include content="discart_items">
						<param name="item" value="2" />
						<param name="size" value="195" />
					</include>
					<include content="discart_items">
						<param name="item" value="3" />
						<param name="size" value="195" />
					</include>
					<include content="discart_items">
						<param name="item" value="4" />
						<param name="size" value="195" />
					</include>
					<include content="discart_items">
						<param name="item" value="5" />
						<param name="size" value="195" />
					</include>
					<include content="discart_items">
						<param name="item" value="6" />
						<param name="size" value="195" />
					</include>
					<include content="discart_items">
						<param name="item" value="7" />
						<param name="size" value="195" />
					</include>
					<include content="discart_items">
						<param name="item" value="8" />
						<param name="size" value="195" />
					</include>
					<include content="discart_items">
						<param name="item" value="9" />
						<param name="size" value="195" />
					</include>
				</control>
				<!-- VIDEO SEM ESTOJO -->
				<control type="group">
					<include>animation_fade</include>
					<visible>![!Skin.HasSetting(nolowlistvideocase) + [Container.Content(movies) | Container.Content(musicvideos)  | Container.Content(sets)] | Window.IsActive(musicplaylist) | Window.IsActive(music)]</visible>
					<!-- Filmes/Fotos/Arquivos reflexo -->
					<control type="image">
						<left>-8</left>
						<top>628</top>
						<width>368</width>
						<height>525</height>
						<fadetime>commonfadetime</fadetime>
						<aspectratio align="center" aligny="top">keep</aspectratio>
						<texture flipy="true" diffuse="thumb_reflect.png" background="true">$VAR[poster]</texture>
						<bordertexture flipy="true" diffuse="thumb_reflect.png" border="-2">black.png</bordertexture>
					</control>
					<!-- Filmes/Fotos/Arquivos -->
					<control type="image">
						<left>-8</left>
						<top>98</top>
						<width>368</width>
						<height>525</height>
						<fadetime>commonfadetime</fadetime>
						<aspectratio align="center" aligny="bottom">keep</aspectratio>
						<texture fallback="DefaultVideoPoster.png" background="true">$VAR[poster]</texture>
						<bordertexture border="-2">black.png</bordertexture>
					</control>
				</control>
				<!-- FILMES ESTOJO -->
				<control type="group">
					<include>animation_fade</include>
					<visible>!Skin.HasSetting(nolowlistvideocase) + [Container.Content(movies) | Container.Content(musicvideos)  | Container.Content(sets)]</visible>
					<!-- poster reflexo -->
					<control type="image">
						<left>-8</left>
						<top>651</top>
						<width>368</width>
						<height>525</height>
						<fadetime>commonfadetime</fadetime>
						<texture flipy="true" diffuse="thumb_reflect.png" background="true">$VAR[poster]</texture>
						<aspectratio>stretch</aspectratio>
					</control>
					<!-- estojo reflexo -->
					<include content="views_videocase">	
						<param name="left" value="-39" />
						<param name="top" value="597" />
						<param name="width" value="453" />
						<param name="height" value="652" />
						<param name="aligny" value="top" />
						<param name="flipy" value="true" />
						<param name="diffuse" value="thumb_box_reflect.png" />
						<param name="item" value="0" />
					</include>
					<!-- poster -->
					<control type="image">
						<left>-8</left>
						<top>94</top>
						<width>368</width>
						<height>525</height>
						<fadetime>commonfadetime</fadetime>
						<texture fallback="DefaultVideoPoster.png" background="true">$VAR[poster]</texture>
					</control>
					<!-- estojo -->
					<include content="views_videocase">	
						<param name="left" value="-39" />
						<param name="top" value="12" />
						<param name="width" value="453" />
						<param name="height" value="652" />
						<param name="aligny" value="bottom" />
						<param name="flipy" value="false" />
						<param name="diffuse" value="" />
						<param name="item" value="0" />
					</include>
					<!-- codec -->
					<control type="image">
						<left>132</left>
						<top>18</top>
						<width>105</width>
						<height>105</height>
						<fadetime>commonfadetime</fadetime>
						<aspectratio align="center" aligny="center">keep</aspectratio>
						<texture colordiffuse="$INFO[skin.string(colorcodeccase)]">$VAR[videocodec0]</texture>						
					</control>
				</control>
				<!-- MUSICA -->
				<control type="group">
					<include>animation_fade</include>
					<visible>[Window.IsActive(musicplaylist) | Window.IsActive(music)] + Skin.HasSetting(nolowlistaudiocase)</visible>
					<!-- Musica reflexo -->
					<control type="image">
						<left>-8</left>
						<top>630</top>
						<width>368</width>
						<height>525</height>
						<fadetime>commonfadetime</fadetime>
						<aspectratio align="center" aligny="top">keep</aspectratio>
						<texture flipy="true" diffuse="thumb_reflect.png" background="true">$VAR[poster]</texture>
						<bordertexture flipy="true" diffuse="thumb_reflect.png" border="-2">black.png</bordertexture>
					</control>
					<!-- Musica -->
					<control type="image">
						<left>-8</left>
						<top>98</top>
						<width>368</width>
						<height>525</height>
						<fadetime>commonfadetime</fadetime>
						<aspectratio align="center" aligny="bottom">keep</aspectratio>
						<texture fallback="DefaultAudioCover.png" background="true">$VAR[poster]</texture>
						<bordertexture border="-2">black.png</bordertexture>
					</control>
				</control>
				<!-- MUSICA ESTOJO -->
				<control type="group">
					<include>animation_fade</include>
					<visible>[Window.IsActive(musicplaylist) | Window.IsActive(music)] + !Skin.HasSetting(nolowlistaudiocase)</visible>
					<!-- Musica/Estojo reflexo-->
					<control type="image">
						<left>27</left>
						<top>630</top>
						<width>345</width>
						<height>345</height>
						<fadetime>commonfadetime</fadetime>
						<aspectratio scalediffuse="false">stretch</aspectratio>
						<texture flipy="true" diffuse="thumb_box_diffuse_reflect.png" background="true">$VAR[poster]</texture>
					</control>
					<!-- Estojo reflexo -->
					<control type="image">
						<left>-30</left>
						<top>627</top>
						<width>417</width>
						<height>364</height>
						<texture flipy="true" diffuse="thumb_box_reflect.png">thumb_box_cd.png</texture>
					</control>
					<!-- Musica -->
					<control type="image">
						<left>27</left>
						<top>291</top>
						<width>345</width>
						<height>345</height>
						<fadetime>commonfadetime</fadetime>
						<aspectratio scalediffuse="false">stretch</aspectratio>
						<texture diffuse="thumb_box_diffuse.png" fallback="DefaultAudioCover.png" background="true">$VAR[poster]</texture>
					</control>
					<!-- Estojo -->
					<control type="image">
						<left>-30</left>
						<top>285</top>
						<width>417</width>
						<height>364</height>
						<texture>thumb_box_cd.png</texture>
						<colordiffuse>DEFFFFFF</colordiffuse>
					</control>
				</control>
			</control>
			<control type="scrollbar" id="80">
				<include>ScrollBar_Vertical</include>
				<left>408</left>
				<top>766</top>
				<height>210</height>
				<onleft>9900</onleft>
				<onright>55</onright>
				<include>animation_fade</include>
				<visible allowhiddenfocus="true">Control.IsVisible(55) + Control.HasFocus(80)</visible>
			</control>
		</control>
	</include>
</includes>
