<?xml version="1.0" encoding="UTF-8"?>
<includes>
	<!-- KBK Multimedia Center -->
	<!-- VISTA POSTER LIST - 70 -->
	<include name="ViewPosterList">
		<!-- default group -->
		<control type="group">
			<top>-45</top>
			<animation effect="fade" time="400">VisibleChange</animation>
			<animation effect="slide" start="0,0" end="45,0" time="200" easing="inout" tween="cubic" condition="Control.HasFocus(80)">Conditional</animation>
			<visible>Control.IsVisible(70)</visible>
			<!-- Grupo das etiquetas -->
			<control type="group">
				<animation effect="slide" start="0,450" end="0,0" time="500" tween="sine" easing="out">WindowOpen</animation>
				<animation effect="slide" start="0,450" end="0,0" time="500" tween="sine" easing="out">Visible</animation>
				<animation effect="fade" start="100" end="0" time="200">Hidden</animation>
				<visible>!String.IsEqual(ListItem.Label,..) + [String.Contains(skin.string(mediaflags),on) | String.Contains(skin.string(mediaflags),auto) + Control.IsVisible(9921)]</visible>
				<!-- Barra do rodape -->
				<control type="image">
					<left>243</left>
					<top>825</top>
					<width>1677</width>
					<height>255</height>
					<texture>shadow_mask.png</texture>
					<colordiffuse>$INFO[skin.string(colorfloor)]</colordiffuse>
				</control>
				<!-- Etiquetas -->
				<control type="image">
					<left>243</left>
					<top>1010</top>
					<height>70</height>
					<width>1677</width>
					<texture colordiffuse="cc505050">shadow_mask.png</texture>
					<visible>Skin.HasSetting(texture_white)</visible>
				</control>
				<include content="mediaflags_group">					
					<param name="left" value="270" />
					<param name="top" value="1016" />
					<param name="itemgap" value="6" />
				</include>
				<control type="image">
					<left>243</left>
					<top>1020</top>
					<width>1677</width>
					<height>60</height>
					<texture>gradient_small.png</texture>
				</control>
			</control>
			<!-- Grupo das infos -->
			<control type="group">
				<top>-60</top>
				<animation effect="slide" end="0,60" time="500" tween="sine" easing="out" condition="String.Contains(skin.string(mediaflags),off) | String.Contains(skin.string(mediaflags),auto) + [!Control.IsVisible(9921) | String.IsEqual(ListItem.Label,..)]">Conditional</animation>
				<control type="image">
					<left>246</left>
					<top>945</top>
					<width>1677</width>
					<height>135</height>
					<texture flipy="true" diffuse="shadow_mask.png">$VAR[texture_base]</texture>
					<colordiffuse>$INFO[skin.string(colortexture)]</colordiffuse>
					<animation effect="fade" end="85" condition="true">Conditional</animation>
				</control>
				<control type="image">
					<left>246</left>
					<top>900</top>
					<width>1688</width>
					<height>45</height>
					<texture>shadow_h.png</texture>
				</control>
				<control type="image">
					<left>243</left>
					<top>690</top>
					<width>1677</width>
					<height>255</height>
					<texture diffuse="shadow_mask.png">$VAR[texture_base]</texture>
					<colordiffuse>$INFO[skin.string(colortexture)]</colordiffuse>
					<animation effect="fade" end="85" condition="true">Conditional</animation>
				</control>
				<!-- Titulo -->
				<control type="label">
					<left>300</left>
					<top>802</top>
					<width>1275</width>
					<height>60</height>
					<font>font_title</font>
					<label>$VAR[videotitle]</label>
					<scroll>true</scroll>
					<scrollout>false</scrollout>
					<shadowcolor>grey</shadowcolor>
				</control>
				<!-- Subtitulo -->
				<control type="label">
					<left>300</left>
					<top>862</top>
					<width>1275</width>
					<height>38</height>
					<font>font_subtitle</font>
					<textcolor>90FFFFFF</textcolor>
					<label>$INFO[ListItem.Tagline]</label>
					<scroll>true</scroll>
					<scrollout>false</scrollout>
					<visible>!Skin.HasSetting(nomoviestagline)</visible>
				</control>
				<!-- Estrelas -->
				<control type="image">
					<left>300</left>
					<top>903</top>
					<width>300</width>
					<height>30</height>
					<texture fallback="$VAR[styleratingstars,,0.png]">$VAR[styleratingstars]$INFO[ListItem.Rating,,.png]</texture>
					<aspectratio align="left" aligny="center">keep</aspectratio>
					<colordiffuse>$VAR[colorratingstars]</colordiffuse>
					<visible>![Container.Content(artists) | Container.Content(years) | Container.Content(genres) | Container.Content(seasons) | String.IsEqual(ListItem.Label,..)]</visible>
				</control>
				<!-- Nota -->
				<control type="label">
					<left>615</left>
					<top>900</top>
					<width>45</width>
					<height>38</height>
					<font>font_subtitle</font>
					<label>$INFO[ListItem.Rating]</label>
				</control>
				<!-- Ano/genero -->
				<control type="label">
					<left>655</left>
					<top>900</top>
					<width>1065</width>
					<height>38</height>
					<font>font_subtitle</font>
					<label>[COLOR=$INFO[skin.string(colorheader)]]$VAR[ground6_value,[COLOR=50FFFAF0] | [/COLOR]][/COLOR]$INFO[ListItem.Genre,[COLOR=50FFFAF0] | [/COLOR]]</label>
					<scroll>true</scroll>
					<scrollout>false</scrollout>
				</control>
				<!-- clearlogo e clearart -->
				<include content="logoandclearart_items">	
					<param name="left" value="1568" />
					<param name="top" value="807" />
					<param name="width" value="300" />
					<param name="height" value="138" />
				</include>
				<control type="textbox">
					<left>300</left>
					<top>964</top>
					<width>1575</width>
					<height>102</height>
					<font>font_plot</font>
					<label>$VAR[plot]</label>
					<autoscroll delay="8000" time="2000" repeat="8000">!Skin.HasSetting(noallowscroll)</autoscroll>
					<include>animation_fade</include>
					<visible>!Control.HasFocus(9915)</visible>
				</control>
				<control type="image">
					<left>246</left>
					<top>0</top>
					<width>45</width>
					<height>1080</height>
					<texture>shadow.png</texture>
				</control>
			</control>
			<control type="group">
				<animation effect="slide" time="500" start="-1200,0" end="0,0" tween="cubic" easing="out">WindowOpen</animation>
				<animation effect="slide" time="500" start="-1200,0" end="0,0" tween="cubic" easing="out">Visible</animation>
				<animation effect="fade" time="200" start="100" end="0">Hidden</animation>
				<control type="wraplist" id="70">
					<viewtype label="31814">list</viewtype>
					<left>0</left>
					<top>0</top>
					<width>303</width>
					<height>1080</height>
					<pagecontrol>80</pagecontrol>
					<onleft>80</onleft>
					<onright>562</onright>
					<focusposition>2</focusposition>
					<orientation>vertical</orientation>
					<scrolltime>450</scrolltime>
					<preloaditems>2</preloaditems>
					<visible>Container.Content(movies)</visible>
					<itemlayout width="246" height="360">
						<!-- poster -->
						<control type="image">
							<left>3</left>
							<top>0</top>
							<width>243</width>
							<height>360</height>
							<aspectratio align="center" aligny="bottom">stretch</aspectratio>
							<texture fallback="DefaultVideoPoster.png" background="true">$VAR[poster]</texture>
							<bordertexture border="-2">black.png</bordertexture>
						</control>
						<control type="image">
							<left>188</left>
							<top>3</top>
							<width>56</width>
							<height>56</height>
							<texture colordiffuse="$INFO[skin.string(colorwatched)]">$VAR[watched_style]</texture>
							<visible>!Skin.HasSetting(nooverlays) + String.IsEqual(ListItem.Overlay,OverlayWatched.png)</visible>
						</control>
						<control type="image">
							<left>3</left>
							<top>0</top>
							<width>243</width>
							<height>360</height>
							<texture>black.png</texture>
							<animation effect="fade" start="100" end="85" condition="true">Conditional</animation>
							<animation effect="fade" time="300">Visible</animation>
							<animation effect="fade" time="50">Hidden</animation>
							<visible>System.IdleTime(1) + Control.HasFocus(70)</visible>
						</control>
					</itemlayout>
					<focusedlayout width="246" height="360">
						<control type="image">
							<left>246</left>
							<top>8</top>
							<width>38</width>
							<height>90</height>
							<texture>arrow_settings.png</texture>
							<colordiffuse>60FFFAF0</colordiffuse>
							<animation effect="fade" time="300">Visible</animation>
							<animation effect="fade" time="50">Hidden</animation>
							<visible>Control.HasFocus(70) + !String.IsEqual(ListItem.Label,..)</visible>
						</control>
						<control type="group">
							<!-- discart -->
							<include content="mediainfo_disc">	
								<param name="left" value="3" />
								<param name="top" value="22" />
								<param name="size" value="243" />
								<param name="slidedisc1" value="0" />
								<param name="slidedisc2" value="-145" />
								<param name="slidecolumn" value="0" />
								<param name="slidecolumncondition" value="false" />
								<param name="disclayout" value="$VAR[videodisc_layout]" />
								<param name="discart" value="$VAR[media_discart]" />
								<param name="hiddenfade" value="100" />
								<param name="visible" value="String.IsEqual(listitem.dbtype,movie) + System.IdleTime(1) + ![String.IsEmpty(Window(home).Property(SkinHelper.ListItem.Art.DiscArt)) + String.IsEmpty(ListItem.Art(discart))]" />
							</include>
						</control>
						<control type="image">
							<left>-30</left>
							<top>-45</top>
							<width>315</width>
							<height>450</height>
							<texture border="-15" diffuse="thumb_3dwall_mask2.png">thumb_frame.png</texture>
							<colordiffuse>$INFO[skin.string(colorheader)]</colordiffuse>
						</control>
						<!-- poster -->
						<control type="image">
							<left>3</left>
							<top>0</top>
							<width>243</width>
							<height>360</height>
							<aspectratio align="center" aligny="bottom">stretch</aspectratio>
							<texture fallback="DefaultVideoPoster.png" background="true">$VAR[poster]</texture>
							<bordertexture border="-2">black.png</bordertexture>
						</control>
						<control type="image">
							<left>188</left>
							<top>3</top>
							<width>56</width>
							<height>56</height>
							<texture colordiffuse="$INFO[skin.string(colorwatched)]">$VAR[watched_style]</texture>
							<visible>!Skin.HasSetting(nooverlays) + String.IsEqual(ListItem.Overlay,OverlayWatched.png)</visible>
						</control>
					</focusedlayout>
				</control>
			</control>
		</control>
		<control type="scrollbar" id="80">
			<include>ScrollBar_Vertical</include>
			<left>0</left>
			<top>102</top>
			<height>870</height>
			<onleft>9900</onleft>
			<onright>70</onright>
			<include>animation_fade</include>
			<visible allowhiddenfocus="true">Control.IsVisible(70) + Control.HasFocus(80)</visible>
		</control>
	</include>
</includes>
