<?xml version="1.0" encoding="UTF-8"?>
<includes>
	<!-- KBK Multimedia Center -->
	<!-- VISTA BANNER INFO - ID 53 -->
	<include name="BannerInfoLabel">
		<left>0</left>
		<height>30</height>
		<width>428</width>
		<font>font_plot</font>
		<aligny>top</aligny>
		<align>left</align>
		<textcolor>$INFO[skin.string(colorheader)]</textcolor>
		<textoffsetx>0</textoffsetx>
		<textoffsety>0</textoffsety>
		<scroll>true</scroll>
	</include>
	<include name="ViewBannerInfo">
		<control type="group">
			<animation effect="fade" time="400">VisibleChange</animation>
			<include>ViewBack</include>
			<!-- Fundo -->
			<visible>Control.IsVisible(53)</visible>
			<control type="image">
				<left>598</left>
				<top>128</top>
				<width>3</width>
				<height>308</height>
				<texture>separator_v.png</texture>
			</control>
			<control type="image">
				<left>0</left>
				<top>435</top>
				<width>1920</width>
				<height>3</height>
				<texture>separator.png</texture>
			</control>
			<control type="textbox">
				<left>627</left>
				<top>153</top>
				<width>638</width>
				<height>266</height>
				<font>font_plot</font>
				<label>$VAR[plot]</label>
				<autoscroll delay="8000" time="2000" repeat="8000">!Skin.HasSetting(noallowscroll)</autoscroll>
				<include>animation_fade</include>
			</control>
			<control type="image">
				<left>1290</left>
				<top>128</top>
				<width>3</width>
				<height>308</height>
				<texture>separator_v.png</texture>
			</control>
			<control type="image">
				<left>1170</left>
				<top>159</top>
				<width>750</width>
				<height>255</height>
				<aspectratio>keep</aspectratio>
				<texture background="true">$INFO[ListItem.Art(fanart)]</texture>
				<bordertexture border="-2">black.png</bordertexture>
				<fadetime>commonfadetime</fadetime>
			</control>
			<control type="grouplist">
				<left>150</left>
				<top>156</top>
				<orientation>vertical</orientation>
				<itemgap>8</itemgap>
				<control type="label">
					<include>BannerInfoLabel</include>
					<label>$VAR[ground11_label]: [COLOR=$INFO[skin.string(colortext)]]$VAR[ground11_value][/COLOR]</label>
				</control>
				<control type="label">
					<include>BannerInfoLabel</include>
					<label>$VAR[ground12_label]: [COLOR=$INFO[skin.string(colortext)]]$VAR[ground12_value][/COLOR]</label>
				</control>
				<control type="label">
					<include>BannerInfoLabel</include>
					<label>$VAR[ground13_label]: [COLOR=$INFO[skin.string(colortext)]]$VAR[ground13_value][/COLOR]</label>
				</control>
				<control type="label">
					<include>BannerInfoLabel</include>
					<label>$VAR[ground14_label]: [COLOR=$INFO[skin.string(colortext)]]$VAR[ground14_value][/COLOR]</label>
				</control>
				<control type="label">
					<include>BannerInfoLabel</include>
					<label>$VAR[ground15_label]: [COLOR=$INFO[skin.string(colortext)]]$VAR[ground15_value][/COLOR]</label>
				</control>
				<control type="label">
					<include>BannerInfoLabel</include>
					<label>$VAR[ground16_label]: [COLOR=$INFO[skin.string(colortext)]]$VAR[ground16_value][/COLOR]</label>
				</control>
				<control type="label">
					<include>BannerInfoLabel</include>
					<label>$VAR[ground17_label]: [COLOR=$INFO[skin.string(colortext)]]$VAR[ground17_value][/COLOR]</label>
				</control>
			</control>
			<!-- Banner Info -->
			<control type="panel" id="53">
				<viewtype label="31812">Wide Icon</viewtype>
				<left>142</left>
				<top>447</top>
				<width>1665</width>
				<height>525</height>
				<onup>53</onup>
				<ondown>53</ondown>
				<onleft>9900</onleft>
				<onright>80</onright>
				<pagecontrol>80</pagecontrol>
				<scrolltime>450</scrolltime>
				<preloaditems>2</preloaditems>
				<visible>Container.Content(movies) | Container.Content(tvshows) | Container.Content(seasons)</visible>
				<itemlayout height="134" width="550">
					<!-- Background -->
					<control type="image">
						<width>536</width>
						<height>118</height>
						<texture>banner_glass.png</texture>
						<colordiffuse>FF505050</colordiffuse>
						<aspectratio>stretch</aspectratio>
						<include>animation_fade</include>
					</control>
					<!-- Cover -->
					<control type="image">
						<width>536</width>
						<height>118</height>
						<bordersize>5</bordersize>
						<texture background="true">$VAR[viewbanner_banner]</texture>
						<aspectratio>keep</aspectratio>
					</control>
					<control type="image">
						<left>492</left>
						<top>4</top>
						<width>40</width>
						<height>40</height>
						<texture colordiffuse="$INFO[skin.string(colorwatched)]">$VAR[watched_style]</texture>
						<visible>!Skin.HasSetting(nooverlays) + String.IsEqual(ListItem.Overlay,OverlayWatched.png)</visible>
					</control>
					<!-- Dimmer -->
					<control type="image">
						<width>536</width>
						<height>118</height>
						<bordersize>5</bordersize>
						<texture>black.png</texture>
						<aspectratio>stretch</aspectratio>
						<colordiffuse>70FFFFFF</colordiffuse>
						<visible>!String.IsEmpty(ListItem.Thumb)</visible>
					</control>
				</itemlayout>
				<focusedlayout height="134" width="550">
					<!-- Background -->
					<control type="image">
						<width>536</width>
						<height>118</height>
						<texture>banner_glass.png</texture>
						<aspectratio>stretch</aspectratio>
						<animation effect="zoom" center="auto" start="90" end="110" time="600" tween="back" easing="out" reversible="false" condition="Skin.HasSetting(bannerinfozoom)">Focus</animation>
					</control>
					<!-- Background Double -->
					<control type="image">
						<width>536</width>
						<height>118</height>
						<texture background="true">banner_glass.png</texture>
						<aspectratio>stretch</aspectratio>
						<animation effect="zoom" center="auto" start="90" end="110" time="600" tween="back" easing="out" reversible="false" condition="Skin.HasSetting(bannerinfozoom)">Focus</animation>
					</control>
					<!-- Cover -->
					<control type="image">
						<width>536</width>
						<height>118</height>
						<bordersize>5</bordersize>
						<texture background="true">$VAR[viewbanner_banner]</texture>
						<aspectratio>keep</aspectratio>
						<animation effect="zoom" center="auto" start="90" end="110" time="600" tween="back" easing="out" reversible="false" condition="Skin.HasSetting(bannerinfozoom)">Focus</animation>
					</control>
					<control type="image">
						<left>492</left>
						<top>4</top>
						<width>40</width>
						<height>40</height>
						<texture colordiffuse="$INFO[skin.string(colorwatched)]">$VAR[watched_style]</texture>
						<animation effect="zoom" center="267,60" start="90" end="110" time="600" tween="back" easing="out" reversible="false" condition="Skin.HasSetting(bannerinfozoom)">Focus</animation>
						<visible>!Skin.HasSetting(nooverlays) + String.IsEqual(ListItem.Overlay,OverlayWatched.png)</visible>
					</control>
				</focusedlayout>
			</control>
			<control type="scrollbar" id="80">
				<include>ScrollBar_Vertical</include>
				<left>1800</left>
				<top>442</top>
				<height>525</height>
				<onleft>53</onleft>
				<onright>9920</onright>
				<include>animation_fade</include>
				<visible allowhiddenfocus="true">Control.IsVisible(53) + Control.HasFocus(80)</visible>
			</control>
		</control>
	</include>
</includes>
