<?xml version="1.0" encoding="UTF-8"?>
<includes>
	<!-- KBK Multimedia Center -->
	<!-- VISTA GLASS LIST - ID 57 -->
	<include name="GlassListLabel">
		<left>480</left>
		<height>66</height>
		<width>585</width>
		<font>font_plot</font>
		<aligny>top</aligny>
		<align>left</align>
		<textcolor>$INFO[skin.string(colorheader)]</textcolor>
		<textoffsetx>45</textoffsetx>
		<textoffsety>3</textoffsety>
	</include>
	<include name="GlassListValue">
		<left>480</left>
		<height>20</height>
		<width>585</width>
		<font>font_plot</font>
		<aligny>top</aligny>
		<align>left</align>
		<textoffsetx>45</textoffsetx>
		<textoffsety>32</textoffsety>
		<scroll>true</scroll>
	</include>
	<include name="ViewGlassList">
		<!-- MENU DA ESQUERDA -->
		<control type="group">
			<top>-45</top>
			<animation effect="fade" time="400">VisibleChange</animation>
			<visible>Control.IsVisible(57)</visible>
			<control type="button" id="9957">
				<include>invisible</include>
				<onleft>57</onleft>
				<onright>9920</onright>
				<onup>57</onup>
				<ondown>57</ondown>
			</control>
			<control type="image">
				<left>0</left>
				<top>0</top>
				<width>450</width>
				<height>1080</height>
				<texture flipx="true" diffuse="shadow_mask_v.png">$VAR[texture_base]</texture>
				<colordiffuse>$INFO[skin.string(colortexture)]</colordiffuse>
				<animation effect="fade" end="85" condition="true">Conditional</animation>
			</control>
			<!-- Divisor vertical -->
			<control type="image">
				<left>450</left>
				<top>0</top>
				<width>4</width>
				<height>1080</height>
				<texture>grey.png</texture>
				<colordiffuse>$INFO[skin.string(colortexture)]</colordiffuse>
			</control>
			<!-- Contador de pagina -->
			<control type="label">
				<left>30</left>
				<top>1030</top>
				<width>225</width>
				<height>33</height>
				<label>$LOCALIZE[31757] $INFO[Container.CurrentPage]/$INFO[Container.NumPages]</label>
				<font>font_button</font>
				<align>left</align>
				<include>animation_fade</include>
			</control>
			<control type="list" id="57">
				<viewtype label="31821">List</viewtype>
				<left>0</left>
				<top>0</top>
				<width>450</width>
				<height>975</height>
				<onleft>9900</onleft>
				<onright condition="String.IsEqual(skin.string(glasslistvideopanel),manual) + !String.IsEqual(ListItem.Label,..)">9957</onright>
				<onright condition="![String.IsEqual(skin.string(glasslistvideopanel),manual) + !String.IsEqual(ListItem.Label,..)]">9920</onright>
				<orientation>vertical</orientation>
				<scrolltime>450</scrolltime>
				<preloaditems>2</preloaditems>
				<focusposition>0</focusposition>
				<pagecontrol></pagecontrol>
				<animation effect="slide" end="0,60" time="500" tween="sine" easing="out" condition="Skin.HasSetting(videoinfobar)">Conditional</animation>
				<visible>!Container.Content(years)</visible>
				<itemlayout width="450" height="60">
					<control type="image">
						<left>0</left>
						<top>0</top>
						<width>450</width>
						<height>4</height>
						<texture flipx="true">divider.png</texture>
						<colordiffuse>90FFFFFF</colordiffuse>
					</control>
					<control type="label">
						<left>30</left>
						<top>1</top>
						<width>390</width>
						<height>60</height>
						<font>font_list</font>
						<label>$VAR[videotitle]</label>
						<align>left</align>
						<aligny>center</aligny>
						<selectedcolor>$INFO[skin.string(colorheader)]</selectedcolor>
						<scroll>false</scroll>
					</control>
					<control type="image">
						<left>360</left>
						<top>3</top>
						<width>120</width>
						<height>56</height>
						<texture>$VAR[watched_style]</texture>
						<colordiffuse>$INFO[skin.string(colorwatched)]</colordiffuse>
						<aspectratio align="center" aligny="top">keep</aspectratio>
						<visible>!Skin.HasSetting(nooverlays) + String.IsEqual(ListItem.Overlay,OverlayWatched.png)</visible>
					</control>
				</itemlayout>
				<focusedlayout condition="String.IsEmpty(Control.GetLabel(198)) | Window.IsActive(videos) + Skin.HasSetting(slimglasslistvideo) | [Window.IsActive(musicplaylist) | Window.IsActive(music)] + Skin.HasSetting(slimglasslistmusic)" width="450" height="60">
					<control type="image">
						<left>0</left>
						<top>0</top>
						<width>450</width>
						<height>60</height>
						<texture>grey.png</texture>
						<animation effect="fade" start="100" end="75" time="0" condition="!Control.Hasfocus(57)">conditional</animation>
					</control>
					<control type="label">
						<left>30</left>
						<top>1</top>
						<width>390</width>
						<height>60</height>
						<font>font_list</font>
						<label>$VAR[videotitle]</label>
						<align>left</align>
						<aligny>center</aligny>
						<textcolor>E0101010</textcolor>
						<selectedcolor>$INFO[skin.string(colorheader)]</selectedcolor>
						<animation effect="fade" start="100" end="90" time="0" condition="!Control.Hasfocus(57)">conditional</animation>
					</control>
					<control type="image">
						<left>360</left>
						<top>3</top>
						<width>120</width>
						<height>56</height>
						<texture>$VAR[watched_style]</texture>
						<colordiffuse>$INFO[skin.string(colorwatched)]</colordiffuse>
						<aspectratio align="center" aligny="top">keep</aspectratio>
						<visible>!Skin.HasSetting(nooverlays) + String.IsEqual(ListItem.Overlay,OverlayWatched.png)</visible>
					</control>
				</focusedlayout>
				<focusedlayout condition="![String.IsEmpty(Control.GetLabel(198)) | Window.IsActive(videos) + Skin.HasSetting(slimglasslistvideo) | [Window.IsActive(musicplaylist) | Window.IsActive(music)] + Skin.HasSetting(slimglasslistmusic)]" width="450" height="90">
					<control type="image">
						<left>0</left>
						<top>0</top>
						<width>450</width>
						<height>90</height>
						<texture>grey.png</texture>
						<animation effect="fade" start="100" end="75" time="0" condition="!Control.Hasfocus(57)">conditional</animation>
					</control>
					<control type="label">
						<left>30</left>
						<top>-14</top>
						<width>390</width>
						<height>90</height>
						<font>font_list</font>
						<label>$VAR[videotitle]</label>
						<align>left</align>
						<aligny>center</aligny>
						<textcolor>E0101010</textcolor>
						<selectedcolor>$INFO[skin.string(colorheader)]</selectedcolor>
						<animation effect="fade" start="100" end="90" time="0" condition="!Control.Hasfocus(57)">conditional</animation>
					</control>
					<control type="label">
						<left>30</left>
						<top>50</top>
						<width>390</width>
						<height>30</height>
						<font>font_plot</font>
						<align>left</align>
						<aligny>center</aligny>
						<label>$VAR[glasslistinfofocus]</label>
						<textcolor>E0101010</textcolor>
						<selectedcolor>E0101010</selectedcolor>
						<visible>!String.IsEqual(ListItem.Label,..)</visible>
					</control>
					<control type="image">
						<left>360</left>
						<top>3</top>
						<width>120</width>
						<height>56</height>
						<texture>$VAR[watched_style]</texture>
						<colordiffuse>$INFO[skin.string(colorwatched)]</colordiffuse>
						<aspectratio align="center" aligny="top">keep</aspectratio>
						<visible>!Skin.HasSetting(nooverlays) + String.IsEqual(ListItem.Overlay,OverlayWatched.png)</visible>
					</control>
				</focusedlayout>
			</control>
			<control type="image">
				<left>0</left>
				<top>0</top>
				<width>471</width>
				<height>1080</height>
				<texture>menu_glass.png</texture>
				<colordiffuse>70FFFAF0</colordiffuse>
			</control>
			<!-- Tag control -->
			<control type="label" id="198">
				<include>invisible</include>
				<label>$VAR[listinfofocus]</label>
			</control>
		</control>
		<!-- MENU DA DIREITA -->
		<control type="group">
			<animation effect="slide" start="1500,0" end="0,0" time="600" easing="out" tween="sine">WindowOpen</animation>
			<animation effect="slide" start="1500,0" end="0,0" time="600" easing="out" tween="sine">Visible</animation>
			<animation effect="slide" start="0,0" end="1500,0" time="600" easing="out" tween="sine">Hidden</animation>
			<visible>Control.IsVisible(57) + !String.IsEqual(ListItem.Label,..) + [Control.HasFocus(9957) | String.IsEqual(skin.string(glasslistvideopanel),alwayson) | String.IsEqual(skin.string(glasslistvideopanel),auto) + Control.IsVisible(9921)]</visible>
			<!-- Fundo -->
			<control type="image">
				<left>454</left>
				<top>50</top>
				<width>1466</width>
				<height>1030</height>
				<texture>$VAR[texture_base]</texture>
				<colordiffuse>$INFO[skin.string(colortexture)]</colordiffuse>
				<animation effect="fade" end="85" condition="true">Conditional</animation>
			</control>
			<control type="image">
				<left>454</left>
				<top>50</top>
				<width>1466</width>
				<height>82</height>
				<texture diffuse="shadow_mask.png">$VAR[texture_base]</texture>
				<colordiffuse>$INFO[skin.string(colortexture)]</colordiffuse>
				<animation effect="fade" end="75" condition="true">Conditional</animation>
			</control>
			<!-- Estrelas -->
			<control type="image">
				<left>520</left>
				<top>78</top>
				<width>300</width>
				<height>30</height>
				<texture fallback="$VAR[styleratingstars,,0.png]">$VAR[styleratingstars]$INFO[ListItem.Rating,,.png]</texture>
				<aspectratio align="left" aligny="center">keep</aspectratio>
				<colordiffuse>$VAR[colorratingstars]</colordiffuse>
				<visible>![Container.Content(artists) | Container.Content(years) | Container.Content(genres) | Container.Content(seasons) | String.IsEqual(ListItem.Label,..)]</visible>
			</control>
			<!-- Nota -->
			<control type="label">
				<left>840</left>
				<top>75</top>
				<width>100</width>
				<height>38</height>
				<font>font_list</font>
				<label>[B]$INFO[ListItem.Rating][/B]</label>
			</control>
			<control type="group">
				<top>248</top>
				<control type="label">
					<include>GlassListLabel</include>
					<top>0</top>
					<label>$VAR[ground11_label]</label>
				</control>
				<control type="label">
					<include>GlassListValue</include>
					<top>0</top>
					<label>$VAR[ground11_value]</label>
				</control>
				<control type="label">
					<include>GlassListLabel</include>
					<top>66</top>
					<label>$VAR[ground12_label]</label>
				</control>
				<control type="label">
					<include>GlassListValue</include>
					<top>66</top>
					<label>$VAR[ground12_value]</label>
				</control>
				<control type="label">
					<include>GlassListLabel</include>
					<top>132</top>
					<label>$VAR[ground13_label]</label>
				</control>
				<control type="label">
					<include>GlassListValue</include>
					<top>132</top>
					<label>$VAR[ground13_value]</label>
				</control>
				<!-- Written -->
				<control type="label">
					<include>GlassListLabel</include>
					<top>198</top>
					<label>$VAR[ground14_label]</label>
				</control>
				<control type="label">
					<include>GlassListValue</include>
					<top>198</top>
					<label>$VAR[ground14_value]</label>
				</control>
				<!-- Written -->
				<control type="label">
					<include>GlassListLabel</include>
					<top>264</top>
					<label>$VAR[ground15_label]</label>
				</control>
				<control type="label">
					<include>GlassListValue</include>
					<top>264</top>
					<label>$VAR[ground15_value]</label>
				</control>
				<!-- Written/Status -->
				<control type="label">
					<include>GlassListLabel</include>
					<top>330</top>
					<label>$VAR[ground16_label]</label>
				</control>
				<control type="label">
					<include>GlassListValue</include>
					<top>330</top>
					<label>$VAR[ground16_value]</label>
				</control>
			</control>
			<!-- Barra do rodape -->
			<control type="image">
				<left>454</left>
				<top>665</top>
				<width>1466</width>
				<height>370</height>
				<texture>shadow_mask.png</texture>
				<colordiffuse>$INFO[skin.string(colorfloor)]</colordiffuse>
			</control>
			<control type="image">
				<left>454</left>
				<top>965</top>
				<height>73</height>
				<width>1466</width>
				<texture colordiffuse="cc505050">shadow_mask.png</texture>
				<visible>Skin.HasSetting(texture_white)</visible>
			</control>
			<!-- etiquetas -->
			<include content="mediaflags_group">					
				<param name="left" value="480" />
				<param name="top" value="970" />
				<param name="itemgap" value="5" />
			</include>
			<control type="image">
				<left>454</left>
				<top>975</top>
				<height>60</height>
				<width>1466</width>
				<texture>gradient_small.png</texture>
			</control>
			<!-- CDART VIDEO -->
			<control type="group">
				<left>1095</left>
				<top>112</top>
				<animation effect="slide" start="-150,0" end="0,0" time="1000" tween="cubic" easing="out">WindowOpen</animation>
				<animation effect="slide" start="-150,0" end="0,0" time="1000" tween="cubic" easing="out">Visible</animation>
				<animation effect="fade" start="100" end="0" time="400">Hidden</animation>
				<!-- discart -->
				<include content="mediainfo_disc">	
					<param name="left" value="0" />
					<param name="top" value="82" />
					<param name="size" value="375" />
					<param name="slidedisc1" value="175" />
					<param name="slidedisc2" value="0" />
					<param name="slidecolumn" value="10" />
					<param name="slidecolumncondition" value="Skin.HasSetting(noglasslistvideocase)" />
					<param name="disclayout" value="$VAR[videodisc_layout]" />
					<param name="discart" value="$VAR[media_discart]" />
					<param name="hiddenfade" value="100" />
					<param name="visible" value="Window.IsActive(videos) + String.IsEqual(listitem.dbtype,movie) + System.IdleTime(1) + [String.IsEqual(skin.string(videodiscart),always) | String.IsEqual(skin.string(videodiscart),ifavailable) + ![String.IsEmpty(Window(home).Property(SkinHelper.ListItem.Art.DiscArt)) + String.IsEmpty(ListItem.Art(discart))]]" />
				</include>
			</control>
			<!-- CDART SETS da direita -->
			<control type="grouplist">
				<left>1500</left>
				<top>150</top>
				<orientation>vertical</orientation>
				<itemgap>-138</itemgap>
				<animation type="WindowOpen">
					<effect type="slide" start="-150,0" end="0,0" time="500" delay="500" tween="cubic" easing="out" />
					<effect type="fade" start="0" end="100" time="500" delay="500" />
				</animation>
				<animation type="Visible">
					<effect type="slide" start="-150,0" end="0,0" time="500" delay="500" tween="cubic" easing="out" />
					<effect type="fade" start="0" end="100" time="500" delay="500" />
				</animation>
				<animation effect="fade" start="100" end="0" time="200">WindowClose</animation>
				<animation type="Hidden">
					<effect type="slide" start="0,0" end="-150,0" time="300" tween="cubic" easing="out" />
					<effect type="fade" start="100" end="0" time="200" />
				</animation>
				<visible>Window.IsActive(videos) + ListItem.IsCollection + Control.HasFocus(9957) + !String.IsEqual(ListItem.Label,..) + System.IdleTime(1) + [String.IsEqual(skin.string(videodiscart),always) | String.IsEqual(skin.string(videodiscart),ifavailable) + ![String.IsEmpty(Window(home).Property(SkinHelper.ListItem.Art.DiscArt)) + String.IsEmpty(ListItem.Art(discart))]]</visible>
				<include content="discart_items">
					<param name="item" value="5" />
					<param name="size" value="225" />
				</include>
				<include content="discart_items">
					<param name="item" value="6" />
					<param name="size" value="225" />
				</include>
				<include content="discart_items">
					<param name="item" value="7" />
					<param name="size" value="225" />
				</include>
				<include content="discart_items">
					<param name="item" value="8" />
					<param name="size" value="225" />
				</include>
				<include content="discart_items">
					<param name="item" value="9" />
					<param name="size" value="225" />
				</include>
			</control>
			<!-- CDART SETS da esquerda -->
			<control type="grouplist">
				<left>1350</left>
				<top>150</top>
				<orientation>vertical</orientation>
				<itemgap>-138</itemgap>
				<animation type="WindowOpen">
					<effect type="slide" start="-150,0" end="0,0" time="500" delay="500" tween="cubic" easing="out" />
					<effect type="fade" start="0" end="100" time="500" delay="500" />
				</animation>
				<animation type="Visible">
					<effect type="slide" start="-150,0" end="0,0" time="500" delay="500" tween="cubic" easing="out" />
					<effect type="fade" start="0" end="100" time="500" delay="500" />
				</animation>
				<animation effect="fade" start="100" end="0" time="200">WindowClose</animation>
				<animation type="Hidden">
					<effect type="slide" start="0,0" end="-150,0" time="300" tween="cubic" easing="out" />
					<effect type="fade" start="100" end="0" time="200" />
				</animation>
				<visible>Window.IsActive(videos) + ListItem.IsCollection + Control.HasFocus(9957) + !String.IsEqual(ListItem.Label,..) + System.IdleTime(1) + [String.IsEqual(skin.string(videodiscart),always) | String.IsEqual(skin.string(videodiscart),ifavailable) + ![String.IsEmpty(Window(home).Property(SkinHelper.ListItem.Art.DiscArt)) + String.IsEmpty(ListItem.Art(discart))]]</visible>
				<include content="discart_items">
					<param name="item" value="0" />
					<param name="size" value="225" />
				</include>
				<include content="discart_items">
					<param name="item" value="1" />
					<param name="size" value="225" />
				</include>
				<include content="discart_items">
					<param name="item" value="2" />
					<param name="size" value="225" />
				</include>
				<include content="discart_items">
					<param name="item" value="3" />
					<param name="size" value="225" />
				</include>
				<include content="discart_items">
					<param name="item" value="4" />
					<param name="size" value="225" />
				</include>
			</control>
			<!-- VIDEO SEM ESTOJO -->
			<control type="group">
				<left>1056</left>
				<top>132</top>
				<include>animation_fade</include>
				<visible>![!Skin.HasSetting(noglasslistvideocase) + [Container.Content(movies) | Container.Content(musicvideos) | Container.Content(sets)] | Window.IsActive(musicplaylist) | Window.IsActive(music)]</visible>
				<!-- Filmes/Fotos/Arquivos reflexo -->
				<control type="image">
					<left>0</left>
					<top>609</top>
					<width>795</width>
					<height>600</height>
					<fadetime>commonfadetime</fadetime>
					<aspectratio align="left" aligny="top">keep</aspectratio>
					<texture flipy="true" diffuse="thumb_reflect.png" background="true">$VAR[poster]</texture>
					<bordertexture flipy="true" diffuse="thumb_reflect.png" border="-2">black.png</bordertexture>
				</control>
				<!-- Filmes/Fotos/Arquivos -->
				<control type="image">
					<left>0</left>
					<top>0</top>
					<width>795</width>
					<height>600</height>
					<fadetime>commonfadetime</fadetime>
					<aspectratio align="left" aligny="bottom">keep</aspectratio>
					<texture fallback="DefaultVideoPoster.png" background="true">$VAR[poster]</texture>
					<bordertexture border="-2">black.png</bordertexture>
				</control>
			</control>
			<!-- FILMES ESTOJO -->
			<control type="group">
				<left>1095</left>
				<top>112</top>
				<include>animation_fade</include>
				<visible>!Skin.HasSetting(noglasslistvideocase) + [Container.Content(movies) | Container.Content(musicvideos) | Container.Content(sets)]</visible>
				<!-- Poster reflexo -->
				<control type="image">
					<left>-6</left>
					<top>639</top>
					<width>368</width>
					<height>525</height>
					<fadetime>commonfadetime</fadetime>
					<texture flipy="true" diffuse="thumb_reflect.png" background="true">$INFO[ListItem.Icon]</texture>
					<aspectratio>stretch</aspectratio>
				</control>
				<!-- estojo reflexo -->
				<include content="views_videocase">	
					<param name="left" value="-39" />
					<param name="top" value="576" />
					<param name="width" value="456" />
					<param name="height" value="652" />
					<param name="aligny" value="top" />
					<param name="flipy" value="true" />
					<param name="diffuse" value="thumb_box_reflect.png" />
					<param name="item" value="0" />
				</include>
				<!-- poster -->
				<control type="image">
					<left>-6</left>
					<top>84</top>
					<width>368</width>
					<height>518</height>
					<texture fallback="DefaultVideoPoster.png" background="true">$VAR[poster]</texture>
					<fadetime>commonfadetime</fadetime>
				</control>
				<!-- estojo -->
				<include content="views_videocase">	
					<param name="left" value="-39" />
					<param name="top" value="0" />
					<param name="width" value="456" />
					<param name="height" value="652" />
					<param name="aligny" value="bottom" />
					<param name="flipy" value="false" />
					<param name="diffuse" value="" />
					<param name="item" value="0" />
				</include>
				<!-- codec -->
				<control type="image">
					<left>132</left>
					<top>6</top>
					<width>105</width>
					<height>105</height>
					<fadetime>commonfadetime</fadetime>
					<aspectratio align="center" aligny="center">keep</aspectratio>
					<texture colordiffuse="$INFO[skin.string(colorcodeccase)]">$VAR[videocodec0]</texture>							
				</control>
			</control>
			<!-- clearlogo e clearart -->
			<include content="logoandclearart_items">	
				<param name="left" value="1545" />
				<param name="top" value="500" />
				<param name="width" value="285" />
				<param name="height" value="218" />
			</include>
			<!-- Plot -->
			<control type="textbox">
				<left>525</left>
				<top>800</top>
				<width>1328</width>
				<height>144</height>
				<font>font_plot</font>
				<label>$VAR[plot]</label>
				<autoscroll delay="15000" time="5000" repeat="15000">!Skin.HasSetting(noinfoplotscroll)</autoscroll>
			</control>
		</control>
	</include>
</includes>
