<?xml version="1.0" encoding="UTF-8"?>
<includes>
	<!-- KBK Multimedia Center -->
	<!--##########################################################################   VISTA SHOWCASE - ID 66   ##########################################################################-->
	<include name="EpisodeShowCaseThumb">
		<left>-222</left>
		<top>140</top>
		<width>351</width>
		<height>216</height>
	</include>
	<include name="EpisodeShowCaseThumbReflection">
		<left>-222</left>
		<top>357</top>
		<width>351</width>
		<height>216</height>
		<texture background="true" flipy="true" diffuse="thumb_cdcover_mask_cdart.png">DefaultExtraThumbs.png</texture>
		<aspectratio scalediffuse="false">scale</aspectratio>
		<animation effect="fade" start="50" end="50" time="0" condition="true">Conditional</animation>
	</include>
	<include name="ShowCasePoster">
		<left>74</left>
		<top>12</top>
		<width>260</width>
		<height>381</height>
		<aspectratio align="center" aligny="bottom">stretch</aspectratio>
	</include>
	<include name="ShowCasePosterReflect">
		<left>74</left>
		<top>394</top>
		<width>260</width>
		<height>381</height>
		<aspectratio align="center" aligny="top">stretch</aspectratio>
		<colordiffuse>50FFFFFF</colordiffuse>
	</include>
	<include name="WatchedShowCase">
		<left>284</left>
		<top>9</top>
		<width>52</width>
		<height>52</height>
		<texture>$VAR[watched_style]</texture>
		<colordiffuse>$INFO[skin.string(colorwatched)]</colordiffuse>
		<visible>!Skin.HasSetting(nooverlays)</visible>
	</include>
	<include name="ShowCaseThumbReflect">
		<left>84</left>
		<top>400</top>
		<width>228</width>
		<height>318</height>
		<aspectratio align="center" aligny="top">scale</aspectratio>
	</include>
	<include name="ShowCaseThumbCaseReflect">
		<left>63</left>
		<top>369</top>
		<width>284</width>
		<height>390</height>
	</include>
	<include name="ShowCaseCase">
		<left>84</left>
		<top>64</top>
		<width>228</width>
		<height>318</height>
		<aspectratio align="center" aligny="bottom">stretch</aspectratio>
	</include>
	<include name="ShowCaseCodec">
		<left>174</left>
		<top>21</top>
		<width>57</width>
		<height>57</height>
		<align>center</align>
		<aligny>center</aligny>
		<aspectratio>keep</aspectratio>
	</include>
	<include name="ShowCaseThumbCase">
		<left>63</left>
		<top>14</top>
		<width>284</width>
		<height>400</height>
	</include>
	<include name="WatchedShowCaseCase">
		<left>261</left>
		<top>70</top>
		<width>52</width>
		<height>52</height>
		<texture>$VAR[watched_style]</texture>
		<colordiffuse>$INFO[skin.string(colorwatched)]</colordiffuse>
		<animation effect="slide" start="0,0" end="3,-16" time="800" tween="cubic" easing="inout" condition="Skin.HasSetting(flattenshowcase)">Conditional</animation>
		<visible>!Skin.HasSetting(nooverlays)</visible>
	</include>
	<include name="ShowCaseCaseFlat">
		<left>84</left>
		<top>54</top>
		<width>232</width>
		<height>330</height>
		<aspectratio align="center" aligny="bottom">stretch</aspectratio>
	</include>
	<include name="ShowCaseCodecFlat">
		<left>171</left>
		<top>3</top>
		<width>69</width>
		<height>69</height>
		<align>center</align>
		<aligny>center</aligny>
		<aspectratio>keep</aspectratio>
	</include>
	<include name="ShowCaseThumbReflectFlat">
		<left>84</left>
		<top>410</top>
		<width>232</width>
		<height>328</height>
		<aspectratio align="center" aligny="top">scale</aspectratio>
	</include>
	<include name="ShowCaseLabel_Fanart">
		<left>0</left>
		<height>30</height>
		<width>518</width>
		<font>font_plot</font>
		<aligny>top</aligny>
		<align>left</align>
		<textcolor>$INFO[skin.string(colorheader)]</textcolor>
		<textoffsetx>0</textoffsetx>
		<textoffsety>0</textoffsety>
		<scroll>true</scroll>
	</include>
	<include name="ShowCaseLabel_Extrathumbs">
		<left>450</left>
		<width>472</width>
		<height>20</height>
		<font>font_plot</font>
		<textcolor>$INFO[skin.string(colorheader)]</textcolor>
	</include>
	<include name="ShowCaseExtrathumbs">
		<left>450</left>
		<width>472</width>
		<height>20</height>
		<align>left</align>
		<font>font_plot</font>
		<textcolor>$INFO[skin.string(colortext)]</textcolor>
		<scroll>true</scroll>
		<scrollout>false</scrollout>
	</include>
	<include name="MovieShowCaseFixedList">
		<control type="fixedlist" id="66">
			<include>MovieShowCase_List_Content</include>
		</control>
	</include>
	<include name="MovieShowCaseWrapList">
		<control type="wraplist" id="66">
			<include>MovieShowCase_List_Content</include>
		</control>
	</include>
	<include name="MovieShowCase_List_Content">
		<viewtype label="31802">list</viewtype>
		<left>-124</left>
		<top>540</top>
		<width>2169</width>
		<height>525</height>
		<onleft>66</onleft>
		<onright>66</onright>
		<onup condition="String.IsEqual(skin.string(showcasevideopanel),manual) + !String.IsEqual(ListItem.Label,..)">9966</onup>
		<onup condition="![String.IsEqual(skin.string(showcasevideopanel),manual) + !String.IsEqual(ListItem.Label,..)]">9900</onup>
		<ondown>80</ondown>
		<pagecontrol>80</pagecontrol>
		<orientation>horizontal</orientation>
		<focusposition>3</focusposition>
		<preloaditems>2</preloaditems>
		<scrolltime>450</scrolltime>
		<visible>![Container.Content(episodes) | Container.Content(years) | Container.Content(genres) | Container.Content(countries) | Container.Content(studios)]</visible>
		<itemlayout height="570" width="294" condition="Window.IsActive(videos) + !Container.Content(episodes) | Window.IsActive(programs)">
			<control type="group">
				<visible>[Skin.HasSetting(noshowcasevideocase) | Window.IsActive(programs)] + [Skin.HasSetting(flattenshowcase) + [Window.IsActive(videos) | Window.IsActive(programs)] | Skin.HasSetting(flattenshowcasemusic) + [Window.IsActive(musicplaylist) | Window.IsActive(music)]] + !Control.IsVisible(6000)</visible>
				<control type="image">
					<!-- Poster reflexo -->
					<include>ShowCasePosterReflect</include>
					<texture flipy="true" diffuse="thumb_poster_reflect.png" fallback="DefaultVideoPoster.png" background="true">$VAR[poster]</texture>
				</control>
				<control type="image">
					<!-- Poster -->
					<include>ShowCasePoster</include>
					<texture diffuse="thumb_poster_diffuse.png" fallback="DefaultVideoPoster.png" background="true">$VAR[poster]</texture>
				</control>
				<control type="image">
					<include>WatchedShowCase</include>
					<visible>String.IsEqual(ListItem(0).Overlay,OverlayWatched.png)</visible>
				</control>
			</control>
			<control type="group">
				<visible>![Skin.HasSetting(noshowcasevideocase) | Window.IsActive(programs)] + [Skin.HasSetting(flattenshowcase) + Window.IsActive(videos) | Skin.HasSetting(flattenshowcasemusic) + [Window.IsActive(musicplaylist) | Window.IsActive(music)]] + !Control.IsVisible(6000)</visible>
				<control type="image">
					<!-- Poster reflexo -->
					<include>ShowCaseThumbReflectFlat</include>
					<texture flipy="true" diffuse="thumb_reflect.png" fallback="DefaultVideoPoster.png" background="true">$VAR[poster]</texture>
				</control>				
				<!-- poster com estojo -->
				<control type="image">				
					<left>84</left>
					<top>54</top>
					<width>232</width>
					<height>330</height>
					<aspectratio align="center" aligny="bottom">stretch</aspectratio>
					<texture fallback="DefaultVideoPoster.png" background="true">$VAR[poster]</texture>
				</control>
				<!-- estojo -->
				<include content="views_videocase">	
					<param name="left" value="63" />
					<param name="top" value="0" />
					<param name="width" value="286" />
					<param name="height" value="418" />
					<param name="aligny" value="bottom" />
					<param name="flipy" value="false" />
					<param name="diffuse" value="" />
					<param name="item" value="0" />
				</include>
				<control type="image">
					<include>WatchedShowCaseCase</include>
					<visible>String.IsEqual(ListItem.Overlay,OverlayWatched.png)</visible>
				</control>
				<!-- Codec -->
				<control type="image">
					<include>ShowCaseCodecFlat</include>
					<texture>$VAR[videocodec0]</texture>
				</control>
			</control>		
		</itemlayout>
		<focusedlayout height="570" width="294" condition="Window.IsActive(videos) + !Container.Content(episodes) | Window.IsActive(programs)">
			<control type="group">
				<animation effect="zoom" start="100" end="110" center="202,308" time="400" easing="out" reversible="false" tween="cubic">Focus</animation>
				<animation effect="zoom" start="110" end="100" center="202,308" time="400" easing="out" reversible="false" tween="cubic" condition="!Control.HasFocus(66) + [Skin.HasSetting(flattenshowcase) + [Container.Content(movies) | Container.Content(musicvideos) | Container.Content(tvshows) | Container.Content(seasons) | Window.IsActive(programs)] | !Window.IsActive(videos) + !Window.IsActive(videos) + Skin.HasSetting(flattenshowcasemusic)]">Unfocus</animation>
				<control type="group">
					<visible>[Skin.HasSetting(noshowcasevideocase) | Window.IsActive(programs)] + [Skin.HasSetting(flattenshowcase) + [Window.IsActive(videos) | Window.IsActive(programs)] | Skin.HasSetting(flattenshowcasemusic) + [Window.IsActive(musicplaylist) | Window.IsActive(music)]] + !Control.IsVisible(6000)</visible>
					<control type="image">
						<!-- Poster reflexo -->
						<include>ShowCasePosterReflect</include>
						<texture flipy="true" diffuse="thumb_poster_reflect.png" fallback="DefaultVideoPoster.png" background="true">$VAR[poster]</texture>
					</control>
					<control type="image">
						<!-- Poster -->
						<include>ShowCasePoster</include>
						<texture diffuse="thumb_poster_diffuse.png" fallback="DefaultVideoPoster.png" background="true">$VAR[poster]</texture>
					</control>
					<control type="image">
						<include>WatchedShowCase</include>
						<visible>String.IsEqual(ListItem(0).Overlay,OverlayWatched.png)</visible>
					</control>
				</control>
				<control type="group">
					<visible>![Skin.HasSetting(noshowcasevideocase) | Window.IsActive(programs)] + [Skin.HasSetting(flattenshowcase) + Window.IsActive(videos) | Skin.HasSetting(flattenshowcasemusic) + [Window.IsActive(musicplaylist) | Window.IsActive(music)]] + !Control.IsVisible(6000)</visible>
					<!-- poster com estojo -->
					<control type="image">				
						<left>84</left>
						<top>54</top>
						<width>232</width>
						<height>330</height>
						<aspectratio align="center" aligny="bottom">stretch</aspectratio>
						<texture fallback="DefaultVideoPoster.png" background="true">$VAR[poster]</texture>
					</control>
					<!-- estojo -->
					<include content="views_videocase">	
						<param name="left" value="63" />
						<param name="top" value="0" />
						<param name="width" value="286" />
						<param name="height" value="418" />
						<param name="aligny" value="bottom" />
						<param name="flipy" value="false" />
						<param name="diffuse" value="" />
						<param name="item" value="0" />
					</include>
					<control type="image">
						<include>WatchedShowCaseCase</include>
						<visible>String.IsEqual(ListItem.Overlay,OverlayWatched.png)</visible>
					</control>
					<!-- Codec -->
					<control type="image">
						<include>ShowCaseCodecFlat</include>
						<texture>$VAR[videocodec0]</texture>
					</control>
				</control>
			</control>
		</focusedlayout>
		<itemlayout height="525" width="375" condition="[Container.Content(episodes) + Skin.HasSetting(flattenshowcase)]">
			<control type="image">
				<include>EpisodeShowCaseThumb</include>
				<texture background="true">$VAR[poster]</texture>
				<aspectratio scalediffuse="false">scale</aspectratio>
				<visible>Skin.HasSetting(flattenshowcase) + [Container.Content(movies) | Container.Content(musicvideos) | Container.Content(episodes)]</visible>
			</control>
			<control type="image">
				<include>EpisodeShowCaseThumb</include>
				<texture background="true">$INFO[ListItem.Art(fanart)]</texture>
				<aspectratio scalediffuse="false">scale</aspectratio>
				<visible>[Skin.HasSetting(flattenshowcase) + [Container.Content(movies) | Container.Content(musicvideos)]]</visible>
			</control>
			<control type="image">
				<include>EpisodeShowCaseThumbReflection</include>
				<texture background="true">$VAR[poster]</texture>
				<visible>Skin.HasSetting(flattenshowcase) + [Container.Content(movies) | Container.Content(musicvideos) | Container.Content(episodes)]</visible>
			</control>
			<control type="image">
				<left>56</left>
				<top>135</top>
				<width>75</width>
				<height>75</height>
				<texture>$VAR[watched_style]</texture>
				<colordiffuse>$INFO[skin.string(colorwatched)]</colordiffuse>
				<visible>String.IsEqual(ListItem(0).Overlay,OverlayWatched.png) + Skin.HasSetting(flattenshowcase) + [Container.Content(movies) | Container.Content(musicvideos) | Container.Content(episodes) | Window.IsActive(programs)] + !Skin.HasSetting(nooverlays)</visible>
			</control>
		</itemlayout>
		<focusedlayout height="525" width="375" condition="[Container.Content(episodes) + Skin.HasSetting(flattenshowcase)]">
			<control type="group">
				<animation effect="zoom" start="100" end="140" center="-52,270" time="400" easing="out" reversible="false" tween="cubic">Focus</animation>
				<animation effect="zoom" start="140" end="100" center="-52,270" time="400" easing="out" reversible="false" tween="cubic" condition="!Control.HasFocus(66) + [[[Skin.HasSetting(flattenshowcase) + [Container.Content(movies) | Container.Content(musicvideos) | Container.Content(tvshows) | Container.Content(seasons) | Container.Content(episodes)]] | [!Window.IsActive(videos) + !Window.IsActive(videos) + Skin.HasSetting(flattenshowcasemusic)]]]">Unfocus</animation>
				<control type="image">
					<include>EpisodeShowCaseThumb</include>
					<texture background="true">$VAR[poster]</texture>
					<aspectratio scalediffuse="false">scale</aspectratio>
					<visible>[Skin.HasSetting(flattenshowcase) + [Container.Content(tvshows) | Container.Content(seasons) | Container.Content(episodes)] | !Window.IsActive(videos) + !Window.IsActive(videos) + Skin.HasSetting(flattenshowcasemusic)]</visible>
				</control>
				<control type="image">
					<include>EpisodeShowCaseThumb</include>
					<texture background="true">$INFO[ListItem.Art(fanart)]</texture>
					<aspectratio scalediffuse="false">scale</aspectratio>
					<visible>Skin.HasSetting(flattenshowcase) + [Container.Content(movies) | Container.Content(musicvideos)]</visible>
				</control>
				<control type="image">
					<include>EpisodeShowCaseThumbReflection</include>
					<texture background="true">$VAR[poster]</texture>
					<visible>[Skin.HasSetting(flattenshowcase) + [Container.Content(tvshows) | Container.Content(seasons) | Container.Content(episodes)] | !Window.IsActive(videos) + !Window.IsActive(videos) + Skin.HasSetting(flattenshowcasemusic)]</visible>
				</control>
				<control type="image">
					<left>56</left>
					<top>135</top>
					<width>75</width>
					<height>75</height>
					<texture>$VAR[watched_style]</texture>
					<colordiffuse>$INFO[skin.string(colorwatched)]</colordiffuse>
					<visible>String.IsEqual(ListItem(0).Overlay,OverlayWatched.png) + Skin.HasSetting(flattenshowcase) + [Container.Content(movies) | Container.Content(musicvideos) | Container.Content(episodes) | Window.IsActive(programs)] + !Skin.HasSetting(nooverlays)</visible>
				</control>
			</control>
		</focusedlayout>
	</include>
	<include name="ShowCaseMovies">
		<control type="group">
			<control type="group" id="6001">
				<top>540</top>
				<camera x="960" y="810" />
				<visible>Container.OnNext + !String.IsEqual(container(66).numitems,1) + ![Skin.HasSetting(flattenshowcase) + [Container.Content(movies) | Container.Content(musicvideos) | Container.Content(tvshows) | Container.Content(seasons) | Container.Content(seasons) | Container.Content(episodes) | Window.IsActive(programs)]]</visible>
				<animation effect="slide" end="-135,0" time="210" reversible="false">Hidden</animation>
				<control type="group">
					<!-- -7 -->
					<left>15</left>
					<visible>Container.OnNext</visible>
					<visible>!String.IsEmpty(Container(66).ListItemNoWrap(-7).label) | !Skin.HasSetting(ShowCasefixedlist)</visible>
					<animation effect="fade" start="100" end="0" time="210" reversible="false">Hidden</animation>
					<animation effect="rotatey" center="-135" start="-55" end="-55" time="0" condition="true">Conditional</animation>
					<include>VideoShowCaseThumb-7</include>
				</control>
				<control type="group">
					<!-- -6 -->
					<left>150</left>
					<visible>!String.IsEmpty(Container(66).ListItemNoWrap(-6).label) | !Skin.HasSetting(ShowCasefixedlist)</visible>
					<animation effect="rotatey" center="0" start="-55" end="-55" time="0" condition="true">Conditional</animation>
					<include>VideoShowCaseThumb-6</include>
				</control>
				<control type="group">
					<!-- -5 -->
					<left>285</left>
					<visible>!String.IsEmpty(Container(66).ListItemNoWrap(-5).label) | !Skin.HasSetting(ShowCasefixedlist)</visible>
					<animation effect="rotatey" center="135" start="-55" end="-55" time="0" condition="true">Conditional</animation>
					<include>VideoShowCaseThumb-5</include>
				</control>
				<control type="group">
					<!-- -4 -->
					<left>420</left>
					<visible>!String.IsEmpty(Container(66).ListItemNoWrap(-4).label) | !Skin.HasSetting(ShowCasefixedlist)</visible>
					<animation effect="rotatey" center="270" start="-55" end="-55" time="0" condition="true">Conditional</animation>
					<include>VideoShowCaseThumb-4</include>
				</control>
				<control type="group">
					<!-- -3 -->
					<left>555</left>
					<visible>!String.IsEmpty(Container(66).ListItemNoWrap(-3).label) | !Skin.HasSetting(ShowCasefixedlist)</visible>
					<animation effect="rotatey" center="405" start="-55" end="-55" time="0" condition="true">Conditional</animation>
					<include>VideoShowCaseThumb-3</include>
				</control>
				<control type="group">
					<!-- -2 -->
					<left>690</left>
					<visible>!String.IsEmpty(Container(66).ListItemNoWrap(-2).label) | !Skin.HasSetting(ShowCasefixedlist)</visible>
					<animation effect="rotatey" center="540" start="-55" end="-55" time="0" condition="true">Conditional</animation>
					<include>VideoShowCaseThumb-2</include>
				</control>
				<control type="group">
					<!-- 9 - fix to load poster -->
					<left>1770</left>
					<visible>!Container.OnNext</visible>
					<visible>!String.IsEmpty(Container(66).ListItemNoWrap(9).label) | !Skin.HasSetting(ShowCasefixedlist)</visible>
					<animation effect="fade" start="0" end="0" delay="0" time="0" reversible="false">Visible</animation>
					<control type="group">
						<visible>[Skin.HasSetting(noshowcasevideocase) | Window.IsActive(programs)]</visible>
						<control type="image">
							<!-- Poster/Icon mode -->
							<include>ShowCasePoster</include>
							<texture fallback="DefaultVideoPoster.png" diffuse="thumb_poster_diffuse.png" background="true">$VAR[poster9]</texture>
						</control>
						<control type="image">
							<!-- reflect mode -->
							<include>ShowCasePosterReflect</include>
							<texture flipy="true" fallback="DefaultVideoPoster.png" diffuse="thumb_poster_reflect.png" background="true">$VAR[poster9]</texture>
						</control>
					</control>
					<control type="group">
						<visible>!Skin.HasSetting(noshowcasevideocase) + ![Container.Content(genres) | Window.IsActive(programs)]</visible>
						<control type="image">
							<!-- Poster/Icon mode -->
							<include>ShowCaseCase</include>
							<texture fallback="DefaultVideoPoster.png" background="true">$VAR[poster9]</texture>
						</control>
						<control type="image">
							<!-- reflect mode -->
							<include>ShowCaseThumbCaseReflect</include>
							<texture flipy="true" diffuse="thumb_reflect.png" fallback="DefaultVideoPoster.png" background="true">$VAR[poster9]</texture>
						</control>
					</control>
				</control>
				<control type="group">
					<!-- 8 - fix to load poster -->
					<left>1770</left>
					<visible>!Container.OnNext</visible>
					<animation effect="fade" start="0" end="0" delay="0" time="0" reversible="false">Visible</animation>
					<control type="group">
						<control type="image">
							<!-- Poster/Icon mode -->
							<include>ShowCasePoster</include>
							<texture fallback="DefaultVideoPoster.png" diffuse="thumb_poster_diffuse.png" background="true">$VAR[poster8]</texture>
						</control>
						<control type="image">
							<!-- reflect mode -->
							<include>ShowCasePosterReflect</include>
							<texture flipy="true" fallback="DefaultVideoPoster.png" diffuse="thumb_poster_reflect.png" background="true">$VAR[poster8]</texture>
						</control>
					</control>
					<control type="group">
						<visible>!Skin.HasSetting(noshowcasevideocase) + ![Container.Content(genres) | Window.IsActive(programs)]</visible>
						<control type="image">
							<!-- Poster/Icon mode -->
							<include>ShowCaseCase</include>
							<texture fallback="DefaultVideoPoster.png" background="true">$VAR[poster8]</texture>
						</control>
						<control type="image">
							<!-- reflect mode -->
							<include>ShowCaseThumbCaseReflect</include>
							<texture flipy="true" diffuse="thumb_reflect.png" fallback="DefaultVideoPoster.png" background="true">$VAR[poster8]</texture>
						</control>
					</control>
				</control>
				<control type="group">
					<!-- 7 -->
					<left>1770</left>
					<visible>!Container.OnNext</visible>
					<animation effect="fade" start="0" end="0" delay="0" time="0" reversible="false">Visible</animation>
					<control type="group">
						<control type="image">
							<!-- Icon mode -->
							<include condition="[Skin.HasSetting(noshowcasevideocase) | Window.IsActive(programs)]">ShowCasePoster</include>
							<include condition="!Skin.HasSetting(noshowcasevideocase) + Window.IsActive(programs)">ShowCaseCase</include>
							<texture fallback="DefaultVideoPoster.png" diffuse="thumb_poster_diffuse.png" background="true">$VAR[poster7]</texture>
						</control>
						<control type="image">
							<!-- Icon reflect mode -->
							<include condition="[Skin.HasSetting(noshowcasevideocase) | Window.IsActive(programs)]">ShowCasePosterReflect</include>
							<include condition="!Skin.HasSetting(noshowcasevideocase) + Window.IsActive(programs)">ShowCaseThumbCaseReflect</include>
							<texture flipy="true" diffuse="thumb_reflect.png" fallback="DefaultVideoPoster.png" background="true">$VAR[poster7]</texture>
						</control>
					</control>
				</control>
				<control type="group">
					<!-- 6 -->
					<left>1635</left>
					<visible>!String.IsEmpty(Container(66).ListItemNoWrap(6).label) | !Skin.HasSetting(ShowCasefixedlist)</visible>
					<visible>!Container.OnNext</visible>
					<animation effect="fade" start="0" end="100" delay="0" time="210" reversible="false">Visible</animation>
					<animation effect="rotatey" center="2205" start="55" end="55" time="0" condition="true">Conditional</animation>
					<include>VideoShowCaseThumb6</include>
				</control>
				<control type="group">
					<!-- 5 -->
					<left>1500</left>
					<visible>!String.IsEmpty(Container(66).ListItemNoWrap(5).label) | !Skin.HasSetting(ShowCasefixedlist)</visible>
					<animation effect="rotatey" center="2070" start="55" end="55" time="0" condition="true">Conditional</animation>
					<include>VideoShowCaseThumb5</include>
				</control>
				<control type="group">
					<!-- 4 -->
					<left>1365</left>
					<visible>!String.IsEmpty(Container(66).ListItemNoWrap(4).label) | !Skin.HasSetting(ShowCasefixedlist)</visible>
					<animation effect="rotatey" center="1935" start="55" end="55" time="0" condition="true">Conditional</animation>
					<include>VideoShowCaseThumb4</include>
				</control>
				<control type="group">
					<!-- 3 -->
					<left>1230</left>
					<visible>!String.IsEmpty(Container(66).ListItemNoWrap(3).label) | !Skin.HasSetting(ShowCasefixedlist)</visible>
					<animation effect="rotatey" center="1800" start="55" end="55" time="0" condition="true">Conditional</animation>
					<include>VideoShowCaseThumb3</include>
				</control>
				<control type="group">
					<!-- 2 -->
					<left>1095</left>
					<visible>!String.IsEmpty(Container(66).ListItemNoWrap(2).label) | !Skin.HasSetting(ShowCasefixedlist)</visible>
					<animation effect="rotatey" center="1665" start="55" end="55" time="0" condition="true">Conditional</animation>
					<include>VideoShowCaseThumb2</include>
				</control>
				<control type="group">
					<!-- 1 -->
					<left>960</left>
					<visible>!String.IsEmpty(Container(66).ListItemNoWrap(1).label) | !Skin.HasSetting(ShowCasefixedlist)</visible>
					<animation effect="rotatey" center="1530" start="55" end="55" time="0" condition="true">Conditional</animation>
					<include>VideoShowCaseThumb1</include>
				</control>
				<control type="group">
					<visible>Container.OnNext</visible>
					<animation effect="slide" end="75,0" time="210" reversible="false">Hidden</animation>
					<control type="group">
						<left>825</left>
						<visible>Container.OnNext</visible>
						<visible>!String.IsEmpty(Container(66).ListItemNoWrap(0).label) | !Skin.HasSetting(ShowCasefixedlist)</visible>
						<animation effect="rotatey" center="1395" start="0" end="-55" time="210" reversible="false" tween="quadratic" easing="in">Hidden</animation>
						<animation effect="rotatey" center="1395" start="55" end="55" time="0" condition="true">Conditional</animation>
						<include>VideoShowCaseThumb0</include>
					</control>
					<control type="group">
						<left>758</left>
						<visible>Container.OnNext</visible>
						<visible>!String.IsEmpty(Container(66).ListItemNoWrap(-1).label) | !Skin.HasSetting(ShowCasefixedlist)</visible>
						<animation effect="rotatey" center="608" start="0" end="-55" time="210" reversible="false" tween="quadratic" easing="out">Hidden</animation>
						<include>VideoShowCaseThumb-1</include>
					</control>
				</control>
			</control>
			<control type="group" id="6002">
				<top>540</top>
				<camera x="960" y="810" />
				<visible>Container.OnPrevious + !String.IsEqual(container(66).numitems,1) + ![Skin.HasSetting(flattenshowcase) + [Container.Content(movies) | Container.Content(musicvideos) | Container.Content(tvshows) | Container.Content(seasons) | Container.Content(episodes) | Window.IsActive(programs)]]</visible>
				<animation effect="slide" end="135,0" time="210" reversible="false">Hidden</animation>
				<control type="group">
					<!-- 7 -->
					<left>1500</left>
					<visible>Container.OnPrevious</visible>
					<visible>!String.IsEmpty(Container(66).ListItemNoWrap(7).label) | !Skin.HasSetting(ShowCasefixedlist)</visible>
					<animation effect="fade" start="100" end="0" time="210" reversible="false">Hidden</animation>
					<animation effect="rotatey" center="2070" start="55" end="55" time="0" condition="true">Conditional</animation>
					<include>VideoShowCaseThumb7</include>
				</control>
				<control type="group">
					<!-- 6 -->
					<left>1365</left>
					<visible>!String.IsEmpty(Container(66).ListItemNoWrap(6).label) | !Skin.HasSetting(ShowCasefixedlist)</visible>
					<animation effect="rotatey" center="1935" start="55" end="55" time="0" condition="true">Conditional</animation>
					<include>VideoShowCaseThumb6</include>
				</control>
				<control type="group">
					<!-- 5 -->
					<left>1230</left>
					<visible>!String.IsEmpty(Container(66).ListItemNoWrap(5).label) | !Skin.HasSetting(ShowCasefixedlist)</visible>
					<animation effect="rotatey" center="1800" start="55" end="55" time="0" condition="true">Conditional</animation>
					<include>VideoShowCaseThumb5</include>
				</control>
				<control type="group">
					<!-- 4 -->
					<left>1095</left>
					<visible>!String.IsEmpty(Container(66).ListItemNoWrap(4).label) | !Skin.HasSetting(ShowCasefixedlist)</visible>
					<animation effect="rotatey" center="1665" start="55" end="55" time="0" condition="true">Conditional</animation>
					<include>VideoShowCaseThumb4</include>
				</control>
				<control type="group">
					<!-- 3 -->
					<left>960</left>
					<visible>!String.IsEmpty(Container(66).ListItemNoWrap(3).label) | !Skin.HasSetting(ShowCasefixedlist)</visible>
					<animation effect="rotatey" center="1530" start="55" end="55" time="0" condition="true">Conditional</animation>
					<include>VideoShowCaseThumb3</include>
				</control>
				<control type="group">
					<!-- 2 -->
					<left>825</left>
					<visible>!String.IsEmpty(Container(66).ListItemNoWrap(2).label) | !Skin.HasSetting(ShowCasefixedlist)</visible>
					<animation effect="rotatey" center="1395" start="55" end="55" time="0" condition="true">Conditional</animation>
					<include>VideoShowCaseThumb2</include>
				</control>
				<control type="group">
					<!-- -8 -->
					<left>-270</left>
					<visible>!Container.OnPrevious</visible>
					<animation effect="fade" start="0" end="0" delay="0" time="0" reversible="false">Visible</animation>
					<control type="group">
						<visible>[Skin.HasSetting(noshowcasevideocase) | Window.IsActive(programs)]</visible>
						<control type="image">
							<!-- Icon mode -->
							<include>ShowCasePoster</include>
							<texture background="true">$VAR[poster-8]</texture>
						</control>
						<control type="image">
							<!-- Icon reflect mode -->
							<include>ShowCasePosterReflect</include>
							<texture background="true">$VAR[poster-8]</texture>
						</control>
					</control>
					<control type="group">
						<visible>!Skin.HasSetting(noshowcasevideocase) + !Window.IsActive(programs)</visible>
						<control type="image">
							<!-- Icon mode -->
							<include>ShowCaseCase</include>
							<texture background="true">$VAR[poster-8]</texture>
						</control>
						<control type="image">
							<!-- Icon reflect mode -->
							<include>ShowCaseThumbCaseReflect</include>
							<texture flipy="true" diffuse="thumb_reflect.png" fallback="DefaultVideoPoster.png" background="true">$VAR[poster-8]</texture>
						</control>
					</control>
				</control>
				<control type="group">
					<!-- -6 -->
					<left>-120</left>
					<visible>!Container.OnPrevious</visible>
					<visible>!String.IsEmpty(Container(66).ListItemNoWrap(-6).label) | !Skin.HasSetting(ShowCasefixedlist)</visible>
					<animation effect="fade" start="0" end="100" time="210" reversible="false">Visible</animation>
					<animation effect="rotatey" center="-270" start="-55" end="-55" time="0" condition="true">Conditional</animation>
					<include>VideoShowCaseThumb-6</include>
				</control>
				<control type="group">
					<!-- -5 -->
					<left>15</left>
					<visible>!String.IsEmpty(Container(66).ListItemNoWrap(-5).label) | !Skin.HasSetting(ShowCasefixedlist)</visible>
					<animation effect="rotatey" center="-135" start="-55" end="-55" time="0" condition="true">Conditional</animation>
					<include>VideoShowCaseThumb-5</include>
				</control>
				<control type="group">
					<!-- -4 -->
					<left>150</left>
					<visible>!String.IsEmpty(Container(66).ListItemNoWrap(-4).label) | !Skin.HasSetting(ShowCasefixedlist)</visible>
					<animation effect="rotatey" center="0" start="-55" end="-55" time="0" condition="true">Conditional</animation>
					<include>VideoShowCaseThumb-4</include>
				</control>
				<control type="group">
					<!-- -3 -->
					<left>285</left>
					<visible>!String.IsEmpty(Container(66).ListItemNoWrap(-3).label) | !Skin.HasSetting(ShowCasefixedlist)</visible>
					<animation effect="rotatey" center="135" start="-55" end="-55" time="0" condition="true">Conditional</animation>
					<include>VideoShowCaseThumb-3</include>
				</control>
				<control type="group">
					<!-- -2 -->
					<left>420</left>
					<visible>!String.IsEmpty(Container(66).ListItemNoWrap(-2).label) | !Skin.HasSetting(ShowCasefixedlist)</visible>
					<animation effect="rotatey" center="270" start="-55" end="-55" time="0" condition="true">Conditional</animation>
					<include>VideoShowCaseThumb-2</include>
				</control>
				<control type="group">
					<!-- -1 -->
					<left>555</left>
					<visible>!String.IsEmpty(Container(66).ListItemNoWrap(-1).label) | !Skin.HasSetting(ShowCasefixedlist)</visible>
					<animation effect="rotatey" center="405" start="-55" end="-55" time="0" condition="true">Conditional</animation>
					<include>VideoShowCaseThumb-1</include>
				</control>
				<control type="group">
					<!-- 0-1 -->
					<visible>Container.OnPrevious</visible>
					<animation effect="slide" end="-75,0" time="210" reversible="false">Hidden</animation>
					<control type="group">
						<visible>!String.IsEmpty(Container(66).ListItemNoWrap(0).label) | !Skin.HasSetting(ShowCasefixedlist)</visible>
						<left>690</left>
						<visible>Container.OnPrevious</visible>
						<animation effect="rotatey" center="540" start="0" end="55" time="210" reversible="false" tween="quadratic" easing="in">Hidden</animation>
						<animation effect="rotatey" center="540" start="-55" end="-55" time="0" condition="true">Conditional</animation>
						<include>VideoShowCaseThumb0</include>
					</control>
					<control type="group">
						<visible>!String.IsEmpty(Container(66).ListItemNoWrap(1).label) | !Skin.HasSetting(ShowCasefixedlist)</visible>
						<left>758</left>
						<visible>Container.OnPrevious</visible>
						<animation effect="rotatey" center="1328" start="0" end="55" time="210" reversible="false" tween="quadratic" easing="out">Hidden</animation>
						<include>VideoShowCaseThumb1</include>
					</control>
				</control>
			</control>
			<control type="button" id="960">
				<include>invisible</include>
				<visible>![Skin.HasSetting(flattenshowcase) + [Container.Content(movies) | Container.Content(musicvideos) | Container.Content(tvshows) | Container.Content(seasons) | Container.Content(episodes) | Window.IsActive(programs)]]</visible>
				<animation effect="fade" start="100" end="0" time="800">Hidden</animation>
			</control>
			<control type="group" id="6000">
				<top>540</top>
				<animation effect="fade" time="500">WindowOpen</animation>
				<animation effect="fade" time="200">WindowClose</animation>
				<visible>[[!Control.IsVisible(6001) + !Control.IsVisible(6002) | String.IsEqual(container(66).numitems,1)]] + Control.IsVisible(960)</visible>
				<camera x="960" y="810" />
				<control type="group">
					<!-- -6 -->
					<left>15</left>
					<visible>!String.IsEmpty(Container(66).ListItemNoWrap(-6).label) | !Skin.HasSetting(ShowCasefixedlist)</visible>
					<animation effect="rotatey" center="-135" start="-55" end="-55" time="0" condition="true">Conditional</animation>
					<animation type="Conditional" condition="[Skin.HasSetting(flattenshowcase) + [Container.Content(movies) | Container.Content(musicvideos) | Container.Content(tvshows) | Container.Content(seasons) | Container.Content(episodes) | Window.IsActive(programs)]]">
						<effect type="rotatey" center="-135" start="0" end="55" time="800" tween="cubic" easing="inout" />
						<effect type="slide" start="0" end="-1028" time="800" tween="cubic" easing="inout" />
					</animation>
					<include>VideoShowCaseThumb-6</include>
				</control>
				<control type="group">
					<!-- -5 -->
					<left>150</left>
					<visible>!String.IsEmpty(Container(66).ListItemNoWrap(-5).label) | !Skin.HasSetting(ShowCasefixedlist)</visible>
					<animation effect="rotatey" center="0" start="-55" end="-55" time="0" condition="true">Conditional</animation>
					<animation type="Conditional" condition="[Skin.HasSetting(flattenshowcase) + [Container.Content(movies) | Container.Content(musicvideos) | Container.Content(tvshows) | Container.Content(seasons) | Container.Content(episodes) | Window.IsActive(programs)]]">
						<effect type="rotatey" center="0" start="0" end="55" time="800" tween="cubic" easing="inout" />
						<effect type="slide" start="0" end="-866" time="800" tween="cubic" easing="inout" />
					</animation>
					<include>VideoShowCaseThumb-5</include>
				</control>
				<control type="group">
					<!-- -4 -->
					<left>285</left>
					<visible>!String.IsEmpty(Container(66).ListItemNoWrap(-4).label) | !Skin.HasSetting(ShowCasefixedlist)</visible>
					<animation effect="rotatey" center="135" start="-55" end="-55" time="0" condition="true">Conditional</animation>
					<animation type="Conditional" condition="[Skin.HasSetting(flattenshowcase) + [Container.Content(movies) | Container.Content(musicvideos) | Container.Content(tvshows) | Container.Content(seasons) | Container.Content(episodes) | Window.IsActive(programs)]]">
						<effect type="rotatey" center="135" start="0" end="55" time="800" tween="cubic" easing="inout" />
						<effect type="slide" start="0" end="-704" time="800" tween="cubic" easing="inout" />
					</animation>
					<include>VideoShowCaseThumb-4</include>
				</control>
				<control type="group">
					<!-- -3 -->
					<left>420</left>
					<visible>!String.IsEmpty(Container(66).ListItemNoWrap(-3).label) | !Skin.HasSetting(ShowCasefixedlist)</visible>
					<animation effect="rotatey" center="270" start="-55" end="-55" time="0" condition="true">Conditional</animation>
					<animation type="Conditional" condition="[Skin.HasSetting(flattenshowcase) + [Container.Content(movies) | Container.Content(musicvideos) | Container.Content(tvshows) | Container.Content(seasons) | Container.Content(episodes) | Window.IsActive(programs)]]">
						<effect type="rotatey" center="270" start="0" end="55" time="800" tween="cubic" easing="inout" />
						<effect type="slide" start="0" end="-543" time="800" tween="cubic" easing="inout" />
					</animation>
					<include>VideoShowCaseThumb-3</include>
				</control>
				<control type="group">
					<!-- -2 -->
					<left>555</left>
					<visible>!String.IsEmpty(Container(66).ListItemNoWrap(-2).label) | !Skin.HasSetting(ShowCasefixedlist)</visible>
					<animation effect="rotatey" center="405" start="-55" end="-55" time="0" condition="true">Conditional</animation>
					<animation type="Conditional" condition="[Skin.HasSetting(flattenshowcase) + [Container.Content(movies) | Container.Content(musicvideos) | Container.Content(tvshows) | Container.Content(seasons) | Container.Content(episodes) | Window.IsActive(programs)]]">
						<effect type="rotatey" center="405" start="0" end="55" time="800" tween="cubic" easing="inout" />
						<effect type="slide" start="0" end="-384" time="800" tween="cubic" easing="inout" />
					</animation>
					<include>VideoShowCaseThumb-2</include>
				</control>
				<control type="group">
					<!-- -1 -->
					<left>690</left>
					<visible>!String.IsEmpty(Container(66).ListItemNoWrap(-1).label) | !Skin.HasSetting(ShowCasefixedlist)</visible>
					<animation effect="rotatey" center="540" start="-55" end="-55" time="0" condition="true">Conditional</animation>
					<animation type="Conditional" condition="[Skin.HasSetting(flattenshowcase) + [Container.Content(movies) | Container.Content(musicvideos) | Container.Content(tvshows) | Container.Content(seasons) | Container.Content(episodes) | Window.IsActive(programs)]]">
						<effect type="rotatey" center="540" start="0" end="55" time="800" tween="cubic" easing="inout" />
						<effect type="slide" start="0" end="-226" time="800" tween="cubic" easing="inout" />
					</animation>
					<include>VideoShowCaseThumb-1</include>
				</control>
				<control type="group">
					<!-- 6 -->
					<left>1500</left>
					<visible>!String.IsEmpty(Container(66).ListItemNoWrap(6).label) | !Skin.HasSetting(ShowCasefixedlist)</visible>
					<animation effect="rotatey" center="2070" start="55" end="55" time="0" condition="true">Conditional</animation>
					<animation type="Conditional" condition="[Skin.HasSetting(flattenshowcase) + [Container.Content(movies) | Container.Content(musicvideos) | Container.Content(tvshows) | Container.Content(seasons) | Container.Content(episodes) | Window.IsActive(programs)]]">
						<effect type="rotatey" center="2070" start="0" end="-55" time="800" tween="cubic" easing="inout" />
						<effect type="slide" start="0" end="1028" time="800" tween="cubic" easing="inout" />
					</animation>
					<include>VideoShowCaseThumb6</include>
				</control>
				<control type="group">
					<!-- 5 -->
					<left>1365</left>
					<visible>!String.IsEmpty(Container(66).ListItemNoWrap(5).label) | !Skin.HasSetting(ShowCasefixedlist)</visible>
					<animation effect="rotatey" center="1935" start="55" end="55" time="0" condition="true">Conditional</animation>
					<animation type="Conditional" condition="[Skin.HasSetting(flattenshowcase) + [Container.Content(movies) | Container.Content(musicvideos) | Container.Content(tvshows) | Container.Content(seasons) | Container.Content(episodes) | Window.IsActive(programs)]]">
						<effect type="rotatey" center="1935" start="0" end="-55" time="800" tween="cubic" easing="inout" />
						<effect type="slide" start="0" end="866" time="800" tween="cubic" easing="inout" />
					</animation>
					<include>VideoShowCaseThumb5</include>
				</control>
				<control type="group">
					<!-- 4 -->
					<left>1230</left>
					<visible>!String.IsEmpty(Container(66).ListItemNoWrap(4).label) | !Skin.HasSetting(ShowCasefixedlist)</visible>
					<animation effect="rotatey" center="1800" start="55" end="55" time="0" condition="true">Conditional</animation>
					<animation type="Conditional" condition="[Skin.HasSetting(flattenshowcase) + [Container.Content(movies) | Container.Content(musicvideos) | Container.Content(tvshows) | Container.Content(seasons) | Container.Content(episodes) | Window.IsActive(programs)]]">
						<effect type="rotatey" center="1800" start="0" end="-55" time="800" tween="cubic" easing="inout" />
						<effect type="slide" start="0" end="704" time="800" tween="cubic" easing="inout" />
					</animation>
					<include>VideoShowCaseThumb4</include>
				</control>
				<control type="group">
					<!-- 3 -->
					<left>1095</left>
					<visible>!String.IsEmpty(Container(66).ListItemNoWrap(3).label) | !Skin.HasSetting(ShowCasefixedlist)</visible>
					<animation effect="rotatey" center="1665" start="55" end="55" time="0" condition="true">Conditional</animation>
					<animation type="Conditional" condition="[Skin.HasSetting(flattenshowcase) + [Container.Content(movies) | Container.Content(musicvideos) | Container.Content(tvshows) | Container.Content(seasons) | Container.Content(episodes) | Window.IsActive(programs)]]">
						<effect type="rotatey" center="1665" start="0" end="-55" time="800" tween="cubic" easing="inout" />
						<effect type="slide" start="0" end="543" time="800" tween="cubic" easing="inout" />
					</animation>
					<include>VideoShowCaseThumb3</include>
				</control>
				<control type="group">
					<!-- 2 -->
					<left>960</left>
					<visible>!String.IsEmpty(Container(66).ListItemNoWrap(2).label) | !Skin.HasSetting(ShowCasefixedlist)</visible>
					<animation effect="rotatey" center="1530" start="55" end="55" time="0" condition="true">Conditional</animation>
					<animation type="Conditional" condition="[Skin.HasSetting(flattenshowcase) + [Container.Content(movies) | Container.Content(musicvideos) | Container.Content(tvshows) | Container.Content(seasons) | Container.Content(episodes) | Window.IsActive(programs)]]">
						<effect type="rotatey" center="1530" start="0" end="-55" time="800" tween="cubic" easing="inout" />
						<effect type="slide" start="0" end="384" time="800" tween="cubic" easing="inout" />
					</animation>
					<include>VideoShowCaseThumb2</include>
				</control>
				<control type="group">
					<!-- 1 -->
					<left>825</left>
					<visible>!String.IsEmpty(Container(66).ListItemNoWrap(1).label) | !Skin.HasSetting(ShowCasefixedlist)</visible>
					<animation effect="rotatey" center="1395" start="55" end="55" time="0" condition="true">Conditional</animation>
					<animation type="Conditional" condition="[Skin.HasSetting(flattenshowcase) + [Container.Content(movies) | Container.Content(musicvideos) | Container.Content(tvshows) | Container.Content(seasons) | Container.Content(episodes) | Window.IsActive(programs)]]">
						<effect type="rotatey" center="1395" start="0" end="-55" time="800" tween="cubic" easing="inout" />
						<effect type="slide" start="0" end="226" time="800" tween="cubic" easing="inout" />
					</animation>
					<include>VideoShowCaseThumb1</include>
				</control>
				<control type="group">
					<!-- 0 -->
					<left>758</left>
					<include>VideoShowCaseThumb0</include>
				</control>
			</control>
		</control>
	</include>
	<include name="VideoShowCaseThumb0">
		<include content="viewshowcase_poster">	
			<param name="item" value="0" />
		</include>
	</include>
	<include name="VideoShowCaseThumb1">
		<include content="viewshowcase_poster">	
			<param name="item" value="1" />
		</include>
	</include>
	<include name="VideoShowCaseThumb2">
		<include content="viewshowcase_poster">	
			<param name="item" value="2" />
		</include>
	</include>
	<include name="VideoShowCaseThumb3">
		<include content="viewshowcase_poster">	
			<param name="item" value="3" />
		</include>
	</include>
	<include name="VideoShowCaseThumb4">
		<include content="viewshowcase_poster">	
			<param name="item" value="4" />
		</include>
	</include>
	<include name="VideoShowCaseThumb5">
		<include content="viewshowcase_poster">	
			<param name="item" value="5" />
		</include>
	</include>
	<include name="VideoShowCaseThumb6">
		<include content="viewshowcase_poster">	
			<param name="item" value="6" />
		</include>
	</include>
	<include name="VideoShowCaseThumb7">
		<include content="viewshowcase_poster">	
			<param name="item" value="7" />
		</include>
	</include>
	<include name="VideoShowCaseThumb-1">
		<include content="viewshowcase_poster">	
			<param name="item" value="-1" />
		</include>
	</include>
	<include name="VideoShowCaseThumb-2">
		<include content="viewshowcase_poster">	
			<param name="item" value="-2" />
		</include>
	</include>
	<include name="VideoShowCaseThumb-3">
		<include content="viewshowcase_poster">	
			<param name="item" value="-3" />
		</include>
	</include>
	<include name="VideoShowCaseThumb-4">
		<include content="viewshowcase_poster">	
			<param name="item" value="-4" />
		</include>
	</include>
	<include name="VideoShowCaseThumb-5">
		<include content="viewshowcase_poster">	
			<param name="item" value="-5" />
		</include>
	</include>
	<include name="VideoShowCaseThumb-6">
		<include content="viewshowcase_poster">	
			<param name="item" value="-6" />
		</include>
	</include>
	<include name="VideoShowCaseThumb-7">
		<include content="viewshowcase_poster">	
			<param name="item" value="-7" />
		</include>
	</include>
	<include name="ViewShowCaseVideo">
		<control type="group">
			<!-- default group -->
			<animation effect="fade" time="400">VisibleChange</animation>
			<control type="button" id="9966">
				<include>invisible</include>
				<onleft>66</onleft>
				<onright>66</onright>
				<onup>9900</onup>
				<ondown>66</ondown>
			</control>
			<visible>Control.IsVisible(66)</visible>
			<control type="group">
				<!-- painel de info fanart layout -->
				<animation effect="slide" start="0,-900" end="0,0" time="500" tween="sine" easing="out">Visible</animation>
				<animation effect="slide" start="0,0" end="0,-900" time="500" tween="sine" easing="out">Hidden</animation>
				<visible>[Control.HasFocus(9966) | String.IsEqual(skin.string(showcasevideopanel),alwayson) | String.IsEqual(skin.string(showcasevideopanel),auto) + Control.IsVisible(9921)] + String.Contains(skin.string(showcaselayout),fanart) + ![String.IsEqual(ListItem.Label,..) | Container.Content(years) | Container.Content(genres) | Container.Content(countries) | Container.Content(studios)]</visible>
				<control type="image">
					<left>0</left>
					<top>84</top>
					<width>1920</width>
					<height>45</height>
					<texture>shadow_h.png</texture>
					<colordiffuse>C3FFFFFF</colordiffuse>
				</control>
				<control type="image">
					<left>0</left>
					<top>128</top>
					<width>1920</width>
					<height>795</height>
					<texture flipy="true" diffuse="shadow_mask.png">$VAR[texture_base]</texture>
					<colordiffuse>$INFO[skin.string(colortexture)]</colordiffuse>
					<animation effect="fade" end="85" condition="true">Conditional</animation>
				</control>
				<control type="grouplist">
					<left>45</left>
					<top>156</top>
					<orientation>vertical</orientation>
					<itemgap>15</itemgap>
					<control type="label">
						<include>ShowCaseLabel_Fanart</include>
						<label>$VAR[ground11_label]: [COLOR=$INFO[skin.string(colortext)]]$VAR[ground11_value][/COLOR]</label>
					</control>
					<control type="label">
						<include>ShowCaseLabel_Fanart</include>
						<label>$VAR[ground12_label]: [COLOR=$INFO[skin.string(colortext)]]$VAR[ground12_value][/COLOR]</label>
					</control>
					<control type="label">
						<include>ShowCaseLabel_Fanart</include>
						<label>$VAR[ground13_label]: [COLOR=$INFO[skin.string(colortext)]]$VAR[ground13_value][/COLOR]</label>
					</control>
					<control type="label">
						<include>ShowCaseLabel_Fanart</include>
						<label>$VAR[ground14_label]: [COLOR=$INFO[skin.string(colortext)]]$VAR[ground14_value][/COLOR]</label>
					</control>
					<control type="label">
						<include>ShowCaseLabel_Fanart</include>
						<label>$VAR[ground15_label]: [COLOR=$INFO[skin.string(colortext)]]$VAR[ground15_value][/COLOR]</label>
					</control>
					<control type="label">
						<include>ShowCaseLabel_Fanart</include>
						<label>$VAR[ground16_label]: [COLOR=$INFO[skin.string(colortext)]]$VAR[ground16_value][/COLOR]</label>
					</control>
					<control type="label">
						<include>ShowCaseLabel_Fanart</include>
						<label>$VAR[ground17_label]: [COLOR=$INFO[skin.string(colortext)]]$VAR[ground17_value][/COLOR]</label>
						<visible>!Container.Content(seasons)</visible>
					</control>
				</control>
				<control type="image">
					<left>600</left>
					<top>128</top>
					<width>2</width>
					<height>410</height>
					<texture>separator_v.png</texture>
				</control>
				<control type="image">
					<left>1208</left>
					<top>128</top>
					<width>2</width>
					<height>410</height>
					<texture>separator_v.png</texture>
				</control>
				<control type="textbox">
					<left>634</left>
					<top>156</top>
					<width>540</width>
					<height>363</height>
					<font>font_plot</font>
					<label>$VAR[plot]</label>
					<autoscroll delay="15000" time="2000" repeat="15000">!Skin.HasSetting(noallowscroll)</autoscroll>
				</control>
				<control type="image">
					<left>0</left>
					<top>537</top>
					<width>1920</width>
					<height>2</height>
					<texture>separator.png</texture>
				</control>
				<control type="image">
					<left>1185</left>
					<top>159</top>
					<width>750</width>
					<height>352</height>
					<aspectratio>keep</aspectratio>
					<texture background="true">$INFO[ListItem.Art(fanart)]</texture>
					<bordertexture border="-2">black.png</bordertexture>
					<fadetime>commonfadetime</fadetime>
				</control>
			</control>
			<control type="group">
				<!-- painel de info extrathumbs layout -->
				<animation effect="slide" start="0,-900" end="0,0" time="500" tween="sine" easing="out">Visible</animation>
				<animation effect="slide" start="0,0" end="0,-900" time="500" tween="sine" easing="out">Hidden</animation>
				<visible>[Control.HasFocus(9966) | String.IsEqual(skin.string(showcasevideopanel),alwayson) | String.IsEqual(skin.string(showcasevideopanel),auto) + Control.IsVisible(9921)] + String.Contains(skin.string(showcaselayout),extrathumbs) + ![String.IsEqual(ListItem.Label,..) | Container.Content(years) | Container.Content(genres) | Container.Content(countries) | Container.Content(studios)]</visible>
				<control type="image">
					<left>0</left>
					<top>84</top>
					<width>1920</width>
					<height>45</height>
					<texture>shadow_h.png</texture>
					<colordiffuse>C3FFFFFF</colordiffuse>
				</control>
				<control type="image">
					<left>0</left>
					<top>128</top>
					<width>1920</width>
					<height>795</height>
					<texture flipy="true" diffuse="shadow_mask.png">$VAR[texture_base]</texture>
					<colordiffuse>$INFO[skin.string(colortexture)]</colordiffuse>
					<animation effect="fade" end="85" condition="true">Conditional</animation>
				</control>
				<control type="image">
					<!-- Thumb 1 fundo -->
					<left>22</left>
					<top>128</top>
					<width>362</width>
					<height>210</height>
					<aspectratio align="left" aligny="bottom">stretch</aspectratio>
					<texture>fanartframe.png</texture>
					<colordiffuse>$INFO[skin.string(colortexture)]</colordiffuse>
				</control>
				<control type="image">
					<!-- Thumb 1 -->
					<left>30</left>
					<top>135</top>
					<width>346</width>
					<height>195</height>
					<aspectratio align="left" aligny="bottom">stretch</aspectratio>
					<fadetime>commonfadetime</fadetime>
					<texture fallback="DefaultExtraThumbs.png" background="true">$INFO[ListItem.Path,,extrathumbs/thumb1.jpg]</texture>
					<bordersize>5</bordersize>
				</control>
				<control type="image">
					<!-- Thumb 2 fundo -->
					<left>22</left>
					<top>330</top>
					<width>362</width>
					<height>210</height>
					<aspectratio align="left" aligny="bottom">stretch</aspectratio>
					<texture>fanartframe.png</texture>
					<colordiffuse>$INFO[skin.string(colortexture)]</colordiffuse>
				</control>
				<control type="image">
					<!-- Thumb 2 -->
					<left>30</left>
					<top>338</top>
					<width>346</width>
					<height>195</height>
					<aspectratio align="left" aligny="bottom">stretch</aspectratio>
					<fadetime>commonfadetime</fadetime>
					<texture fallback="DefaultExtraThumbs.png" background="true">$INFO[ListItem.Path,,extrathumbs/thumb2.jpg]</texture>
					<bordersize>5</bordersize>
				</control>
				<control type="image">
					<!-- Thumb 3 fundo -->
					<left>1536</left>
					<top>128</top>
					<width>362</width>
					<height>210</height>
					<aspectratio align="left" aligny="bottom">stretch</aspectratio>
					<texture>fanartframe.png</texture>
					<colordiffuse>$INFO[skin.string(colortexture)]</colordiffuse>
				</control>
				<control type="image">
					<!-- Thumb 3 -->
					<left>1544</left>
					<top>135</top>
					<width>346</width>
					<height>195</height>
					<aspectratio align="right" aligny="bottom">stretch</aspectratio>
					<fadetime>commonfadetime</fadetime>
					<texture fallback="DefaultExtraThumbs.png" background="true">$INFO[ListItem.Path,,extrathumbs/thumb3.jpg]</texture>
					<bordersize>5</bordersize>
				</control>
				<control type="image">
					<!-- Thumb 4 fundo -->
					<left>1536</left>
					<top>330</top>
					<width>362</width>
					<height>210</height>
					<aspectratio align="left" aligny="bottom">stretch</aspectratio>
					<texture>fanartframe.png</texture>
					<colordiffuse>$INFO[skin.string(colortexture)]</colordiffuse>
				</control>
				<control type="image">
					<!-- Thumb 4 -->
					<left>1544</left>
					<top>338</top>
					<width>346</width>
					<height>195</height>
					<aspectratio align="right" aligny="bottom">stretch</aspectratio>
					<fadetime>commonfadetime</fadetime>
					<texture fallback="DefaultExtraThumbs.png" background="true">$INFO[ListItem.Path,,extrathumbs/thumb4.jpg]</texture>
					<bordersize>5</bordersize>
				</control>
				<control type="label">
					<include>ShowCaseLabel_Extrathumbs</include>
					<top>156</top>
					<label>$VAR[ground1_label]</label>
				</control>
				<control type="fadelabel">
					<include>ShowCaseExtrathumbs</include>
					<top>186</top>
					<label>$VAR[ground1_value]</label>
				</control>
				<control type="label">
					<include>ShowCaseLabel_Extrathumbs</include>
					<top>231</top>
					<label>$VAR[ground2_label]</label>
				</control>
				<control type="fadelabel">
					<include>ShowCaseExtrathumbs</include>
					<top>261</top>
					<label>$VAR[ground2_value]</label>
				</control>
				<control type="label">
					<include>ShowCaseLabel_Extrathumbs</include>
					<top>306</top>
					<label>$VAR[ground3_label]</label>
				</control>
				<control type="fadelabel">
					<include>ShowCaseExtrathumbs</include>
					<top>336</top>
					<label>$VAR[ground3_value]</label>
				</control>
				<control type="label">
					<include>ShowCaseLabel_Extrathumbs</include>
					<top>381</top>
					<label>$VAR[ground4_label]</label>
				</control>
				<control type="fadelabel">
					<include>ShowCaseExtrathumbs</include>
					<top>411</top>
					<label>$VAR[ground4_value]</label>
				</control>
				<control type="label">
					<include>ShowCaseLabel_Extrathumbs</include>
					<top>456</top>
					<label>$VAR[ground5_label]</label>
				</control>
				<control type="fadelabel">
					<include>ShowCaseExtrathumbs</include>
					<top>486</top>
					<label>$VAR[ground5_value]</label>
				</control>
				<control type="image">
					<left>412</left>
					<top>128</top>
					<width>2</width>
					<height>410</height>
					<texture>separator_v.png</texture>
				</control>
				<control type="image">
					<left>960</left>
					<top>128</top>
					<width>2</width>
					<height>410</height>
					<texture>separator_v.png</texture>
				</control>
				<control type="image">
					<left>1508</left>
					<top>128</top>
					<width>2</width>
					<height>410</height>
					<texture>separator_v.png</texture>
				</control>
				<control type="textbox">
					<left>998</left>
					<top>156</top>
					<width>465</width>
					<height>363</height>
					<font>font_plot</font>
					<label>$VAR[plot]</label>
					<autoscroll delay="15000" time="2000" repeat="15000">!Skin.HasSetting(noallowscroll)</autoscroll>
				</control>
				<control type="image">
					<left>0</left>
					<top>537</top>
					<width>1920</width>
					<height>2</height>
					<texture>separator.png</texture>
				</control>
			</control>
			<include condition="Skin.HasSetting(ShowCasefixedlist)">MovieShowCaseFixedList</include>
			<include condition="!Skin.HasSetting(ShowCasefixedlist)">MovieShowCaseWrapList</include>
			<include>ShowCaseMovies</include>
			<control type="scrollbar" id="80">
				<include>ScrollBar_Horizontal</include>
				<left>285</left>
				<top>920</top>
				<width>1350</width>
				<onup>66</onup>
				<ondown>9920</ondown>
				<include>animation_fade</include>
				<visible allowhiddenfocus="true">Control.IsVisible(66) + Control.HasFocus(80)</visible>
			</control>
		</control>
	</include>
</includes>
