<?xml version="1.0" encoding="UTF-8"?>
<includes>
	<!-- KBK Multimedia Center -->
	<!-- VISTA WIDE - 59 -->
	<include name="WideLabel">
		<left>990</left>
		<height>66</height>
		<width>900</width>
		<font>font_plot</font>
		<aligny>top</aligny>
		<align>left</align>
		<textcolor>$INFO[skin.string(colorheader)]</textcolor>
		<textoffsetx>45</textoffsetx>
		<textoffsety>3</textoffsety>
	</include>
	<include name="WideValue">
		<left>990</left>
		<height>20</height>
		<width>900</width>
		<font>font_plot</font>
		<aligny>top</aligny>
		<align>left</align>
		<textoffsetx>45</textoffsetx>
		<textoffsety>32</textoffsety>
		<scroll>true</scroll>
	</include>
	<include name="ViewWide">
		<!-- default group -->
		<control type="group">
			<animation effect="fade" time="400">VisibleChange</animation>
			<visible>Control.IsVisible(59)</visible>
			<control type="group">
				<animation effect="slide" time="500" start="-1290,0" end="0,0" tween="cubic" easing="out">WindowOpen</animation>
				<animation effect="slide" time="500" start="-1290,0" end="0,0" tween="cubic" easing="out">Visible</animation>
				<animation effect="fade" time="200" start="100" end="0">Hidden</animation>
				<control type="image">
					<left>0</left>
					<top>54</top>
					<width>960</width>
					<height>45</height>
					<texture>shadow_h.png</texture>
					<colordiffuse>C3FFFFFF</colordiffuse>
				</control>
				<control type="image">
					<left>0</left>
					<top>98</top>
					<width>960</width>
					<height>878</height>
					<texture flipy="true" diffuse="shadow_mask.png">$VAR[texture_base]</texture>
					<colordiffuse>$INFO[skin.string(colortexture)]</colordiffuse>
				</control>
				<control type="image">
					<left>765</left>
					<top>98</top>
					<width>195</width>
					<height>876</height>
					<texture>grey.png</texture>
					<animation effect="fade" end="20" condition="true">conditional</animation>
					<visible>[Container.Content(movies) | Container.Content(musicvideos) | Container.Content(sets) | Container.Content(tvshows) | Container.Content(episodes) | Container.Content(songs) | Container.Content(albums) | Container.Content(years)]</visible>
				</control>
				<control type="button" id="562">
					<include>invisible</include>
					<onright>9920</onright>
					<onleft>59</onleft>
					<onup>59</onup>
					<ondown>59</ondown>
				</control>
				<control type="list" id="59">
					<viewtype label="31813">list</viewtype>
					<left>0</left>
					<top>98</top>
					<width>960</width>
					<height>876</height>
					<pagecontrol>80</pagecontrol>
					<onleft>80</onleft>
					<onright>562</onright>
					<orientation>vertical</orientation>
					<scrolltime>450</scrolltime>
					<preloaditems>2</preloaditems>
					<itemlayout height="60">
						<control type="image">
							<left>0</left>
							<top>0</top>
							<width>1108</width>
							<height>1</height>
							<texture>line.png</texture>
						</control>
						<control type="label">
							<left>68</left>
							<top>1</top>
							<width>660</width>
							<height>60</height>
							<font>font_list</font>
							<aligny>center</aligny>
							<include>listcolor</include>
							<label>$VAR[videotitle]</label>
							<scroll>false</scroll>
						</control>
						<!-- Nota -->
						<control type="label">
							<left>797</left>
							<top>0</top>
							<width>128</width>
							<height>60</height>
							<font>font_plot</font>
							<align>center</align>
							<aligny>center</aligny>
							<include>detailcolor</include>
							<label>$INFO[ListItem.Rating]</label>
						</control>
						<control type="image">
							<left>902</left>
							<top>3</top>
							<width>56</width>
							<height>56</height>
							<texture colordiffuse="$INFO[skin.string(colorwatched)]">$VAR[watched_style]</texture>
							<visible>!Skin.HasSetting(nooverlays) + String.IsEqual(ListItem.Overlay,OverlayWatched.png)</visible>
						</control>
					</itemlayout>
					<focusedlayout condition="String.IsEmpty(Control.GetLabel(5901)) | [Window.IsActive(videos) + Skin.HasSetting(slimwidevideo) | [Window.IsActive(musicplaylist) | Window.IsActive(music)] + Skin.HasSetting(slimwidemusic)]" height="60">
						<control type="image">
							<left>0</left>
							<top>0</top>
							<width>960</width>
							<height>60</height>
							<texture>grey.png</texture>
							<animation effect="fade" start="100" end="30" time="0" condition="!Control.Hasfocus(59)">conditional</animation>
						</control>
						<control type="label">
							<left>68</left>
							<top>1</top>
							<width>660</width>
							<height>60</height>
							<font>font_list</font>
							<aligny>center</aligny>
							<include>listcolorfocus</include>
							<label>$VAR[videotitle]</label>
						</control>
						<!-- Nota -->
						<control type="label">
							<left>797</left>
							<top>-12</top>
							<width>128</width>
							<height>60</height>
							<font>font_plot</font>
							<align>center</align>
							<aligny>center</aligny>
							<include>detailcolorfocus</include>
							<label>$INFO[ListItem.Rating]</label>
							<animation effect="slide" start="0,0" end="0,12" time="0" condition="Container.Content(albums) | Container.Content(years)">Conditional</animation>
						</control>
						<!-- Estrelas -->
						<control type="image">
							<left>777</left>
							<top>34</top>
							<width>170</width>
							<height>17</height>
							<texture fallback="$VAR[styleratingstars,,0.png]">$VAR[styleratingstars]$INFO[ListItem.Rating,,.png]</texture>
							<aspectratio align="left" aligny="center">keep</aspectratio>
							<colordiffuse>$VAR[colorratingstars]</colordiffuse>
							<visible>![Container.Content(artists) | Container.Content(years) | Container.Content(genres) | Container.Content(seasons) | String.IsEqual(ListItem.Label,..)]</visible>
						</control>
						<control type="image">
							<left>910</left>
							<top>-4</top>
							<width>40</width>
							<height>40</height>
							<texture colordiffuse="$INFO[skin.string(colorwatched)]">$VAR[watched_style]</texture>
							<visible>!Skin.HasSetting(nooverlays) + String.IsEqual(ListItem.Overlay,OverlayWatched.png)</visible>
						</control>
					</focusedlayout>
					<focusedlayout condition="!String.IsEmpty(Control.GetLabel(5901)) + [Window.IsActive(videos) + !Skin.HasSetting(slimwidevideo) | [Window.IsActive(musicplaylist) | Window.IsActive(music)] + !Skin.HasSetting(slimwidemusic)]" height="94">
						<control type="image">
							<left>0</left>
							<top>0</top>
							<width>960</width>
							<height>94</height>
							<texture>grey.png</texture>
							<animation effect="fade" start="100" end="30" time="0" condition="!Control.Hasfocus(59)">conditional</animation>
						</control>
						<control type="label">
							<left>68</left>
							<top>3</top>
							<width>660</width>
							<height>62</height>
							<font>font_list</font>
							<aligny>center</aligny>
							<include>listcolorfocus</include>
							<label>$VAR[videotitle]</label>
						</control>
						<control type="label">
							<left>68</left>
							<top>56</top>
							<width>660</width>
							<height>24</height>
							<font>font_plot</font>
							<align>left</align>
							<aligny>center</aligny>
							<include>subcolorfocus</include>
							<label>$VAR[listinfofocus]</label>
							<visible>!String.IsEqual(ListItem.Label,..)</visible>
						</control>
						<!-- Nota -->
						<control type="label">
							<left>797</left>
							<top>0</top>
							<width>128</width>
							<height>62</height>
							<font>font_plot</font>
							<align>center</align>
							<aligny>center</aligny>
							<include>detailcolorfocus</include>
							<label>$INFO[ListItem.Rating]</label>
						</control>
						<!-- Estrelas -->
						<control type="image">
							<left>777</left>
							<top>62</top>
							<width>170</width>
							<height>17</height>
							<texture fallback="$VAR[styleratingstars,,0.png]">$VAR[styleratingstars]$INFO[ListItem.Rating,,.png]</texture>
							<aspectratio align="left" aligny="center">keep</aspectratio>
							<colordiffuse>$VAR[colorratingstars]</colordiffuse>
							<visible>![Container.Content(artists) | Container.Content(years) | Container.Content(genres) | Container.Content(seasons) | String.IsEqual(ListItem.Label,..)]</visible>
						</control>
						<control type="image">
							<left>902</left>
							<top>3</top>
							<width>56</width>
							<height>56</height>
							<texture colordiffuse="$INFO[skin.string(colorwatched)]">$VAR[watched_style]</texture>
							<visible>!Skin.HasSetting(nooverlays) + String.IsEqual(ListItem.Overlay,OverlayWatched.png)</visible>
						</control>
					</focusedlayout>
				</control>
				<!-- clearlogo e clearart -->
				<include content="logoandclearart_items">	
					<param name="left" value="600" />
					<param name="top" value="-10" />
					<param name="width" value="300" />
					<param name="height" value="108" />
				</include>
				<!-- Tag -->
				<control type="label" id="5901">
					<include>invisible</include>
					<label>$VAR[listinfofocus]</label>
				</control>
			</control>
			<!-- Grupo da direita -->
			<control type="group">
				<left>960</left>
				<top>0</top>
				<animation effect="slide" time="1000" start="900,0" end="0,0" tween="cubic" easing="out">WindowOpen</animation>
				<animation effect="slide" time="1000" start="900,0" end="0,0" tween="cubic" easing="out">Visible</animation>
				<animation effect="fade" time="400" start="100" end="0">Hidden</animation>
				<visible>Control.IsVisible(59)</visible>
				<control type="image">
					<left>-44</left>
					<top>-105</top>
					<width>45</width>
					<height>1080</height>
					<texture flipx="true">shadow.png</texture>
					<colordiffuse>C3FFFFFF</colordiffuse>
				</control>
				<control type="image">
					<left>0</left>
					<top>-105</top>
					<width>960</width>
					<height>1080</height>
					<texture flipy="true" diffuse="shadow_mask.png">$VAR[texture_base]</texture>
					<colordiffuse>$INFO[skin.string(colortexture)]</colordiffuse>
					<animation effect="fade" end="85" condition="true">Conditional</animation>
				</control>
				<control type="image">
					<left>0</left>
					<top>594</top>
					<width>960</width>
					<height>381</height>
					<texture flipy="true" diffuse="shadow_mask.png">$VAR[texture_base]</texture>
					<colordiffuse>$INFO[skin.string(colortexture)]</colordiffuse>
					<animation effect="fade" end="85" condition="true">Conditional</animation>
					<include>animation_fade</include>
					<visible>![Control.HasFocus(562) | Skin.HasSetting(widebanner)]</visible>
				</control>
				<control type="image">
					<left>0</left>
					<top>210</top>
					<width>960</width>
					<height>765</height>
					<texture>black.png</texture>
					<colordiffuse>75FFFFFF</colordiffuse>
					<include>animation_fade</include>
					<visible>!Control.HasFocus(562) + Skin.HasSetting(widebanner)</visible>
				</control>
				<control type="image">
					<left>0</left>
					<top>-105</top>
					<width>960</width>
					<height>1080</height>
					<texture>black.png</texture>
					<colordiffuse>75FFFFFF</colordiffuse>
					<include>animation_fade</include>
					<visible>Control.HasFocus(562)</visible>
				</control>
				<!-- Grupo das artes -->
				<control type="group">
					<animation effect="slide" start="0,0" end="1050,0" time="400" easing="inout" tween="cubic" condition="Control.HasFocus(562) | Control.HasFocus(9920)">Conditional</animation>
					<!-- CDART VIDEO -->
					<control type="group">
						<animation effect="slide" start="-150,0" end="0,0" time="1000" tween="cubic" easing="out">WindowOpen</animation>
						<animation effect="slide" start="-150,0" end="0,0" time="1000" tween="cubic" easing="out">Visible</animation>
						<animation effect="fade" start="100" end="0" time="400">Hidden</animation>
						<!-- discart -->
						<include content="mediainfo_disc">	
							<param name="left" value="300" />
							<param name="top" value="105" />
							<param name="size" value="350" />
							<param name="slidedisc1" value="175" />
							<param name="slidedisc2" value="0" />
							<param name="slidecolumn" value="10" />
							<param name="slidecolumncondition" value="Skin.HasSetting(nowidevideocase)" />
							<param name="disclayout" value="$VAR[videodisc_layout]" />
							<param name="discart" value="$VAR[media_discart]" />
							<param name="hiddenfade" value="100" />
							<param name="visible" value="Window.IsActive(videos) + !String.Contains(skin.string(widemovies.art),banner) + String.IsEqual(listitem.dbtype,movie) + System.IdleTime(1) + [String.IsEqual(skin.string(videodiscart),always) | String.IsEqual(skin.string(videodiscart),ifavailable) + ![String.IsEmpty(Window(home).Property(SkinHelper.ListItem.Art.DiscArt)) + String.IsEmpty(ListItem.Art(discart))]]" />							
						</include>
						<include content="mediainfo_disc">	
							<param name="left" value="300" />
							<param name="top" value="98" />
							<param name="size" value="485" />
							<param name="slidedisc1" value="108" />
							<param name="slidedisc2" value="0" />
							<param name="slidecolumn" value="0" />
							<param name="slidecolumncondition" value="false" />
							<param name="disclayout" value="$VAR[audiodisc_layout]" />
							<param name="discart" value="$VAR[media_discart]" />
							<param name="hiddenfade" value="100" />
							<param name="visible" value="Window.IsActive(music) + String.IsEqual(listitem.dbtype,album) + System.IdleTime(1) + [String.IsEqual(skin.string(musicdiscart),always) | String.IsEqual(skin.string(musicdiscart),ifavailable) + ![String.IsEmpty(Window(home).Property(SkinHelper.ListItem.Art.DiscArt)) + String.IsEmpty(ListItem.Art(discart))]]" />
						</include>
					</control>
					<!-- CDART SETS da esquerda -->
					<control type="grouplist">
						<left>192</left>
						<top>45</top>
						<orientation>vertical</orientation>
						<itemgap>-147</itemgap>
						<animation type="WindowOpen">
							<effect type="slide" start="150,0" end="0,0" time="500" delay="500" tween="cubic" easing="out" />
							<effect type="fade" start="0" end="100" time="500" delay="500" />
						</animation>
						<animation type="Visible">
							<effect type="slide" start="150,0" end="0,0" time="500" delay="500" tween="cubic" easing="out" />
							<effect type="fade" start="0" end="100" time="500" delay="500" />
						</animation>
						<animation effect="fade" start="100" end="0" time="200">WindowClose</animation>
						<animation type="Hidden">
							<effect type="slide" start="0,0" end="150,0" time="300" tween="cubic" easing="out" />
							<effect type="fade" start="100" end="0" time="200" />
						</animation>
						<animation effect="slide" start="0,0" end="-14,0" time="400" easing="inout" tween="cubic" condition="Skin.HasSetting(nowidevideocase)">Conditional</animation>
						<visible>Window.IsActive(videos) + ListItem.IsCollection + ![String.IsEqual(ListItem.Label,..) | String.Contains(skin.string(widemovies.art),banner)] + System.IdleTime(1) + [String.IsEqual(skin.string(videodiscart),always) | String.IsEqual(skin.string(videodiscart),ifavailable) + ![String.IsEmpty(Window(home).Property(SkinHelper.ListItem.Art.DiscArt)) + String.IsEmpty(ListItem.Art(discart))]]</visible>
						<include content="discart_items">
							<param name="item" value="5" />
							<param name="size" value="225" />
						</include>
						<include content="discart_items">
							<param name="item" value="6" />
							<param name="size" value="225" />
						</include>
						<include content="discart_items">
							<param name="item" value="7" />
							<param name="size" value="225" />
						</include>
						<include content="discart_items">
							<param name="item" value="8" />
							<param name="size" value="225" />
						</include>
						<include content="discart_items">
							<param name="item" value="9" />
							<param name="size" value="225" />
						</include>
					</control>
					<!-- CDART SETS da direita -->
					<control type="grouplist">
						<left>532</left>
						<top>45</top>
						<orientation>vertical</orientation>
						<itemgap>-147</itemgap>
						<animation type="WindowOpen">
							<effect type="slide" start="-150,0" end="0,0" time="500" delay="500" tween="cubic" easing="out" />
							<effect type="fade" start="0" end="100" time="500" delay="500" />
						</animation>
						<animation type="Visible">
							<effect type="slide" start="-150,0" end="0,0" time="500" delay="500" tween="cubic" easing="out" />
							<effect type="fade" start="0" end="100" time="500" delay="500" />
						</animation>
						<animation effect="fade" start="100" end="0" time="200">WindowClose</animation>
						<animation type="Hidden">
							<effect type="slide" start="0,0" end="-150,0" time="300" tween="cubic" easing="out" />
							<effect type="fade" start="100" end="0" time="200" />
						</animation>
						<animation effect="slide" start="0,0" end="22,0" time="400" easing="inout" tween="cubic" condition="Skin.HasSetting(nowidevideocase)">Conditional</animation>
						<visible>Window.IsActive(videos) + ListItem.IsCollection + ![String.IsEqual(ListItem.Label,..) | String.Contains(skin.string(widemovies.art),banner)] + System.IdleTime(1) + [String.IsEqual(skin.string(videodiscart),always) | String.IsEqual(skin.string(videodiscart),ifavailable) + ![String.IsEmpty(Window(home).Property(SkinHelper.ListItem.Art.DiscArt)) + String.IsEmpty(ListItem.Art(discart))]]</visible>
						<include content="discart_items">
							<param name="item" value="0" />
							<param name="size" value="225" />
						</include>
						<include content="discart_items">
							<param name="item" value="1" />
							<param name="size" value="225" />
						</include>
						<include content="discart_items">
							<param name="item" value="2" />
							<param name="size" value="225" />
						</include>
						<include content="discart_items">
							<param name="item" value="3" />
							<param name="size" value="225" />
						</include>
						<include content="discart_items">
							<param name="item" value="4" />
							<param name="size" value="225" />
						</include>
					</control>
					<!-- BANNER -->
					<control type="group">
						<include>animation_fade</include>
						<visible>Container.Content(movies) + String.Contains(skin.string(widemovies.art),banner) | Container.Content(tvshows) + String.Contains(skin.string(widetvshows.art),banner)</visible>
						<!-- banner reflexo -->
						<control type="image">
							<left>30</left>
							<top>602</top>
							<width>900</width>
							<height>550</height>
							<aspectratio align="center" aligny="top">keep</aspectratio>
							<texture flipy="true" diffuse="thumb_reflect.png" background="true">$VAR[banner]</texture>
							<bordertexture flipy="true" diffuse="thumb_reflect.png" border="-2">black.png</bordertexture>
							<fadetime>commonfadetime</fadetime>
						</control>
						<!-- banner -->
						<control type="image">
							<left>30</left>
							<top>45</top>
							<width>900</width>
							<height>550</height>
							<aspectratio align="center" aligny="bottom">keep</aspectratio>
							<texture background="true">$VAR[banner]</texture>
							<bordertexture border="-2">black.png</bordertexture>
							<fadetime>commonfadetime</fadetime>
						</control>
					</control>
					<!-- EPISODIOS -->
					<control type="group">
						<include>animation_fade</include>
						<visible>![Container.Content(movies) | Container.Content(musicvideos) | Container.Content(sets) | Container.Content(tvshows) | Container.Content(seasons) | Container.Content(genres) | Window.IsActive(musicplaylist) | Window.IsActive(music)]</visible>
						<!-- episodios reflexo -->
						<control type="image">
							<left>30</left>
							<top>602</top>
							<width>900</width>
							<height>550</height>
							<aspectratio align="center" aligny="top">keep</aspectratio>
							<texture flipy="true" fallback="black.png" diffuse="thumb_reflect.png" background="true">$VAR[poster]</texture>
							<bordertexture flipy="true" diffuse="thumb_reflect.png" border="-2">black.png</bordertexture>
							<fadetime>commonfadetime</fadetime>
						</control>
						<!-- episodios -->
						<control type="image">
							<left>30</left>
							<top>45</top>
							<width>900</width>
							<height>550</height>
							<aspectratio align="center" aligny="bottom">keep</aspectratio>
							<texture fallback="black.png" background="true">$VAR[poster]</texture>
							<bordertexture border="-2">black.png</bordertexture>
							<fadetime>commonfadetime</fadetime>
						</control>
					</control>
					<!-- VIDEO SEM ESTOJO -->
					<control type="group">
						<include>animation_fade</include>
						<visible>Skin.HasSetting(nowidevideocase) + [Container.Content(movies) + String.Contains(skin.string(widemovies.art),poster) | Container.Content(musicvideos)  | Container.Content(sets)] | Container.Content(tvshows) + String.Contains(skin.string(widetvshows.art),poster) | Container.Content(seasons) | Container.Content(genres)</visible>
						<!-- Filmes/Fotos/Arquivos reflexo -->
						<control type="image">
							<left>30</left>
							<top>602</top>
							<width>900</width>
							<height>550</height>
							<aspectratio align="center" aligny="top">keep</aspectratio>
							<texture flipy="true" fallback="DefaultVideoPoster.png" diffuse="thumb_reflect.png" background="true">$VAR[poster]</texture>
							<bordertexture flipy="true" diffuse="thumb_reflect.png" border="-2">black.png</bordertexture>
							<fadetime>commonfadetime</fadetime>
						</control>
						<!-- Filmes/Fotos/Arquivos -->
						<control type="image">
							<left>30</left>
							<top>45</top>
							<width>900</width>
							<height>550</height>
							<aspectratio align="center" aligny="bottom">keep</aspectratio>
							<texture fallback="DefaultVideoPoster.png" background="true">$VAR[poster]</texture>
							<bordertexture border="-2">black.png</bordertexture>
							<fadetime>commonfadetime</fadetime>
						</control>
					</control>
					<!-- FILMES ESTOJO -->
					<control type="group">
						<include>animation_fade</include>
						<visible>!Skin.HasSetting(nowidevideocase) + Container.Content(movies) + String.Contains(skin.string(widemovies.art),poster) | !Skin.HasSetting(nowidevideocase) + [Container.Content(musicvideos) | Container.Content(sets)]</visible>
						<!-- poster reflexo -->
						<control type="image">
							<left>308</left>
							<top>624</top>
							<width>338</width>
							<height>495</height>
							<aspectratio>stretch</aspectratio>
							<texture flipy="true" fallback="DefaultVideoPoster.png" diffuse="thumb_reflect.png" background="true">$VAR[poster]</texture>
							<fadetime>commonfadetime</fadetime>
						</control>
						<!-- estojo reflexo -->
						<include content="views_videocase">	
							<param name="left" value="278" />
							<param name="top" value="562" />
							<param name="width" value="418" />
							<param name="height" value="626" />
							<param name="aligny" value="top" />
							<param name="flipy" value="true" />
							<param name="diffuse" value="thumb_box_reflect.png" />
							<param name="item" value="0" />
						</include>
						<!-- poster -->
						<control type="image">
							<left>308</left>
							<top>90</top>
							<width>338</width>
							<height>495</height>
							<texture fallback="DefaultVideoPoster.png" background="true">$VAR[poster]</texture>
							<fadetime>commonfadetime</fadetime>
						</control>
						<!-- estojo -->
						<include content="views_videocase">	
							<param name="left" value="278" />
							<param name="top" value="10" />
							<param name="width" value="418" />
							<param name="height" value="626" />
							<param name="aligny" value="bottom" />
							<param name="flipy" value="false" />
							<param name="diffuse" value="" />
							<param name="item" value="0" />
						</include>
						<!-- codec -->
						<control type="image">
							<left>435</left>
							<top>19</top>
							<width>95</width>
							<height>95</height>
							<fadetime>commonfadetime</fadetime>
							<aspectratio align="center" aligny="center">keep</aspectratio>
							<texture colordiffuse="$INFO[skin.string(colorcodeccase)]">$VAR[videocodec0]</texture>							
						</control>
					</control>
					<!-- MUSICA -->
					<control type="group">
						<include>animation_fade</include>
						<visible>[Window.IsActive(musicplaylist) | Window.IsActive(music)] + [Skin.HasSetting(nowideaudiocase) | Container.Content(genres)]</visible>
						<!-- Musica reflexo -->
						<control type="image">
							<left>30</left>
							<top>600</top>
							<width>900</width>
							<height>550</height>
							<fadetime>commonfadetime</fadetime>
							<aspectratio align="center" aligny="top">keep</aspectratio>
							<texture flipy="true" diffuse="thumb_reflect.png" background="true">$VAR[poster]</texture>
							<bordertexture flipy="true" diffuse="thumb_reflect.png" border="-2">black.png</bordertexture>
						</control>
						<!-- Musica -->
						<control type="image">
							<left>30</left>
							<top>45</top>
							<width>900</width>
							<height>550</height>
							<fadetime>commonfadetime</fadetime>
							<aspectratio align="center" aligny="bottom">keep</aspectratio>
							<texture fallback="DefaultAudioCover.png" background="true">$VAR[poster]</texture>
							<bordertexture border="-2">black.png</bordertexture>
						</control>
					</control>
					<!-- MUSICA ESTOJO -->
					<control type="group">
						<include>animation_fade</include>
						<animation effect="slide" end="-120,0" time="400" easing="inout" tween="cubic" condition="[Window.IsActive(musicplaylist) | Window.IsActive(music)] + ![String.IsEmpty(Window(home).Property(SkinHelper.ListItem.Art.DiscArt)) + String.IsEmpty(ListItem.Art(discart)) | String.IsEqual(ListItem.Label,..)] + System.IdleTime(3)">conditional</animation>
						<visible>[Window.IsActive(musicplaylist) | Window.IsActive(music)] + ![Skin.HasSetting(nowideaudiocase) | Container.Content(genres)]</visible>
						<!-- Musica reflexo-->
						<control type="image">
							<left>255</left>
							<top>606</top>
							<width>510</width>
							<height>510</height>
							<fadetime>commonfadetime</fadetime>
							<aspectratio scalediffuse="false">stretch</aspectratio>
							<texture flipy="true" diffuse="thumb_box_diffuse_reflect.png" background="true">$VAR[poster]</texture>
						</control>
						<!-- Estojo reflexo -->
						<control type="image">
							<left>171</left>
							<top>584</top>
							<width>616</width>
							<height>543</height>
							<texture flipy="true" diffuse="thumb_box_reflect.png">thumb_box_cd.png</texture>
						</control>
						<!-- Musica -->
						<control type="image">
							<left>255</left>
							<top>86</top>
							<width>510</width>
							<height>510</height>
							<fadetime>commonfadetime</fadetime>
							<aspectratio scalediffuse="false">stretch</aspectratio>
							<texture diffuse="thumb_box_diffuse.png" fallback="DefaultAudioCover.png" background="true">$VAR[poster]</texture>
						</control>
						<!-- Estojo -->
						<control type="image">
							<left>171</left>
							<top>75</top>
							<width>616</width>
							<height>543</height>
							<texture>thumb_box_cd.png</texture>
							<colordiffuse>DEFFFFFF</colordiffuse>
						</control>
					</control>
				</control>
				<control type="textbox">
					<left>30</left>
					<top>615</top>
					<width>900</width>
					<height>356</height>
					<font>font_plot</font>
					<label>$VAR[plot]</label>
					<autoscroll delay="15000" time="2000" repeat="15000">!Skin.HasSetting(noallowscroll)</autoscroll>
					<include>animation_fade</include>
					<visible>[!Control.HasFocus(562) + [String.IsEmpty(Window.Property(AudioLanguage.1)) + String.IsEmpty(Window.Property(SubtitleLanguage.1))]] + Window.IsActive(videos) | !Control.HasFocus(562) + [Window.IsActive(musicplaylist) | Window.IsActive(music)]</visible>
				</control>
				<!-- foco no painel -->
				<control type="textbox">
					<left>30</left>
					<top>440</top>
					<width>900</width>
					<height>522</height>
					<font>font_plot</font>
					<label>$VAR[plot]</label>
					<autoscroll delay="15000" time="2000" repeat="15000">!Skin.HasSetting(noallowscroll)</autoscroll>
					<include>animation_fade</include>
					<visible>[Control.HasFocus(562) + [String.IsEmpty(Window.Property(AudioLanguage.1)) + String.IsEmpty(Window.Property(SubtitleLanguage.1))]] + Window.IsActive(videos) | Control.HasFocus(562) + [Window.IsActive(musicplaylist) | Window.IsActive(music)]</visible>
				</control>
				<!-- Addons -->
				<control type="textbox">
					<left>30</left>
					<top>615</top>
					<width>900</width>
					<height>352</height>
					<font>font_plot</font>
					<label>$VAR[plot]</label>
					<autoscroll delay="15000" time="2000" repeat="15000">!Skin.HasSetting(noallowscroll)</autoscroll>
					<include>animation_fade</include>
					<visible>![Control.HasFocus(562) | Window.IsActive(videos) | Window.IsActive(musicplaylist) | Window.IsActive(music)]</visible>
				</control>
				<!-- Addons + foco no painel -->
				<control type="textbox">
					<left>30</left>
					<top>440</top>
					<width>900</width>
					<height>530</height>
					<font>font_plot</font>
					<label>$VAR[plot]</label>
					<autoscroll delay="15000" time="2000" repeat="15000">!Skin.HasSetting(noallowscroll)</autoscroll>
					<include>animation_fade</include>
					<visible>Control.HasFocus(562) + ![Window.IsActive(videos) | Window.IsActive(musicplaylist) | Window.IsActive(music)]</visible>
				</control>
			</control>
			<control type="group">
				<top>15</top>
				<animation effect="slide" start="1050,0" end="0,0" time="400" easing="inout" tween="cubic">Visible</animation>
				<animation effect="slide" start="0,0" end="1050,0" time="400" easing="inout" tween="cubic">Hidden</animation>
				<visible>Control.HasFocus(562)</visible>
				<control type="image">
					<left>975</left>
					<top>420</top>
					<height>1</height>
					<width>930</width>
					<texture>line.png</texture>
				</control>
				<control type="label">
					<include>WideLabel</include>
					<top>0</top>
					<label>$VAR[ground11_label]</label>
				</control>
				<control type="label">
					<include>WideValue</include>
					<top>0</top>
					<label>$VAR[ground11_value]</label>
				</control>
				<control type="label">
					<include>WideLabel</include>
					<top>66</top>
					<label>$VAR[ground12_label]</label>
				</control>
				<control type="label">
					<include>WideValue</include>
					<top>66</top>
					<label>$VAR[ground12_value]</label>
				</control>
				<control type="label">
					<include>WideLabel</include>
					<top>132</top>
					<label>$VAR[ground13_label]</label>
				</control>
				<control type="label">
					<include>WideValue</include>
					<top>132</top>
					<label>$VAR[ground13_value]</label>
				</control>
				<control type="label">
					<include>WideLabel</include>
					<top>198</top>
					<label>$VAR[ground15_label]</label>
				</control>
				<control type="label">
					<include>WideValue</include>
					<top>198</top>
					<label>$VAR[ground15_value]</label>
				</control>
				<control type="label">
					<include>WideLabel</include>
					<top>264</top>
					<label>$VAR[ground16_label]</label>
					<visible>![Container.Content(tvshows) | Container.Content(seasons) | Container.Content(episodes)]</visible>
				</control>
				<control type="label">
					<include>WideValue</include>
					<top>264</top>
					<label>$VAR[ground16_value]</label>
					<visible>![Container.Content(tvshows) | Container.Content(seasons) | Container.Content(episodes)]</visible>
				</control>
				<control type="label">
					<include>WideLabel</include>
					<top>330</top>
					<label>$VAR[ground14_label]</label>
					<visible>!Container.Content(albums)</visible>
				</control>
				<control type="label">
					<include>WideValue</include>
					<top>330</top>
					<label>$VAR[ground14_value]</label>
					<visible>!Container.Content(albums)</visible>
				</control>
			</control>
			<control type="scrollbar" id="80">
				<include>ScrollBar_Vertical</include>
				<left>8</left>
				<top>102</top>
				<height>870</height>
				<onleft>9900</onleft>
				<onright>59</onright>
				<include>animation_fade</include>
				<visible allowhiddenfocus="true">Control.IsVisible(59) + Control.HasFocus(80)</visible>
			</control>
		</control>
	</include>
</includes>
