<?xml version="1.0" encoding="UTF-8"?>
<includes>
	<!-- KBK Multimedia Center -->
	<!-- VISTA POSTER LITE - 69 -->
	<include name="ViewPosterLite">
		<control type="group">
			<!-- PosterLite infopanel visibility -->
			<control type="button" id="69196">
				<include>invisible</include>
				<visible>[String.IsEqual(Control.GetLabel(92131),infopanelon) | String.IsEqual(Control.GetLabel(92131),infopaneloff)] + !String.IsEqual(ListItem.Label,..)</visible>
			</control>
			<control type="button" id="69194">
				<include>invisible</include>
				<visible>String.IsEqual(Control.GetLabel(92131),infopanelauto) + ![Container.OnNext | Container.OnPrevious] + !Control.IsVisible(80) + !String.IsEqual(ListItem.Label,..)</visible>
			</control>
			<control type="button" id="69193">
				<include>invisible</include>
				<visible>[String.IsEqual(Control.GetLabel(92131),infopaneloff) | [String.IsEqual(Control.GetLabel(92132),noicon)+!Control.IsVisible(69200)]]</visible>
			</control>
			<control type="button" id="69195">
				<include>invisible</include>
				<visible>[Window.IsVisible(CustomGlass.xml) | Window.IsVisible(CustomDelay.xml) | Window.IsVisible(numericinput) | Window.IsVisible(shutdownmenu) | Window.IsVisible(movieinformation) | Window.IsVisible(contextmenu) | Window.IsVisible(playercontrols) | Window.IsVisible(progressdialog) | Window.IsVisible(busydialog) | Window.IsVisible(filebrowser) | Window.IsVisible(selectdialog) | Window.IsVisible(yesnodialog) | Window.IsVisible(virtualkeyboard) | Window.IsVisible(favourites) | Window.IsVisible(CustomViewsVideo.xml)]</visible>
			</control>
			<control type="button" id="69197">
				<include>invisible</include>
				<visible>Control.IsVisible(69194)</visible>
				<include>animation_posterlite</include>
			</control>
			<control type="button" id="69198">
				<include>invisible</include>
				<visible>String.IsEqual(Control.GetLabel(92132),poster) + !Skin.HasSetting(noposterlitevideocase) + Skin.HasSetting(plopencase) + ![Container.OnNext|Container.OnPrevious] + !Skin.HasSetting(nopldiscart) + [!String.IsEmpty(ListItem.Art(discart)) | !String.IsEmpty(Window(home).Property(SkinHelper.ListItem.1.DiscArt)) | !String.IsEmpty(Window(home).Property(SkinHelper.ListItem.2.DiscArt)) | !String.IsEmpty(Window(home).Property(SkinHelper.ListItem.3.DiscArt)) | !String.IsEmpty(Window(home).Property(SkinHelper.ListItem.4.DiscArt)) | !String.IsEmpty(Window(home).Property(SkinHelper.ListItem.5.DiscArt)) | !String.IsEmpty(Window(home).Property(SkinHelper.ListItem.6.DiscArt)) | !String.IsEmpty(Window(home).Property(SkinHelper.ListItem.7.DiscArt)) | !String.IsEmpty(Window(home).Property(SkinHelper.ListItem.8.DiscArt)) | !String.IsEmpty(Window(home).Property(SkinHelper.ListItem.9.DiscArt)) | !String.IsEmpty(Window(home).Property(SkinHelper.ListItem.10.DiscArt))]</visible>
			</control>
		</control>
		<control type="group">
			<animation effect="slide" time="600" start="0,600" end="0,0" tween="cubic" easing="out">WindowOpen</animation>
			<animation effect="slide" time="600" start="0,600" end="0,0" tween="cubic" easing="out">Visible</animation>
			<animation effect="fade" time="250" start="100" end="0">Hidden</animation>
			<control type="button" id="9969">
				<include>invisible</include>
				<onleft>69</onleft>
				<onright>69</onright>
				<onup>9900</onup>
				<ondown>69</ondown>
			</control>
			<animation effect="fade" time="400">VisibleChange</animation>
			<visible>Control.IsVisible(69)</visible>
			<control type="image">
				<left>116r</left>
				<top>-45</top>
				<width>120</width>
				<height>120</height>
				<aspectratio>keep</aspectratio>
				<texture colordiffuse="$INFO[skin.string(colorwatched)]">$VAR[watched_style]</texture>
				<animation effect="slide" time="400" start="0,-600" end="0,0" easing="inout" tween="cubic">WindowOpen</animation>
				<animation effect="slide" time="400" start="0,-600" end="0,0" easing="inout" tween="cubic">Visible</animation>
				<animation effect="slide" time="400" start="0,0" end="0,-600" easing="inout" tween="cubic">WindowClose</animation>
				<animation effect="slide" time="400" start="0,0" end="0,-1500" easing="inout" tween="cubic" condition="Control.HasFocus(9920)">Conditional</animation>
				<animation effect="slide" end="0,-60" time="500" tween="sine" easing="out" condition="String.Contains(skin.string(mediaflags),off)">Conditional</animation>
				<animation effect="slide" end="0,30" time="500" tween="sine" easing="out" condition="Skin.HasSetting(videodate)">Conditional</animation>
				<visible>!Skin.HasSetting(nooverlays)+String.IsEqual(ListItem.Overlay,OverlayWatched.png)+[String.IsEqual(Control.GetLabel(92132),logo)|String.IsEqual(Control.GetLabel(92132),clearart)|String.IsEqual(Control.GetLabel(92132),characterart)|String.IsEqual(Control.GetLabel(92132),noicon)]</visible>
			</control>
			<control type="group">
				<animation effect="fade" start="100" end="0" time="160" condition="[String.IsEqual(Control.GetLabel(92131),infopaneloff)|[[[String.IsEqual(Control.GetLabel(92131),infopanelmanual)+[!Control.HasFocus(9969)|Control.IsVisible(69195)]]|[String.IsEqual(Control.GetLabel(92131),infopanelauto)+!Control.IsVisible(69200)]]+String.IsEqual(Control.GetLabel(92132),noicon)]]">Conditional</animation>
				<control type="image">
					<left>0</left>
					<top>759</top>
					<width>1920</width>
					<height>45</height>
					<texture background="true">shadow_h.png</texture>
					<colordiffuse>C3FFFFFF</colordiffuse>
					<include>animation_fade</include>
				</control>
				<control type="image">
					<left>0</left>
					<top>802</top>
					<width>1920</width>
					<height>172</height>
					<texture flipy="true" diffuse="shadow_mask.png">$VAR[texture_base]</texture>
					<colordiffuse>$INFO[skin.string(colortexture)]</colordiffuse>
					<animation effect="fade" end="85" condition="true">Conditional</animation>
				</control>
			</control>
			<control type="group">
				<left>556</left>
				<top>780</top>
				<!-- Labels -->
				<control type="group" id="69200">
					<visible>[[Control.IsVisible(69197) + ![Container.OnNext|Container.OnPrevious] + !Control.IsVisible(69195)] | [String.IsEqual(Control.GetLabel(92131),infopanelmanual) + Control.HasFocus(9969) + !Control.IsVisible(69195)] | String.IsEqual(Control.GetLabel(92131),infopanelon)] + !String.IsEqual(ListItem.Label,..)</visible>
					<animation effect="fade" time="320">Visible</animation>
					<control type="group">
						<!-- Movies and TV shows -->
						<control type="textbox">
							<left>0</left>
							<top>57</top>
							<width>1322</width>
							<height>132</height>
							<font>font_plot</font>
							<label>$VAR[plot]</label>
							<autoscroll time="6000" delay="10000" repeat="8000">!Skin.HasSetting(noallowscroll)</autoscroll>
						</control>
						<control type="image">
							<left>-556</left>
							<top>22</top>
							<width>1920</width>
							<height>38</height>
							<texture flipx="true" diffuse="shadow_mask_v.png">$VAR[texture_base]</texture>
							<colordiffuse>$INFO[skin.string(colortexture)]</colordiffuse>
						</control>
						<control type="fadelabel">
							<left>0</left>
							<top>22</top>
							<width>645</width>
							<height>30</height>
							<scrollout>false</scrollout>
							<pauseatend>2000</pauseatend>
							<scrollspeed>10</scrollspeed>							
							<label>$VAR[PLGenre]</label>
							<font>font_plot</font>
						</control>
						<control type="fadelabel">
							<left>675</left>
							<top>22</top>
							<width>645</width>
							<height>30</height>
							<align>right</align>
							<scrollout>false</scrollout>
							<pauseatend>2000</pauseatend>
							<scrollspeed>10</scrollspeed>							
							<label>$VAR[PLYear]</label>
							<font>font_plot</font>
						</control>
					</control>
				</control>
				<!-- +1 icons -->
				<control type="group">
					<visible>[[String.IsEqual(Control.GetLabel(92131),infopanelauto) + String.IsEqual(Control.GetLabel(92132),noicon) + !Control.IsVisible(69200)] | [Control.IsVisible(69197) + !Control.IsVisible(69195)] | [String.IsEqual(Control.GetLabel(92131),infopanelmanual) + [[Control.HasFocus(9969)+!Control.IsVisible(69195)] | [String.IsEqual(Control.GetLabel(92132),noicon) + !Control.IsVisible(69200)]]] | Control.IsVisible(69196)]</visible>
					<control type="image">
						<include>PLClearValue</include>
						<texture background="true">$VAR[PLLogoVar]</texture>
						<visible>String.IsEqual(Control.GetLabel(92133),logo)</visible>
					</control>
					<control type="image">
						<include>PLClearValue</include>
						<texture background="true">$VAR[PLClearArtVar]</texture>
						<visible>String.IsEqual(Control.GetLabel(92133),clearart)</visible>
					</control>
					<control type="image">
						<include>PLClearValue</include>
						<texture background="true">$VAR[PLCharacterArtVar]</texture>
						<visible>String.IsEqual(Control.GetLabel(92133),characterart)</visible>
					</control>
					<control type="group">
						<visible>String.IsEqual(Control.GetLabel(92133),extrathumbs)+!String.IsEqual(ListItem.Label,..)</visible>
						<animation effect="slide" end="0,166" time="160" condition="Control.IsVisible(69193)">Conditional</animation>
						<left>952</left>
						<top>-188</top>
						<control type="multiimage" id="69201">
							<include>PLLandValue</include>
							<imagepath background="true">$INFO[ListItem.Path,,extrathumbs]</imagepath>
						</control>
						<control type="multiimage" id="69202">
							<include>PLLandValue</include>
							<imagepath background="true">$INFO[ListItem.Path,,extrafanart]</imagepath>
							<visible>String.IsEmpty(Control.GetLabel(69201))</visible>
						</control>
						<control type="image" id="69203">
							<include>PLLandValue</include>
							<texture background="true">$INFO[ListItem.Art(landscape)]</texture>
							<bordertexture background="true" border="-2">black.png</bordertexture>
							<visible>String.IsEmpty(Control.GetLabel(69201))+String.IsEmpty(Control.GetLabel(69202))</visible>
						</control>
					</control>
					<control type="group">
						<left>790</left>
						<top>-78</top>
						<include>PLBanner</include>
						<control type="group">
							<include>PLBannerMask</include>
							<include>PLBannerLabel</include>
							<visible>!Container.Content(episodes)</visible>
						</control>
						<animation effect="slide" end="0,138" time="160" reversible="false" condition="Control.IsVisible(69193)">Conditional</animation>
						<visible>String.IsEqual(Control.GetLabel(92133),banner)</visible>
					</control>
					<control type="group">
						<visible>String.IsEqual(Control.GetLabel(92133),cdart)</visible>
						<animation effect="slide" end="0,138" time="160" condition="Control.IsVisible(69193)">Conditional</animation>
						<control type="group">
							<left>1530</left>
							<top>-368</top>
							<include>PLcdART</include>
							<animation effect="zoom" start="60" end="60" time="0" condition="true">Conditional</animation>
							<visible>!ListItem.IsCollection</visible>
						</control>
						<control type="group">
							<left>-560</left>
							<top>-195</top>
							<include>PLcdARTHorz</include>
							<visible>ListItem.IsCollection</visible>
						</control>
					</control>
					<control type="fadelabel">
						<left>0</left>
						<top>120</top>
						<width>1320</width>
						<align>right</align>
						<scrollout>false</scrollout>
						<pauseatend>2000</pauseatend>
						<scrollspeed>10</scrollspeed>
						<font>font_title</font>
						<shadowcolor>black</shadowcolor>
						<label>[COLOR=$INFO[skin.string(colorheader)]][B]$INFO[ListItem.Label][/B][/COLOR]</label>
						<visible>String.IsEqual(Control.GetLabel(92131),infopaneloff)+String.IsEqual(Control.GetLabel(92132),noicon)+[[String.IsEqual(Control.GetLabel(92133),logo)+String.IsEmpty(ListItem.Art(clearlogo))]|[String.IsEqual(Control.GetLabel(92133),clearart)+String.IsEmpty(ListItem.Art(clearart))+String.IsEmpty(ListItem.Art(clearlogo))]|[String.IsEqual(Control.GetLabel(92133),characterart)+String.IsEmpty(ListItem.Art(characterart))+String.IsEmpty(ListItem.Art(clearlogo))]|[String.IsEqual(Control.GetLabel(92133),characterart)+String.IsEmpty(ListItem.Art(characterart))+String.IsEmpty(ListItem.Art(clearlogo))]|[String.IsEqual(Control.GetLabel(92133),extrathumbs)+String.IsEmpty(Control.GetLabel(69203))]|[String.IsEqual(Control.GetLabel(92133),cdart)+String.IsEmpty(ListItem.Art(discart))]]</visible>
					</control>
				</control>
			</control>
			<control type="group">
				<left>626</left>
				<top>114</top>				
				<control type="image">
					<width>1185</width>
					<height>528</height>
					<fadetime>commonfadetime</fadetime>
					<aspectratio align="center">keep</aspectratio>
					<texture background="true">$INFO[ListItem.Art(thumb)]</texture>
					<bordertexture background="true" border="-2">black.png</bordertexture>
					<visible>![Player.HasVideo+!Skin.HasSetting(homefullscreentrailer)]+Container.Content(episodes)+Skin.HasSetting(plepthumb)</visible>
				</control>
			</control>
			<control type="group">
				<visible>Control.IsVisible(69)</visible>
				<include condition="Skin.HasSetting(plfixed)">plfixed</include>
				<include condition="!Skin.HasSetting(plfixed)">plwrap</include>
				<control type="scrollbar" id="80">
					<include>ScrollBar_Horizontal</include>
					<left>285</left>
					<top>920</top>
					<width>1350</width>
					<onup>69</onup>
					<ondown>9920</ondown>
					<include>animation_fade</include>
					<visible allowhiddenfocus="true">Control.IsVisible(69)+Control.HasFocus(80)</visible>
				</control>
				<control type="group">
					<visible>Control.IsVisible(69198)</visible>
					<animation effect="slide" start="0,0" end="0,-30" time="300" tween="sine" easing="out" condition="Control.HasFocus(80)">Conditional</animation>
					<animation effect="fade" start="0" end="100" delay="300" time="700" reversible="false" condition="Control.IsVisible(69198)">Conditional</animation>
					<control type="image">
						<left>-2</left>
						<top>225</top>
						<width>555</width>
						<height>750</height>
						<aspectratio>stretch</aspectratio>
						<fadetime>0</fadetime>
						<texture background="true">thumb_box_back.png</texture>
					</control>
					<control type="image">
						<left>75</left>
						<top>410</top>
						<width>387</width>
						<height>387</height>
						<aligny>center</aligny>
						<fadetime>0</fadetime>
						<texture diffuse="cdart_diffuse.png" background="true">$INFO[ListItem.Art(discart)]</texture>
					</control>
					<control type="group">
						<top>270</top>
						<control type="grouplist">
							<left>278</left>
							<orientation>vertical</orientation>
							<itemgap>-105</itemgap>
							<include>PLcdART6_10</include>
						</control>
						<control type="grouplist">
							<left>57</left>
							<orientation>vertical</orientation>
							<itemgap>-105</itemgap>
							<include>PLcdART1_5</include>
						</control>
					</control>
				</control>
				<control type="group">
					<animation effect="slide" start="0,0" end="0,-30" time="300" tween="sine" easing="out" condition="Control.HasFocus(80)">Conditional</animation>
					<animation type="conditional" reversible="false" condition="Control.IsVisible(69198)">
						<effect type="rotatey" delay="2000" center="45" start="0" end="90" time="1000" tween="quadratic" easing="out" />
						<effect type="rotatey" delay="9000" center="45" start="0" end="-90" time="1000" tween="quadratic" easing="out" />
					</animation>
					<control type="group">
						<left>45</left>
						<top>285</top>
						<control type="group">
							<include>PLcdART</include>
							<include>PLcdARTVert</include>
							<visible>!Skin.HasSetting(nopldiscart)+[!Skin.HasSetting(plopencase)|Skin.HasSetting(noposterlitevideocase)]</visible>
						</control>
						<include>PLPoster</include>
						<visible>String.IsEqual(Control.GetLabel(92132),poster)</visible>
					</control>
					<control type="group">
						<left>38</left>
						<top>696</top>
						<include>PLLand</include>
						<visible>String.IsEqual(Control.GetLabel(92132),landscape)+Control.IsVisible(69196)</visible>
					</control>
					<control type="group">
						<left>38</left>
						<top>776</top>
						<include>PLLogo</include>
						<visible>String.IsEqual(Control.GetLabel(92132),logo)+Control.IsVisible(69196)</visible>
					</control>
					<control type="group">
						<left>38</left>
						<top>776</top>
						<include>PLClear</include>
						<visible>String.IsEqual(Control.GetLabel(92132),clearart)+Control.IsVisible(69196)</visible>
					</control>
					<control type="group">
						<left>38</left>
						<top>488</top>
						<include>PLCharacter</include>
						<visible>String.IsEqual(Control.GetLabel(92132),characterart)+Control.IsVisible(69196)</visible>
					</control>
					<control type="group">
						<left>14</left>
						<top>840</top>
						<include>PLBanner</include>
						<include>PLBannerMask</include>
						<include>PLBannerWatched</include>
						<visible>String.IsEqual(Control.GetLabel(92132),banner)+Control.IsVisible(69196)</visible>
					</control>
					<control type="group">
						<visible>String.IsEqual(Control.GetLabel(92132),noicon)</visible>
					</control>
				</control>
			</control>
		</control>
	</include>
	<include name="contents69list">
		<viewtype label="31815">list</viewtype>
		<left>-345</left>
		<top>-62</top>
		<width>2880</width>
		<height>1620</height>
		<onup condition="String.IsEqual(Control.GetLabel(92131),infopanelmanual)+!String.IsEqual(ListItem.Label,..)">9969</onup>
		<onup condition="[!String.IsEqual(Control.GetLabel(92131),infopanelmanual)|String.IsEqual(ListItem.Label,..)]">9900</onup>
		<ondown>80</ondown>
		<orientation>horizontal</orientation>
		<focusposition>2</focusposition>
		<scrolltime>400</scrolltime>
		<preloaditems>3</preloaditems>
		<pagecontrol>80</pagecontrol>
		<visible>![Container.Content(years) | Container.Content(genres) | Container.Content(actors) | Container.Content(countries) | Container.Content(studios)]</visible>
		<animation effect="slide" start="0,0" end="0,-30" time="300" tween="sine" easing="out" condition="Control.HasFocus(80)">Conditional</animation>
		<itemlayout width="190" height="1000" condition="String.IsEqual(Control.GetLabel(92132),poster)+!Control.IsVisible(69196)">
			<control type="group">
				<left>-75</left>
				<top>648</top>
				<animation effect="zoom" center="auto" start="39" end="39" condition="true">Conditional</animation>
				<include>PosFade</include>
				<include>PLPoster</include>
			</control>
		</itemlayout>
		<focusedlayout width="488" height="768" condition="String.IsEqual(Control.GetLabel(92132),poster)"></focusedlayout>
		<itemlayout width="420" height="1000" condition="[String.IsEqual(Control.GetLabel(92132),noicon)|Control.IsVisible(69196)]"></itemlayout>
		<focusedlayout width="570" height="768" condition="[String.IsEqual(Control.GetLabel(92132),noicon)|Control.IsVisible(69196)]"></focusedlayout>
		<itemlayout width="420" height="164" condition="String.IsEqual(Control.GetLabel(92132),landscape)+!Control.IsVisible(69196)">
			<control type="group">
				<left>-600</left>
				<top>825</top>
				<animation effect="zoom" center="auto" start="74" end="74" condition="true">Conditional</animation>
				<include>PosFade</include>
				<include>PLLand</include>
			</control>
		</itemlayout>
		<focusedlayout width="570" height="224" condition="String.IsEqual(Control.GetLabel(92132),landscape)">
			<control type="group">
				<left>-458</left>
				<top>758</top>
				<animation effect="zoom" center="0,1023" start="74" end="100" time="480" tween="cubic" easing="inout" reversible="false">Focus</animation>
				<animation effect="zoom" start="100" end="100" tween="cubic" easing="inout" reversible="false" condition="!Control.HasFocus(69)">Unfocus</animation>
				<animation type="Unfocus" reversible="false" condition="Control.HasFocus(69)">
					<effect type="zoom" center="-250,1023" start="100" end="74" time="120" tween="cubic" easing="inout" />
					<effect type="slide" end="-87,-3" />
				</animation>
				<include>PLLand</include>
			</control>
		</focusedlayout>
		<itemlayout width="420" height="164" condition="String.IsEqual(Control.GetLabel(92132),logo)+!Control.IsVisible(69196)">
			<control type="group">
				<left>-600</left>
				<top>879</top>
				<animation effect="zoom" center="auto" start="74" end="74" condition="true">Conditional</animation>
				<include>PosFade</include>
				<include>PLLogo</include>
			</control>
		</itemlayout>
		<focusedlayout width="570" height="224" condition="String.IsEqual(Control.GetLabel(92132),logo)">
			<control type="group">
				<left>-458</left>
				<top>837</top>
				<animation effect="zoom" center="0,1006" start="74" end="100" time="480" tween="cubic" easing="inout" reversible="false">Focus</animation>
				<animation effect="zoom" start="100" end="100" tween="cubic" easing="inout" reversible="false" condition="!Control.HasFocus(69)">Unfocus</animation>
				<animation type="Unfocus" reversible="false" condition="Control.HasFocus(69)">
					<effect type="zoom" center="-250,1006" start="100" end="74" time="240" tween="cubic" easing="inout" />
					<effect type="slide" end="-87,-3" />
				</animation>
				<include>PLLogo</include>
			</control>
		</focusedlayout>
		<itemlayout width="420" height="164" condition="String.IsEqual(Control.GetLabel(92132),clearart)+!Control.IsVisible(69196)">
			<control type="group">
				<left>-600</left>
				<top>879</top>
				<animation effect="zoom" center="auto" start="74" end="74" condition="true">Conditional</animation>
				<include>PosFade</include>
				<include>PLClear</include>
			</control>
		</itemlayout>
		<focusedlayout width="570" height="224" condition="String.IsEqual(Control.GetLabel(92132),clearart)">
			<control type="group">
				<left>-458</left>
				<top>837</top>
				<animation effect="zoom" center="0,1006" start="74" end="100" time="480" tween="cubic" easing="inout" reversible="false">Focus</animation>
				<animation effect="zoom" start="100" end="100" tween="cubic" easing="inout" reversible="false" condition="!Control.HasFocus(69)">Unfocus</animation>
				<animation type="Unfocus" reversible="false" condition="Control.HasFocus(69)">
					<effect type="zoom" center="-250,1006" start="100" end="74" time="240" tween="cubic" easing="inout" />
					<effect type="slide" end="-87,-3" />
				</animation>
				<include>PLClear</include>
			</control>
		</focusedlayout>
		<itemlayout width="280" height="164" condition="String.IsEqual(Control.GetLabel(92132),characterart)+!Control.IsVisible(69196)">
			<control type="group">
				<left>-420</left>
				<top>816</top>
				<animation effect="zoom" center="auto" start="44" end="44" condition="true">Conditional</animation>
				<include>PosFade</include>
				<include>PLCharacter</include>
			</control>
		</itemlayout>
		<focusedlayout width="570" height="224" condition="String.IsEqual(Control.GetLabel(92132),characterart)">
			<control type="group">
				<left>-178</left>
				<top>549</top>
				<animation effect="zoom" center="112,1026" start="44" end="100" time="480" tween="quadratic" reversible="false" condition="Container.OnNext">Focus</animation>
				<animation effect="zoom" center="-225,1026" start="100" end="44" time="240" tween="quadratic" reversible="false" condition="Container.OnNext">Unfocus</animation>
				<animation effect="zoom" center="-225,1026" start="44" end="100" time="480" tween="quadratic" reversible="false" condition="Container.OnPrevious">Focus</animation>
				<animation type="Unfocus" reversible="false" condition="Container.OnPrevious">
					<effect type="zoom" center="-46,1026" start="100" end="44" time="240" tween="quadratic" />
					<effect type="slide" end="-270" />
				</animation>
				<include>PLCharacter</include>
			</control>
		</focusedlayout>
		<itemlayout width="420" height="164" condition="String.IsEqual(Control.GetLabel(92132),banner)+!Control.IsVisible(69196)">
			<control type="group">
				<left>-600</left>
				<top>915</top>
				<animation effect="zoom" center="auto" start="74" end="74" condition="true">Conditional</animation>
				<include>PosFade</include>
				<include>PLBanner</include>
				<include>PLBannerMask</include>
				<include>PLBannerWatched</include>
			</control>
		</itemlayout>
		<focusedlayout width="570" height="224" condition="String.IsEqual(Control.GetLabel(92132),banner)">
			<control type="group">
				<left>-482</left>
				<top>902</top>
				<animation effect="zoom" center="0,951" start="74" end="100" time="480" tween="cubic" easing="inout" reversible="false">Focus</animation>
				<animation effect="zoom" start="100" end="100" tween="cubic" easing="inout" reversible="false" condition="!Control.HasFocus(69)">Unfocus</animation>
				<animation type="Unfocus" reversible="false" condition="Control.HasFocus(69)">
					<effect type="zoom" center="-250,951" start="100" end="74" time="240" tween="cubic" easing="inout" />
					<effect type="slide" end="-62" />
				</animation>
				<include>PLBanner</include>
				<include>PLBannerMask</include>
				<include>PLBannerWatched</include>
			</control>
		</focusedlayout>
	</include>
	<include name="plfixed">
		<control type="fixedlist" id="69">
			<include>contents69list</include>
		</control>
	</include>
	<include name="plwrap">
		<control type="wraplist" id="69">
			<include>contents69list</include>
		</control>
	</include>
	<include name="PLPoster">
		<animation effect="slide" time="200" start="0,0" end="0,-30" tween="cubic" easing="out" condition="!Skin.HasSetting(noposterlitevideocase)">Conditional</animation>
		<control type="image">
			<width>464</width>
			<height>682</height>
			<fadetime>commonfadetime</fadetime>
			<aspectratio>stretch</aspectratio>
			<texture background="true" fallback="DefaultVideoPoster.png">$VAR[poster]</texture>
			<bordertexture background="true" border="-2">black.png</bordertexture>
			<visible>Skin.HasSetting(noposterlitevideocase)</visible>
		</control>
		<control type="image">
			<width>464</width>
			<height>682</height>
			<fadetime>commonfadetime</fadetime>
			<aspectratio>stretch</aspectratio>
			<texture background="true" fallback="DefaultVideoPoster.png">$VAR[poster]</texture>
			<visible>!Skin.HasSetting(noposterlitevideocase)</visible>
		</control>
		<control type="group">
			<include>animation_fade</include>
			<visible>!Skin.HasSetting(noposterlitevideocase)</visible>
			<!-- estojo -->
			<include content="views_videocase">	
				<param name="left" value="-42" />
				<param name="top" value="-112" />
				<param name="width" value="576" />
				<param name="height" value="866" />
				<param name="aligny" value="bottom" />
				<param name="flipy" value="false" />
				<param name="diffuse" value="" />
				<param name="item" value="0" />
			</include>
		</control>
		<!-- codec -->
		<control type="image">
			<left>160</left>
			<top>-108</top>
			<width>148</width>
			<height>148</height>
			<fadetime>commonfadetime</fadetime>
			<aspectratio align="center" aligny="center">keep</aspectratio>
			<texture colordiffuse="$INFO[skin.string(colorcodeccase)]">$VAR[videocodec0]</texture>
			<visible>!Skin.HasSetting(noposterlitevideocase)</visible>			
		</control>						
		<control type="image">
			<left>390</left>
			<top>-3</top>
			<include>PLWatchedIcon</include>
		</control>
		<control type="textbox">
			<left>14</left>
			<top>-66</top>
			<width>450</width>
			<height>63</height>
			<align>center</align>
			<font>font_titlesettings</font>
			<textcolor>FFFFFFFF</textcolor>
			<label>$VAR[PLStudio]</label>
			<visible>[[[Container.Content(tvshows)|Container.Content(seasons)]+!String.Contains(ListItem.FolderPath,videodb://movies/)]|Container.Content(genres)]+!Skin.HasSetting(noposterlitevideocase)</visible>
			<autoscroll time="3000" delay="5000" repeat="3000">true</autoscroll>
		</control>		
	</include>
	<include name="PLLand">
		<control type="image">
			<width>480</width>
			<height>270</height>
			<fadetime>commonfadetime</fadetime>
			<aspectratio>scale</aspectratio>
			<texture background="true" fallback="DefaultExtraThumbs.png">$VAR[PLLandscapeVar]</texture>
			<bordertexture background="true" border="-2">black.png</bordertexture>
		</control>
		<control type="image">
			<width>480</width>
			<height>270</height>
			<fadetime>commonfadetime</fadetime>
			<aspectratio>stretch</aspectratio>
			<texture background="true">shadow_mask.png</texture>
			<colordiffuse>FFF0F0F0</colordiffuse>
			<animation effect="fade" end="80" time="0" condition="true">Conditional</animation>
			<visible>String.IsEmpty(ListItem.Art(landscape))+String.IsEmpty(ListItem.Art(clearlogo))+String.IsEmpty(ListItem.Art(tvshow.clearlogo))+!String.IsEmpty(ListItem.Art(fanart))+!Container.Content(episodes)+!String.IsEqual(ListItem.Label,..)</visible>
		</control>
		<control type="image">
			<left>14</left>
			<top>45</top>
			<width>453</width>
			<height>177</height>
			<aspectratio>keep</aspectratio>
			<texture background="true">$INFO[ListItem.Art(clearlogo)]</texture>
			<visible>String.IsEmpty(ListItem.Art(landscape))+!String.IsEmpty(ListItem.Art(fanart))</visible>
		</control>
		<control type="image">
			<left>412</left>
			<top>-8</top>
			<include>PLWatchedIcon</include>
		</control>
		<control type="textbox">
			<top>108</top>
			<include>PLTextTitle</include>
			<visible>String.IsEmpty(ListItem.Art(landscape))+String.IsEmpty(ListItem.Art(clearlogo))+String.IsEmpty(ListItem.Art(tvshow.clearlogo))</visible>
		</control>
	</include>
	<include name="PLLogo">
		<control type="image">
			<width>480</width>
			<height>188</height>
			<fadetime>commonfadetime</fadetime>
			<aspectratio aligny="bottom">keep</aspectratio>
			<texture background="true">$VAR[PLLogoVar]</texture>
		</control>
		<control type="textbox">
			<top>28</top>
			<include>PLTextTitle</include>
			<visible>String.IsEmpty(ListItem.Art(clearlogo))</visible>
		</control>
	</include>
	<include name="PLClear">
		<control type="image">
			<width>480</width>
			<height>188</height>
			<fadetime>commonfadetime</fadetime>
			<aspectratio aligny="bottom">keep</aspectratio>
			<texture background="true">$VAR[PLClearArtVar]</texture>
		</control>
		<control type="textbox">
			<top>28</top>
			<include>PLTextTitle</include>
			<visible>String.IsEmpty(ListItem.Art(clearart))+String.IsEmpty(ListItem.Art(clearlogo))</visible>
		</control>
	</include>
	<include name="PLCharacter">
		<control type="image">
			<width>480</width>
			<height>480</height>
			<fadetime>commonfadetime</fadetime>
			<aspectratio aligny="bottom">keep</aspectratio>
			<texture background="true">$VAR[PLCharacterArtVar]</texture>
		</control>
		<control type="textbox">
			<top>316</top>
			<include>PLTextTitle</include>
			<visible>String.IsEmpty(ListItem.Art(characterart))+String.IsEmpty(ListItem.Art(clearlogo))</visible>
		</control>
	</include>
	<include name="PLBanner">
		<control type="image">
			<include>PLBannerValue</include>
			<visible>!String.IsEmpty(ListItem.Art(banner))</visible>
		</control>
		<control type="image">
			<width>528</width>
			<height>98</height>
			<fadetime>commonfadetime</fadetime>
			<aspectratio>stretch</aspectratio>
			<texture background="true">$INFO[ListItem.Art(tvshow.banner)]</texture>
			<visible>[Container.Content(seasons)|Container.Content(episodes)]+String.IsEmpty(ListItem.Art(banner))+!String.IsEqual(ListItem.Label,..)</visible>
		</control>
		<control type="image">
			<aspectratio>scale</aspectratio>
			<include>PLBannerValue</include>
			<visible>String.IsEmpty(ListItem.Art(banner))+!String.IsEqual(ListItem.Label,..)</visible>
		</control>
		<control type="image">
			<width>528</width>
			<height>98</height>
			<fadetime>commonfadetime</fadetime>
			<aspectratio>keep</aspectratio>
			<texture background="true">$INFO[ListItem.Art(clearlogo)]</texture>
			<visible>String.IsEmpty(ListItem.Art(banner))</visible>
		</control>
	</include>
	<include name="PLBannerMask">
		<control type="image">
			<width>528</width>
			<height>98</height>
			<fadetime>commonfadetime</fadetime>
			<aspectratio>stretch</aspectratio>
			<texture background="true">shadow_mask.png</texture>
			<colordiffuse>FFF0F0F0</colordiffuse>
			<animation effect="fade" end="80" time="0" condition="true">Conditional</animation>
			<visible>String.IsEmpty(ListItem.Art(banner))+String.IsEmpty(ListItem.Art(clearlogo))+!String.IsEmpty(ListItem.Art(fanart))+!String.IsEqual(ListItem.Label,..)</visible>
		</control>
	</include>
	<include name="PLBannerLabel">
		<control type="label">
			<left>8</left>
			<top>30</top>
			<width>513</width>
			<height>75</height>
			<align>center</align>
			<font>font_list</font>
			<shadowcolor>black</shadowcolor>
			<scroll>true</scroll>
			<label>[COLOR=$INFO[skin.string(colorheader)]][B]$INFO[ListItem.Label][/B][/COLOR]</label>
			<visible>String.IsEmpty(ListItem.Art(banner))+String.IsEmpty(ListItem.Art(clearlogo))</visible>
		</control>
	</include>
	<include name="PLBannerWatched">
		<control type="group">
			<include>PLBannerLabel</include>
		</control>
		<control type="image">
			<left>459</left>
			<top>-9</top>
			<include>PLWatchedIcon</include>
		</control>
	</include>
	<include name="PLTextTitle">
		<left>3</left>
		<top>8</top>
		<width>472</width>
		<height>160</height>
		<align>center</align>
		<font>font_title</font>
		<shadowcolor>black</shadowcolor>
		<label>[COLOR=$INFO[skin.string(colorheader)]][B]$INFO[ListItem.Label][/B][/COLOR]</label>
		<autoscroll time="2000" delay="2000" repeat="2000">true</autoscroll>
		<visible>!Container.Content(episodes)</visible>
	</include>
	<include name="PLLandValue">
		<width>368</width>
		<height>207</height>
		<fadetime>commonfadetime</fadetime>
		<timeperimage>4000</timeperimage>
		<aspectratio>stretch</aspectratio>
		<randomize>true</randomize>
	</include>
	<include name="PLClearValue">
		<left>915</left>
		<top>-135</top>
		<width>405</width>
		<height>158</height>
		<fadetime>commonfadetime</fadetime>
		<aspectratio aligny="bottom">keep</aspectratio>
		<animation effect="slide" end="0,159" time="160" condition="Control.IsVisible(69193)">Conditional</animation>
	</include>
	<include name="PLBannerValue">
		<width>528</width>
		<height>98</height>
		<fadetime>commonfadetime</fadetime>
		<aspectratio>stretch</aspectratio>
		<texture background="true">$VAR[PLBannerVar]</texture>
		<bordertexture background="true" border="-2">black.png</bordertexture>
	</include>
	<include name="PLWatchedIcon">
		<width>75</width>
		<height>75</height>
		<aspectratio>keep</aspectratio>
		<texture colordiffuse="$INFO[skin.string(colorwatched)]">$VAR[watched_style]</texture>
		<visible>!Skin.HasSetting(nooverlays)+String.IsEqual(ListItem.Overlay,OverlayWatched.png)</visible>
	</include>
	<include name="PLcdART">
		<control type="group">
			<left>98</left>
			<top>-86</top>
			<include>PLcdAn</include>
			<visible>![String.IsEmpty(ListItem.Art(discart))|ListItem.IsCollection]</visible>
			<control type="image">
				<left>168</left>
				<top>82</top>
				<width>405</width>
				<height>405</height>
				<texture>cdart.png</texture>
				<include>PLDisc</include>
			</control>
			<control type="image">
				<left>168</left>
				<top>82</top>
				<width>405</width>
				<height>405</height>
				<aligny>center</aligny>
				<fadetime>commonfadetime</fadetime>
				<texture diffuse="cdart_diffuse.png" background="true">$INFO[ListItem.Art(discart)]</texture>
				<include>PLDisc</include>
			</control>
		</control>
	</include>
	<include name="PLcdARTVert">
		<control type="grouplist">
			<left>507</left>
			<top>0</top>
			<orientation>vertical</orientation>
			<itemgap>-138</itemgap>
			<include>PLcdAn</include>
			<include>PLcdART6_10</include>
			<visible>ListItem.IsCollection</visible>
		</control>
		<control type="grouplist">
			<left>357</left>
			<top>0</top>
			<orientation>vertical</orientation>
			<itemgap>-138</itemgap>
			<include>PLcdAn</include>
			<include>PLcdART1_5</include>
			<visible>ListItem.IsCollection</visible>
		</control>
	</include>
	<include name="PLcdARTHorz">
		<control type="grouplist">
			<orientation>horizontal</orientation>
			<align>right</align>
			<itemgap>-112</itemgap>
			<include>PLcdAn</include>
			<include>PLcdART1_5</include>
			<include>PLcdART6_10</include>
		</control>
	</include>
	<include name="PLcdART1_5">
		<control type="image">
			<include>PLDisc</include>
			<texture diffuse="cdart_diffuse.png" background="true">$INFO[Window(home).Property(SkinHelper.ListItem.0.DiscArt)]</texture>
		</control>
		<control type="image">
			<include>PLDisc</include>
			<texture diffuse="cdart_diffuse.png" background="true">$INFO[Window(home).Property(SkinHelper.ListItem.1.DiscArt)]</texture>
		</control>
		<control type="image">
			<include>PLDisc</include>
			<texture diffuse="cdart_diffuse.png" background="true">$INFO[Window(home).Property(SkinHelper.ListItem.2.DiscArt)]</texture>
		</control>
		<control type="image">
			<include>PLDisc</include>
			<texture diffuse="cdart_diffuse.png" background="true">$INFO[Window(home).Property(SkinHelper.ListItem.3.DiscArt)]</texture>
		</control>
		<control type="image">
			<include>PLDisc</include>
			<texture diffuse="cdart_diffuse.png" background="true">$INFO[Window(home).Property(SkinHelper.ListItem.4.DiscArt)]</texture>
		</control>
	</include>
	<include name="PLcdART6_10">
		<control type="image">
			<include>PLDisc</include>
			<texture diffuse="cdart_diffuse.png" background="true">$INFO[Window(home).Property(SkinHelper.ListItem.5.DiscArt)]</texture>
		</control>
		<control type="image">
			<include>PLDisc</include>
			<texture diffuse="cdart_diffuse.png" background="true">$INFO[Window(home).Property(SkinHelper.ListItem.6.DiscArt)]</texture>
		</control>
		<control type="image">
			<include>PLDisc</include>
			<texture diffuse="cdart_diffuse.png" background="true">$INFO[Window(home).Property(SkinHelper.ListItem.7.DiscArt)]</texture>
		</control>
		<control type="image">
			<include>PLDisc</include>
			<texture diffuse="cdart_diffuse.png" background="true">$INFO[Window(home).Property(SkinHelper.ListItem.8.DiscArt)]</texture>
		</control>
		<control type="image">
			<include>PLDisc</include>
			<texture diffuse="cdart_diffuse.png" background="true">$INFO[Window(home).Property(SkinHelper.ListItem.9.DiscArt)]</texture>
		</control>
	</include>
	<include name="PLDisc">
		<width>216</width>
		<height>216</height>
		<aligny>center</aligny>
		<fadetime>commonfadetime</fadetime>
		<aspectratio align="center">keep</aspectratio>
		<animation effect="rotate" start="0" end="-360" center="auto" time="40000" delay="5000" loop="true" reversible="false" condition="!Player.HasVideo+![ListItem.IsCollection+Skin.HasSetting(plopencase)]">Conditional</animation>
		<animation effect="rotate" end="-360" center="auto" time="4000" loop="true" reversible="false" condition="Player.HasVideo+!Player.Paused+![ListItem.IsCollection+Skin.HasSetting(plopencase)]">Conditional</animation>
	</include>
	<include name="PLcdAn">
		<animation type="WindowOpen">
			<effect type="slide" start="-150,0" end="0,0" time="500" delay="700" tween="cubic" easing="out" />
			<effect type="fade" start="0" end="100" time="500" delay="700" />
		</animation>
		<animation type="Visible">
			<effect type="slide" start="-150,0" end="0,0" time="500" delay="700" tween="cubic" easing="out" />
			<effect type="fade" start="0" end="100" time="500" delay="700" />
		</animation>
		<animation effect="fade" start="100" end="0" time="200">WindowClose</animation>
		<animation type="Hidden">
			<effect type="slide" start="0,0" end="-150,0" time="300" tween="cubic" easing="out" />
			<effect type="fade" start="100" end="0" time="200" />
		</animation>
	</include>
	<include name="PosFade">
		<visible>!Control.IsVisible(69200)</visible>
		<animation effect="fade" start="100" end="0" time="400" delay="1000" reversible="false" condition="Control.IsVisible(69194) + String.Contains(skin.string(panel_seconds),1)">Conditional</animation>
		<animation effect="fade" start="100" end="0" time="400" delay="2000" reversible="false" condition="Control.IsVisible(69194) + String.Contains(skin.string(panel_seconds),2)">Conditional</animation>
		<animation effect="fade" start="100" end="0" time="400" delay="3000" reversible="false" condition="Control.IsVisible(69194) + String.Contains(skin.string(panel_seconds),3)">Conditional</animation>
		<animation effect="fade" start="100" end="0" time="400" delay="4000" reversible="false" condition="Control.IsVisible(69194) + String.Contains(skin.string(panel_seconds),4)">Conditional</animation>
		<animation effect="fade" start="100" end="0" time="400" delay="5000" reversible="false" condition="Control.IsVisible(69194) + String.Contains(skin.string(panel_seconds),5)">Conditional</animation>
	</include>
</includes>
