<?xml version="1.0" encoding="UTF-8"?>
<includes>
	<!-- KBK Multimedia Center -->
	<!-- VISTA SHOWART- ID 60 -->
	<include name="ShowArtLabel">
		<left>0</left>
		<height>30</height>
		<width>600</width>
		<font>font_plot</font>
		<aligny>top</aligny>
		<align>left</align>
		<textcolor>$INFO[skin.string(colorheader)]</textcolor>
		<textoffsetx>0</textoffsetx>
		<textoffsety>0</textoffsety>
		<scroll>true</scroll>
	</include>
	<include name="ShowArtFixedList">
		<control type="fixedlist" id="60">
			<include>ShowArt_Content</include>
		</control>
	</include>
	<include name="ShowArtWrapList">
		<control type="wraplist" id="60">
			<include>ShowArt_Content</include>
		</control>
	</include>
	<include name="ShowArt_Content">
		<viewtype label="31819">list</viewtype>
		<left>75</left>
		<top>723</top>
		<width>1800</width>
		<height>450</height>
		<pagecontrol>80</pagecontrol>
		<onup condition="String.IsEqual(skin.string(showartvideopanel),manual) + !String.IsEqual(ListItem.Label,..)">9960</onup>
		<onup condition="![String.IsEqual(skin.string(showartvideopanel),manual) + !String.IsEqual(ListItem.Label,..)]">9900</onup>
		<ondown>80</ondown>
		<orientation>horizontal</orientation>
		<focusposition>2</focusposition>
		<scrolltime>400</scrolltime>
		<preloaditems>2</preloaditems>
		<animation effect="slide" start="0,0" end="0,-48" time="300" tween="sine" easing="out" condition="Control.HasFocus(80)">Conditional</animation>
		<visible>![Container.Content(sets) | Container.Content(years) | Container.Content(genres) | Container.Content(actors) | Container.Content(countries) | Container.Content(studios)]</visible>
		<itemlayout condition="String.Contains(skin.string(showartvideogrid),default)" width="378" height="450">
			<!-- tamanho normal -->
			<!-- reflexo -->
			<control type="image">
				<left>0</left>
				<top>248</top>
				<width>270</width>
				<height>171</height>
				<aspectratio align="center" aligny="top">stretch</aspectratio>
				<texture flipy="true" diffuse="thumb_reflect.png" background="true">$VAR[logoandclearart]</texture>
			</control>
			<!-- clearlogo e clearart -->
			<control type="image">
				<left>0</left>
				<top>75</top>
				<width>270</width>
				<height>171</height>
				<texture fallback="aeon_logo_small.png" background="true">$VAR[logoandclearart]</texture>
				<aspectratio align="center" aligny="bottom">keep</aspectratio>
			</control>
			<control type="image">
				<left>248</left>
				<top>98</top>
				<width>45</width>
				<height>45</height>
				<texture colordiffuse="$INFO[skin.string(colorwatched)]">$VAR[watched_style]</texture>
				<visible>![Skin.HasSetting(nooverlays) | String.Contains(skin.string(stylewatched),2) | String.Contains(skin.string(stylewatched),3)] + String.IsEqual(ListItem.Overlay,OverlayWatched.png)</visible>
			</control>
			<control type="image">
				<left>248</left>
				<top>201</top>
				<width>45</width>
				<height>45</height>
				<texture flipy="true" colordiffuse="$INFO[skin.string(colorwatched)]">$VAR[watched_style]</texture>
				<visible>[!Skin.HasSetting(nooverlays) + String.IsEqual(ListItem.Overlay,OverlayWatched.png)] + [String.Contains(skin.string(stylewatched),2) | String.Contains(skin.string(stylewatched),3)]</visible>
			</control>
		</itemlayout>
		<itemlayout condition="String.Contains(skin.string(showartvideogrid),big)" width="360" height="450">
			<!-- tamanho grande -->
			<!-- reflexo -->
			<control type="image">
				<left>0</left>
				<top>244</top>
				<width>330</width>
				<height>231</height>
				<aspectratio align="center" aligny="top">stretch</aspectratio>
				<texture flipy="true" diffuse="thumb_reflect.png" background="true">$VAR[logoandclearart]</texture>
			</control>
			<!-- clearlogo e clearart -->
			<control type="image">
				<left>0</left>
				<top>15</top>
				<width>330</width>
				<height>231</height>
				<texture fallback="aeon_logo_small.png" background="true">$VAR[logoandclearart]</texture>
				<aspectratio align="center" aligny="bottom">keep</aspectratio>
			</control>
			<control type="image">
				<left>303</left>
				<top>68</top>
				<width>45</width>
				<height>45</height>
				<texture colordiffuse="$INFO[skin.string(colorwatched)]">$VAR[watched_style]</texture>
				<visible>![Skin.HasSetting(nooverlays) | String.Contains(skin.string(stylewatched),2) | String.Contains(skin.string(stylewatched),3)] + String.IsEqual(ListItem.Overlay,OverlayWatched.png)</visible>
			</control>
			<control type="image">
				<left>303</left>
				<top>201</top>
				<width>45</width>
				<height>45</height>
				<texture flipy="true" colordiffuse="$INFO[skin.string(colorwatched)]">$VAR[watched_style]</texture>
				<visible>[!Skin.HasSetting(nooverlays) + String.IsEqual(ListItem.Overlay,OverlayWatched.png)] + [String.Contains(skin.string(stylewatched),2) | String.Contains(skin.string(stylewatched),3)]</visible>
			</control>
		</itemlayout>
		<focusedlayout condition="String.Contains(skin.string(showartvideogrid),default)" width="378" height="450">
			<!-- tamanho normal -->
			<!-- reflexo -->
			<control type="image">
				<left>0</left>
				<top>246</top>
				<width>270</width>
				<height>171</height>
				<aspectratio align="center" aligny="top">stretch</aspectratio>
				<texture flipy="true" diffuse="thumb_reflect.png" background="true">$VAR[logoandclearart]</texture>
				<animation effect="zoom" start="100" end="160" center="158,246" time="400" easing="out" reversible="false" tween="cubic">Focus</animation>
			</control>
			<!-- clearlogo e clearart -->
			<control type="image">
				<left>0</left>
				<top>75</top>
				<width>270</width>
				<height>171</height>
				<texture fallback="aeon_logo_small.png" background="true">$VAR[logoandclearart]</texture>
				<aspectratio align="center" aligny="bottom">keep</aspectratio>
				<animation effect="zoom" start="100" end="160" center="158,246" time="400" easing="out" reversible="false" tween="cubic">Focus</animation>
			</control>
			<control type="image">
				<left>248</left>
				<top>98</top>
				<width>45</width>
				<height>45</height>
				<texture colordiffuse="$INFO[skin.string(colorwatched)]">$VAR[watched_style]</texture>
				<animation effect="zoom" start="100" end="160" center="158,246" time="400" easing="out" reversible="false" tween="cubic">Focus</animation>
				<visible>![Skin.HasSetting(nooverlays) | String.Contains(skin.string(stylewatched),2) | String.Contains(skin.string(stylewatched),3)] + String.IsEqual(ListItem.Overlay,OverlayWatched.png)</visible>
			</control>
			<control type="image">
				<left>248</left>
				<top>201</top>
				<width>45</width>
				<height>45</height>
				<texture flipy="true" colordiffuse="$INFO[skin.string(colorwatched)]">$VAR[watched_style]</texture>
				<animation effect="zoom" start="100" end="160" center="158,246" time="400" easing="out" reversible="false" tween="cubic">Focus</animation>
				<visible>[!Skin.HasSetting(nooverlays) + String.IsEqual(ListItem.Overlay,OverlayWatched.png)] + [String.Contains(skin.string(stylewatched),2) | String.Contains(skin.string(stylewatched),3)]</visible>
			</control>
		</focusedlayout>
		<focusedlayout condition="String.Contains(skin.string(showartvideogrid),big)" width="360" height="450">
			<!-- tamanho grande -->
			<!-- reflexo -->
			<control type="image">
				<left>0</left>
				<top>244</top>
				<width>330</width>
				<height>231</height>
				<aspectratio align="center" aligny="top">stretch</aspectratio>
				<texture flipy="true" diffuse="thumb_reflect.png" background="true">$VAR[logoandclearart]</texture>
				<animation effect="zoom" start="100" end="118" center="180,248" time="400" easing="out" reversible="false" tween="cubic">Focus</animation>
			</control>
			<!-- clearlogo e clearart -->
			<control type="image">
				<left>0</left>
				<top>15</top>
				<width>330</width>
				<height>231</height>
				<texture fallback="aeon_logo_small.png" background="true">$VAR[logoandclearart]</texture>
				<aspectratio align="center" aligny="bottom">keep</aspectratio>
				<animation effect="zoom" start="100" end="118" center="180,248" time="400" easing="out" reversible="false" tween="cubic">Focus</animation>
			</control>
			<control type="image">
				<left>303</left>
				<top>68</top>
				<width>45</width>
				<height>45</height>
				<texture colordiffuse="$INFO[skin.string(colorwatched)]">$VAR[watched_style]</texture>
				<animation effect="zoom" start="100" end="118" center="180,248" time="400" easing="out" reversible="false" tween="cubic">Focus</animation>
				<visible>![Skin.HasSetting(nooverlays) | String.Contains(skin.string(stylewatched),2) | String.Contains(skin.string(stylewatched),3)] + String.IsEqual(ListItem.Overlay,OverlayWatched.png)</visible>
			</control>
			<control type="image">
				<left>303</left>
				<top>201</top>
				<width>45</width>
				<height>45</height>
				<texture flipy="true" colordiffuse="$INFO[skin.string(colorwatched)]">$VAR[watched_style]</texture>
				<animation effect="zoom" start="100" end="118" center="180,248" time="400" easing="out" reversible="false" tween="cubic">Focus</animation>
				<visible>[!Skin.HasSetting(nooverlays) + String.IsEqual(ListItem.Overlay,OverlayWatched.png)] + [String.Contains(skin.string(stylewatched),2) | String.Contains(skin.string(stylewatched),3)]</visible>
			</control>
		</focusedlayout>
	</include>
	<include name="ViewShowArt">
		<!-- default group -->
		<control type="group">
			<animation effect="fade" time="400">VisibleChange</animation>
			<control type="button" id="9960">
				<include>invisible</include>
				<onleft>60</onleft>
				<onright>60</onright>
				<onup>9900</onup>
				<ondown>60</ondown>
			</control>
			<visible>Control.IsVisible(60)</visible>
			<!-- painel de info -->
			<control type="group">
				<animation effect="slide" start="0,-900" end="0,0" time="500" tween="sine" easing="out">Visible</animation>
				<animation effect="slide" start="0,0" end="0,-900" time="500" tween="sine" easing="out">Hidden</animation>
				<visible>[Control.HasFocus(9960) | String.IsEqual(skin.string(showartvideopanel),alwayson) | String.IsEqual(skin.string(showartvideopanel),auto) + Control.IsVisible(9921)] + !String.IsEqual(ListItem.Label,..)</visible>
				<control type="image">
					<left>0</left>
					<top>84</top>
					<width>1920</width>
					<height>45</height>
					<texture>shadow_h.png</texture>
					<colordiffuse>C3FFFFFF</colordiffuse>
				</control>
				<control type="image">
					<left>0</left>
					<top>128</top>
					<width>1920</width>
					<height>795</height>
					<texture flipy="true" diffuse="shadow_mask.png">$VAR[texture_base]</texture>
					<colordiffuse>$INFO[skin.string(colortexture)]</colordiffuse>
					<animation effect="fade" end="85" condition="true">Conditional</animation>
				</control>
				<control type="image">
					<left>728</left>
					<top>128</top>
					<width>3</width>
					<height>652</height>
					<texture>separator_v.png</texture>
				</control>
				<control type="grouplist">
					<left>90</left>
					<top>156</top>
					<orientation>vertical</orientation>
					<itemgap>0</itemgap>
					<control type="label">
						<include>ShowArtLabel</include>
						<label>$VAR[ground11_label]: [COLOR=$INFO[skin.string(colortext)]]$VAR[ground11_value][/COLOR]</label>
					</control>
					<control type="label">
						<include>ShowArtLabel</include>
						<label>$VAR[ground12_label]: [COLOR=$INFO[skin.string(colortext)]]$VAR[ground12_value][/COLOR]</label>
					</control>
					<control type="label">
						<include>ShowArtLabel</include>
						<label>$VAR[ground13_label]: [COLOR=$INFO[skin.string(colortext)]]$VAR[ground13_value][/COLOR]</label>
					</control>
					<control type="label">
						<include>ShowArtLabel</include>
						<label>$VAR[ground14_label]: [COLOR=$INFO[skin.string(colortext)]]$VAR[ground14_value][/COLOR]</label>
					</control>
					<control type="label">
						<include>ShowArtLabel</include>
						<label>$VAR[ground15_label]: [COLOR=$INFO[skin.string(colortext)]]$VAR[ground15_value][/COLOR]</label>
					</control>
					<control type="label">
						<include>ShowArtLabel</include>
						<label>$VAR[ground16_label]: [COLOR=$INFO[skin.string(colortext)]]$VAR[ground16_value][/COLOR]</label>
					</control>
					<control type="label">
						<include>ShowArtLabel</include>
						<label>$VAR[ground17_label]: [COLOR=$INFO[skin.string(colortext)]]$VAR[ground17_value][/COLOR]</label>
					</control>
				</control>
				<control type="image">
					<left>0</left>
					<top>387</top>
					<width>728</width>
					<height>3</height>
					<texture>separator.png</texture>
				</control>
				<control type="textbox">
					<left>90</left>
					<top>405</top>
					<width>600</width>
					<height>362</height>
					<font>font_plot</font>
					<label>$VAR[plot]</label>
					<autoscroll delay="15000" time="2000" repeat="15000">!Skin.HasSetting(noallowscroll)</autoscroll>
				</control>
				<control type="image">
					<left>0</left>
					<top>780</top>
					<width>1920</width>
					<height>3</height>
					<texture>separator.png</texture>
				</control>
				<control type="image">
					<left>772</left>
					<top>96</top>
					<width>1042</width>
					<height>720</height>
					<aspectratio>keep</aspectratio>
					<texture background="true">$INFO[ListItem.Art(fanart)]</texture>
					<bordertexture border="-2">black.png</bordertexture>
					<fadetime>commonfadetime</fadetime>
				</control>
			</control>
			<include condition="Skin.HasSetting(showartfixedlist)">ShowArtFixedList</include>
			<include condition="!Skin.HasSetting(showartfixedlist)">ShowArtWrapList</include>
			<control type="scrollbar" id="80">
				<include>ScrollBar_Horizontal</include>
				<left>458</left>
				<top>920</top>
				<width>1005</width>
				<onup>SetFocus(60)</onup>
				<ondown>9920</ondown>
				<include>animation_fade</include>
				<visible allowhiddenfocus="true">Control.IsVisible(60) + Control.HasFocus(80)</visible>
			</control>
		</control>
	</include>
</includes>
