<?xml version="1.0" encoding="UTF-8"?>
<includes>
	<!-- KBK Multimedia Center -->
	<!-- VISTA POSTER - ID 54 -->
	<include name="PosterLabel">
		<left>0</left>
		<height>30</height>
		<width>458</width>
		<font>font_plot</font>
		<aligny>top</aligny>
		<align>left</align>
		<textcolor>$INFO[skin.string(colorheader)]</textcolor>
		<textoffsetx>0</textoffsetx>
		<textoffsety>0</textoffsety>
		<scroll>true</scroll>
	</include>
	<include name="PosterFixedList">
		<control type="fixedlist" id="54">
			<include>Poster_Content</include>
		</control>
	</include>
	<include name="PosterWrapList">
		<control type="wraplist" id="54">
			<include>Poster_Content</include>
		</control>
	</include>
	<include name="Poster_Content">
		<viewtype label="31808">list</viewtype>
		<left>-132</left>
		<top>180</top>
		<width>2130</width>
		<height>600</height>
		<onleft>54</onleft>
		<onright>54</onright>
		<onup>9900</onup>
		<ondown>80</ondown>
		<orientation>horizontal</orientation>
		<focusposition>2</focusposition>
		<scrolltime>400</scrolltime>
		<preloaditems>2</preloaditems>
		<pagecontrol>80</pagecontrol>
		<visible>!Container.Content(years)</visible>
		<itemlayout width="447" height="540">
			<control type="image">
				<left>0</left>
				<top>9</top>
				<width>390</width>
				<height>525</height>
				<aspectratio align="center" aligny="bottom">keep</aspectratio>
				<bordertexture border="-2">black.png</bordertexture>
				<texture fallback="DefaultVideoPoster.png" background="true">$VAR[poster]</texture>
				<visible>![Window.IsActive(musicplaylist) | Window.IsActive(music)]</visible>
			</control>
			<control type="image">
				<left>0</left>
				<top>9</top>
				<width>390</width>
				<height>525</height>
				<aspectratio align="center" aligny="bottom">keep</aspectratio>
				<bordertexture border="-2">black.png</bordertexture>
				<texture fallback="DefaultAudioCover.png" background="true">$VAR[poster]</texture>
				<visible>Window.IsActive(musicplaylist) | Window.IsActive(music)</visible>
			</control>
			<control type="image">
				<left>315</left>
				<top>472</top>
				<width>60</width>
				<height>60</height>
				<texture colordiffuse="$INFO[skin.string(colorwatched)]">$VAR[watched_style]</texture>
				<visible>![Skin.HasSetting(nooverlays) | String.Contains(skin.string(stylewatched),2) | String.Contains(skin.string(stylewatched),3)] + String.IsEqual(ListItem.Overlay,OverlayWatched.png) + Control.HasFocus(54)</visible>
			</control>
			<control type="image">
				<left>316</left>
				<top>478</top>
				<width>60</width>
				<height>60</height>
				<texture colordiffuse="$INFO[skin.string(colorwatched)]">$VAR[watched_style]</texture>
				<visible>[!Skin.HasSetting(nooverlays) + String.IsEqual(ListItem.Overlay,OverlayWatched.png)] + [String.Contains(skin.string(stylewatched),2) | String.Contains(skin.string(stylewatched),3)] + Control.HasFocus(54)</visible>
			</control>
		</itemlayout>
		<focusedlayout width="447" height="540">
			<control type="image">
				<left>0</left>
				<top>9</top>
				<width>390</width>
				<height>525</height>
				<aspectratio align="center" aligny="bottom">keep</aspectratio>
				<texture fallback="DefaultVideoPoster.png" background="true">$VAR[poster]</texture>
				<bordertexture border="-2">grey.png</bordertexture>
				<animation reversible="false" effect="zoom" end="120" center="auto" time="200">Focus</animation>
				<visible>![Window.IsActive(musicplaylist) | Window.IsActive(music)]</visible>
			</control>
			<control type="image">
				<left>0</left>
				<top>9</top>
				<width>390</width>
				<height>525</height>
				<aspectratio align="center" aligny="bottom">keep</aspectratio>
				<texture fallback="DefaultAudioCover.png" background="true">$VAR[poster]</texture>
				<bordertexture border="-2">grey.png</bordertexture>
				<animation reversible="false" effect="zoom" end="120" center="auto" time="200">Focus</animation>
				<visible>Window.IsActive(musicplaylist) | Window.IsActive(music)</visible>
			</control>
			<control type="image">
				<left>315</left>
				<top>472</top>
				<width>60</width>
				<height>60</height>
				<texture colordiffuse="$INFO[skin.string(colorwatched)]">$VAR[watched_style]</texture>
				<animation reversible="false" effect="slide" start="0,0" end="36,54" center="auto" time="200">Focus</animation>
				<animation reversible="false" effect="zoom" end="120" center="auto" time="200">Focus</animation>
				<visible>![Skin.HasSetting(nooverlays) | String.Contains(skin.string(stylewatched),2) | String.Contains(skin.string(stylewatched),3)] + String.IsEqual(ListItem.Overlay,OverlayWatched.png) + Control.HasFocus(54)</visible>
			</control>
			<control type="image">
				<left>316</left>
				<top>478</top>
				<width>60</width>
				<height>60</height>
				<texture colordiffuse="$INFO[skin.string(colorwatched)]">$VAR[watched_style]</texture>
				<animation reversible="false" effect="slide" start="0,0" end="36,54" center="auto" time="200">Focus</animation>
				<animation reversible="false" effect="zoom" end="120" center="auto" time="200">Focus</animation>
				<visible>[!Skin.HasSetting(nooverlays) + String.IsEqual(ListItem.Overlay,OverlayWatched.png)] + [String.Contains(skin.string(stylewatched),2) | String.Contains(skin.string(stylewatched),3)] + Control.HasFocus(54)</visible>
			</control>
		</focusedlayout>
	</include>
	<include name="ViewPoster">
		<control type="group">
			<!-- default group -->
			<animation effect="fade" time="400">VisibleChange</animation>
			<visible>Control.IsVisible(54)</visible>
			<control type="group">
				<!-- CDART VIDEO -->
				<animation effect="slide" start="-600,0" end="0,0" time="1000" tween="cubic" easing="out">WindowOpen</animation>
				<animation effect="slide" start="-600,0" end="0,0" time="1000" tween="cubic" easing="out">Visible</animation>
				<animation effect="fade" start="100" end="0" time="400">Hidden</animation>
				<!-- discart -->
				<include content="mediainfo_disc">	
					<param name="left" value="746" />
					<param name="top" value="400" />
					<param name="size" value="420" />
					<param name="slidedisc1" value="0" />
					<param name="slidedisc2" value="150" />
					<param name="slidecolumn" value="0" />
					<param name="slidecolumncondition" value="false" />
					<param name="disclayout" value="$VAR[videodisc_layout]" />
					<param name="discart" value="$VAR[media_discart]" />
					<param name="hiddenfade" value="100" />
					<param name="visible" value="Window.IsActive(videos) + String.IsEqual(listitem.dbtype,movie) + System.IdleTime(1) + [String.IsEqual(skin.string(videodiscart),always) | String.IsEqual(skin.string(videodiscart),ifavailable) + ![String.IsEmpty(Window(home).Property(SkinHelper.ListItem.Art.DiscArt)) + String.IsEmpty(ListItem.Art(discart))]]" />
				</include>
				<include content="mediainfo_disc">	
					<param name="left" value="746" />
					<param name="top" value="400" />
					<param name="size" value="420" />
					<param name="slidedisc1" value="0" />
					<param name="slidedisc2" value="150" />
					<param name="slidecolumn" value="0" />
					<param name="slidecolumncondition" value="false" />
					<param name="disclayout" value="$VAR[audiodisc_layout]" />
					<param name="discart" value="$VAR[media_discart]" />
					<param name="hiddenfade" value="100" />
					<param name="visible" value="Window.IsActive(music) + String.IsEqual(listitem.dbtype,album) + System.IdleTime(1) + [String.IsEqual(skin.string(musicdiscart),always) | String.IsEqual(skin.string(musicdiscart),ifavailable) + ![String.IsEmpty(Window(home).Property(SkinHelper.ListItem.Art.DiscArt)) + String.IsEmpty(ListItem.Art(discart))]]" />
				</include>
			</control>
			<include>ViewBack</include>
			<!-- Fundo -->
			<control type="image">
				<left>0</left>
				<top>772</top>
				<width>1920</width>
				<height>201</height>
				<texture flipy="true" diffuse="shadow_mask.png">$VAR[texture_base]</texture>
				<colordiffuse>$INFO[skin.string(colortexture)]</colordiffuse>
			</control>
			<!-- clearlogo e clearart -->
			<include content="logoandclearart_items">	
				<param name="left" value="1552" />
				<param name="top" value="802" />
				<param name="width" value="330" />
				<param name="height" value="165" />
			</include>
			<control type="image">
				<left>0</left>
				<top>772</top>
				<width>1920</width>
				<height>3</height>
				<texture>separator.png</texture>
			</control>
			<control type="image">
				<left>525</left>
				<top>774</top>
				<width>3</width>
				<height>201</height>
				<texture>separator_v.png</texture>
			</control>
			<control type="image">
				<left>1530</left>
				<top>774</top>
				<width>3</width>
				<height>201</height>
				<texture>separator_v.png</texture>
				<visible>!Skin.HasSetting(noartpostervideo)</visible>
			</control>
			<control type="grouplist">
				<!-- Painel de info -->
				<left>45</left>
				<top>780</top>
				<orientation>vertical</orientation>
				<itemgap>0</itemgap>
				<control type="label">
					<include>PosterLabel</include>
					<label>$VAR[ground11_label]: [COLOR=$INFO[skin.string(colortext)]]$VAR[ground11_value][/COLOR]</label>
				</control>
				<control type="label">
					<include>PosterLabel</include>
					<label>$VAR[ground12_label]: [COLOR=$INFO[skin.string(colortext)]]$VAR[ground12_value][/COLOR]</label>
				</control>
				<control type="label">
					<include>PosterLabel</include>
					<label>$VAR[ground13_label]: [COLOR=$INFO[skin.string(colortext)]]$VAR[ground13_value][/COLOR]</label>
					<visible>!Container.Content(songs)</visible>
				</control>
				<control type="label">
					<include>PosterLabel</include>
					<label>$VAR[ground14_label]: [COLOR=$INFO[skin.string(colortext)]]$VAR[ground14_value][/COLOR]</label>
					<visible>![Container.Content(artists) | Container.Content(albums) | Container.Content(songs)]</visible>
				</control>
				<control type="label">
					<include>PosterLabel</include>
					<label>$VAR[ground16_label]: [COLOR=$INFO[skin.string(colortext)]]$VAR[ground16_value][/COLOR]</label>
				</control>
				<control type="label">
					<include>PosterLabel</include>
					<label>$VAR[ground17_label]: [COLOR=$INFO[skin.string(colortext)]]$VAR[ground17_value][/COLOR]</label>
					<visible>![Container.Content(artists) | Container.Content(songs)]</visible>
				</control>
			</control>
			<control type="textbox">
				<left>549</left>
				<top>788</top>
				<width>960</width>
				<height>170</height>
				<font>font_plot</font>
				<label>$VAR[plot]</label>
				<autoscroll delay="15000" time="3000" repeat="15000">!Skin.HasSetting(noallowscroll)</autoscroll>
				<visible>!Skin.HasSetting(noartpostervideo)</visible>
			</control>
			<include condition="Skin.HasSetting(posterfixedlist)">PosterFixedList</include>
			<include condition="!Skin.HasSetting(posterfixedlist)">PosterWrapList</include>
			<control type="scrollbar" id="80">
				<include>ScrollBar_Horizontal</include>
				<left>285</left>
				<top>720</top>
				<width>1350</width>
				<onup>54</onup>
				<ondown>9920</ondown>
				<include>animation_fade</include>
				<visible allowhiddenfocus="true">Control.IsVisible(54) + Control.HasFocus(80)</visible>
			</control>
		</control>
	</include>
</includes>
