<?xml version="1.0" encoding="UTF-8"?>
<includes>
	<!-- KBK Multimedia Center -->
	<!-- VISTA ARTE TOTAL - 71 -->
	<include name="ViewTotalArt">
		<!-- default group -->
		<control type="group">
			<animation effect="fade" time="400">VisibleChange</animation>
			<visible>Control.IsVisible(71)</visible>
			<control type="image" id="7120">
				<include>invisible</include>
				<animation effect="fade" start="0" end="100" time="150" delay="300" condition="true">Visible</animation>
				<visible>![Container.OnNext | Container.OnPrevious]</visible>
			</control>
			<control type="wraplist" id="71">
				<viewtype label="31816">list</viewtype>
				<left>0</left>
				<top>-48</top>
				<width>1920</width>
				<height>1005</height>
				<onleft>80</onleft>
				<onright></onright>
				<pagecontrol>80</pagecontrol>
				<focusposition>4</focusposition>
				<orientation>vertical</orientation>
				<scrolltime>450</scrolltime>
				<preloaditems>2</preloaditems>
				<visible>Container.Content(movies)</visible>
				<itemlayout width="960" height="40">
					<control type="label">
						<left>360</left>
						<top>0</top>
						<width>1200</width>
						<height>60</height>
						<font>font_list</font>
						<align>center</align>
						<aligny>center</aligny>
						<label>$VAR[videotitle]</label>
						<textcolor>99FFFAF0</textcolor>
						<selectedcolor>$INFO[skin.string(colorheader)]</selectedcolor>						
					</control>
				</itemlayout>
				<focusedlayout condition="String.IsEqual(ListItem.Label,..)" width="1920" height="465">
					<control type="image">
						<left>0</left>
						<top>22</top>
						<width>1920</width>
						<height>698</height>
						<texture>$VAR[texture_base]</texture>
						<colordiffuse>$INFO[skin.string(colortexture)]</colordiffuse>
						<animation effect="fade" start="100" end="25" condition="true">Conditional</animation>
						<include>animation_fade</include>
					</control>
					<control type="image">
						<left>0</left>
						<top>-22</top>
						<width>1928</width>
						<height>45</height>
						<texture>shadow_h.png</texture>
						<colordiffuse>C3FFFFFF</colordiffuse>
					</control>
					<control type="image">
						<left>0</left>
						<top>454</top>
						<width>1928</width>
						<height>45</height>
						<texture flipy="true">shadow_h.png</texture>
						<colordiffuse>C3FFFFFF</colordiffuse>
					</control>
					<!-- poster -->
					<control type="image">
						<left>670</left>
						<top>38</top>
						<width>272</width>
						<height>400</height>
						<aspectratio align="center" aligny="bottom">stretch</aspectratio>
						<texture fallback="DefaultVideoPoster.png" background="true">$VAR[poster]</texture>
						<bordertexture border="-2" colordiffuse="$INFO[skin.string(colortexture)]">$VAR[texture_base]</bordertexture>
						<animation effect="fade" time="200">Focus</animation>
					</control>
				</focusedlayout>
				<focusedlayout condition="!String.IsEqual(ListItem.Label,..)" width="1920" height="720">
					<control type="image">
						<left>0</left>
						<top>22</top>
						<width>1920</width>
						<height>698</height>
						<texture>$VAR[texture_base]</texture>
						<colordiffuse>$INFO[skin.string(colortexture)]</colordiffuse>
						<animation effect="fade" start="100" end="65" condition="true">Conditional</animation>
						<include>animation_fade</include>
					</control>
					<control type="image">
						<left>0</left>
						<top>-22</top>
						<width>1928</width>
						<height>45</height>
						<texture>shadow_h.png</texture>
						<colordiffuse>C3FFFFFF</colordiffuse>
					</control>
					<control type="image">
						<left>0</left>
						<top>720</top>
						<width>1928</width>
						<height>45</height>
						<texture flipy="true">shadow_h.png</texture>
						<colordiffuse>C3FFFFFF</colordiffuse>
					</control>
					<control type="group">
						<top>38</top>
						<animation effect="slide" start="0,0" end="45,0" time="200" easing="inout" tween="cubic" condition="Control.HasFocus(80)">Conditional</animation>
						<!-- titulo -->
						<control type="label">
							<left>956</left>
							<top>-12</top>
							<width>939</width>
							<height>60</height>
							<align>left</align>
							<aligny>top</aligny>
							<label>$VAR[videotitle]</label>
							<font>font_title</font>							
							<scroll>true</scroll>
							<scrollout>false</scrollout>
						</control>
						<!-- tag -->
						<control type="label">
							<left>956</left>
							<top>48</top>
							<width>939</width>
							<height>38</height>
							<align>left</align>
							<aligny>top</aligny>
							<label>$INFO[ListItem.Tagline]</label>
							<font>font_subtitle</font>
							<scroll>true</scroll>
							<scrollout>false</scrollout>
							<visible>!Skin.HasSetting(nomoviestagline)</visible>
						</control>
						<!-- ano -->
						<control type="label">
							<left>506</left>
							<top>-12</top>
							<width>150</width>
							<height>60</height>
							<align>right</align>
							<aligny>top</aligny>
							<label>$INFO[ListItem.Year]</label>
							<font>font_title</font>							
						</control>
						<!-- nota -->
						<control type="label">
							<left>5</left>
							<top>-12</top>
							<width>150</width>
							<height>60</height>
							<align>right</align>
							<aligny>top</aligny>
							<label>$INFO[ListItem.Rating]</label>
							<font>font_title</font>							
						</control>
						<!-- estrelas -->
						<control type="image">
							<left>165</left>
							<top>-4</top>
							<width>350</width>
							<height>35</height>
							<texture fallback="$VAR[styleratingstars,,0.png]">$VAR[styleratingstars]$INFO[ListItem.Rating,,.png]</texture>
							<aspectratio align="left" aligny="center">keep</aspectratio>
							<colordiffuse>$VAR[colorratingstars]</colordiffuse>
							<visible>!String.IsEqual(ListItem.Label,..)</visible>
						</control>
						<!-- duracao -->
						<control type="label">
							<left>417</left>
							<top>48</top>
							<width>240</width>
							<height>38</height>
							<align>right</align>
							<aligny>top</aligny>
							<label>$VAR[totalartdetails]</label>
							<font>font_subtitle</font>							
							<scroll>true</scroll>
							<scrollout>false</scrollout>
							<visible>!String.IsEqual(ListItem.Label,..)</visible>
						</control>						
						<!-- genero/diretor -->
						<control type="label">
							<left>30</left>
							<top>555</top>
							<width>1860</width>
							<height>38</height>
							<align>center</align>
							<aligny>top</aligny>
							<font>font_subtitle</font>
							<label>[B][COLOR=$INFO[skin.string(colorheader)]]$LOCALIZE[515]: [/COLOR] $VAR[ground2_value] - [COLOR=$INFO[skin.string(colorheader)]]$LOCALIZE[20339]: [/COLOR] $VAR[ground3_value][/B]</label>
							<scroll>true</scroll>
							<scrollout>false</scrollout>
							<visible>![Skin.HasSetting(nomoviestagline) | String.IsEqual(ListItem.Label,..)]</visible>
						</control>
						<!-- plot -->
						<control type="textbox">
							<left>30</left>
							<top>592</top>
							<width>1860</width>
							<height>68</height>
							<align>center</align>
							<aligny>top</aligny>
							<label>$VAR[plot]</label>
							<font>font_plot</font>							
							<autoscroll delay="15000" time="2000" repeat="15000">!Skin.HasSetting(noallowscroll)</autoscroll>
							<include>animation_fade</include>
						</control>
					</control>
				</focusedlayout>				
			</control>
			<control type="group">
				<top>148</top>
				<animation effect="slide" start="0,0" end="45,0" time="200" easing="inout" tween="cubic" condition="Control.HasFocus(80)">Conditional</animation>
				<animation effect="fade" time="200">Visible</animation>
				<visible>Control.IsVisible(7120) + !String.IsEqual(ListItem.Label,..)</visible>
				<!-- thumb 1 -->
				<control type="image">
					<left>24</left>
					<top>93</top>
					<width>378</width>
					<height>213</height>
					<aspectratio align="center" aligny="bottom">stretch</aspectratio>
					<texture background="true">$INFO[ListItem.Path,,extrathumbs/thumb1.jpg]</texture>
					<bordertexture border="-2" colordiffuse="$INFO[skin.string(colortexture)]">$VAR[texture_base]</bordertexture>
					<animation effect="fade" time="200">Focus</animation>
				</control>
				<!-- thumb 2 -->
				<control type="image">
					<left>24</left>
					<top>321</top>
					<width>378</width>
					<height>213</height>
					<aspectratio align="center" aligny="bottom">stretch</aspectratio>
					<texture background="true">$INFO[ListItem.Path,,extrathumbs/thumb2.jpg]</texture>
					<bordertexture border="-2" colordiffuse="$INFO[skin.string(colortexture)]">$VAR[texture_base]</bordertexture>
					<animation effect="fade" time="200">Focus</animation>
				</control>
				<!-- landscape -->
				<control type="image">
					<left>417</left>
					<top>93</top>
					<width>240</width>
					<height>135</height>
					<aspectratio align="center" aligny="top">stretch</aspectratio>
					<texture background="true">$VAR[landscape]</texture>
					<bordertexture border="-2" colordiffuse="$INFO[skin.string(colortexture)]">$VAR[texture_base]</bordertexture>
					<animation effect="fade" time="200">Focus</animation>
				</control>
				<!-- logo back -->
				<control type="image">
					<left>417</left>
					<top>243</top>
					<width>240</width>
					<height>123</height>
					<texture>$VAR[texture_base]</texture>
					<colordiffuse>$INFO[skin.string(colortexture)]</colordiffuse>
					<animation effect="fade" end="50" condition="true">Conditional</animation>
					<visible>!String.IsEmpty(Control.GetLabel(7121))</visible>
				</control>
				<!-- logo -->
				<control type="image" id="7121">
					<left>420</left>
					<top>243</top>
					<width>234</width>
					<height>123</height>
					<aspectratio align="center" aligny="center">keep</aspectratio>
					<texture background="true">$VAR[videoinfoclearlogo]</texture>
				</control>
				<!-- clearart back -->
				<control type="image">
					<left>417</left>
					<top>382</top>
					<width>240</width>
					<height>152</height>
					<texture>$VAR[texture_base]</texture>
					<colordiffuse>$INFO[skin.string(colortexture)]</colordiffuse>
					<animation effect="fade" end="50" condition="true">Conditional</animation>
					<visible>!String.IsEmpty(Control.GetLabel(7122))</visible>
				</control>
				<!-- clearart -->
				<control type="image" id="7122">
					<left>417</left>
					<top>382</top>
					<width>240</width>
					<height>152</height>
					<aspectratio align="center" aligny="bottom">keep</aspectratio>
					<texture background="true">$VAR[videoinfoclearart]</texture>
				</control>
				<control type="group">
					<!-- discart -->
					<include content="mediainfo_disc">	
						<param name="left" value="674" />
						<param name="top" value="120" />
						<param name="size" value="266" />
						<param name="slidedisc1" value="0" />
						<param name="slidedisc2" value="150" />
						<param name="slidecolumn" value="0" />
						<param name="slidecolumncondition" value="false" />
						<param name="disclayout" value="$VAR[videodisc_layout]" />
						<param name="discart" value="$VAR[media_discart]" />
						<param name="hiddenfade" value="100" />
						<param name="visible" value="String.IsEqual(listitem.dbtype,movie) + System.IdleTime(1) + ![String.IsEmpty(Window(home).Property(SkinHelper.ListItem.Art.DiscArt)) + String.IsEmpty(ListItem.Art(discart))]" />
					</include>
				</control>
				<!-- poster -->
				<control type="image">
					<left>670</left>
					<top>0</top>
					<width>272</width>
					<height>400</height>
					<aspectratio align="center" aligny="bottom">stretch</aspectratio>
					<texture fallback="DefaultVideoPoster.png" background="true">$VAR[poster]</texture>
					<bordertexture border="-2" colordiffuse="$INFO[skin.string(colortexture)]">$VAR[texture_base]</bordertexture>
					<animation effect="fade" time="200">Focus</animation>
				</control>
				<control type="image">
					<left>879</left>
					<top>3</top>
					<width>56</width>
					<height>56</height>
					<texture colordiffuse="$INFO[skin.string(colorwatched)]">$VAR[watched_style]</texture>
					<visible>!Skin.HasSetting(nooverlays) + String.IsEqual(ListItem.Overlay,OverlayWatched.png)</visible>
				</control>				
				<!-- fanart -->
				<control type="image">
					<left>956</left>
					<top>93</top>
					<width>548</width>
					<height>308</height>
					<aspectratio align="center" aligny="top">stretch</aspectratio>
					<texture background="true">$INFO[ListItem.Art(fanart)]</texture>
					<bordertexture border="-2" colordiffuse="$INFO[skin.string(colortexture)]">$VAR[texture_base]</bordertexture>
					<animation effect="fade" time="200">Focus</animation>
				</control>
				<!-- banner -->
				<control type="image">
					<left>956</left>
					<top>416</top>
					<width>548</width>
					<height>117</height>
					<aspectratio align="center" aligny="top">stretch</aspectratio>
					<texture background="true">$VAR[banner]</texture>
					<bordertexture border="-2" colordiffuse="$INFO[skin.string(colortexture)]">$VAR[texture_base]</bordertexture>
					<animation effect="fade" time="200">Focus</animation>
				</control>
				<!-- thumb 3 -->
				<control type="image">
					<left>1518</left>
					<top>93</top>
					<width>378</width>
					<height>213</height>
					<aspectratio align="center" aligny="bottom">stretch</aspectratio>
					<texture background="true">$INFO[ListItem.Path,,extrathumbs/thumb3.jpg]</texture>
					<bordertexture border="-2" colordiffuse="$INFO[skin.string(colortexture)]">$VAR[texture_base]</bordertexture>
					<animation effect="fade" time="200">Focus</animation>
				</control>
				<!-- thumb 4 -->
				<control type="image">
					<left>1518</left>
					<top>321</top>
					<width>378</width>
					<height>213</height>
					<aspectratio align="center" aligny="bottom">stretch</aspectratio>
					<texture background="true">$INFO[ListItem.Path,,extrathumbs/thumb4.jpg]</texture>
					<bordertexture border="-2" colordiffuse="$INFO[skin.string(colortexture)]">$VAR[texture_base]</bordertexture>
					<animation effect="fade" time="200">Focus</animation>
				</control>
			</control>
			<control type="scrollbar" id="80">
				<include>ScrollBar_Vertical</include>
				<left>8</left>
				<top>102</top>
				<height>870</height>
				<onleft>9900</onleft>
				<onright>71</onright>
				<include>animation_fade</include>
				<visible allowhiddenfocus="true">Control.IsVisible(71) + Control.HasFocus(80)</visible>
			</control>
		</control>
	</include>
</includes>
