<?xml version="1.0" encoding="UTF-8"?>
<includes>
	<!-- KBK Multimedia Center -->
	<!-- VISTA SHELF - ID 63 -->
	<include name="ViewShelf">
		<!-- default group -->
		<control type="group">
			<animation effect="fade" time="400">VisibleChange</animation>
			<visible>Control.IsVisible(63)</visible>
			<control type="group">
				<animation effect="slide" time="1000" start="-1200,0" end="0,0" tween="cubic" easing="out">WindowOpen</animation>
				<animation effect="slide" time="700" start="0,0" end="-1200,0" tween="cubic" easing="out">WindowClose</animation>
				<animation effect="slide" time="1000" start="0,900" end="0,0" tween="cubic" easing="out">Visible</animation>
				<animation effect="fade" time="200" start="100" end="0">Hidden</animation>
				<control type="fixedlist" id="63">
					<viewtype label="31809">list</viewtype>
					<left>-45</left>
					<top>315</top>
					<height>922</height>
					<width>2850</width>
					<onleft>63</onleft>
					<onright>63</onright>
					<onup>9900</onup>
					<ondown>80</ondown>
					<orientation>horizontal</orientation>
					<focusposition>3</focusposition>
					<scrolltime>400</scrolltime>
					<preloaditems>2</preloaditems>
					<pagecontrol>80</pagecontrol>
					<camera x="2010" y="570" />
					<animation effect="rotatey" center="75" start="8" end="8" time="0" condition="true">Conditional</animation>
					<animation effect="slide" start="0,0" end="0,-12" time="300" tween="sine" easing="out" condition="Control.HasFocus(80)">Conditional</animation>
					<visible>![Container.Content(episodes) | Container.Content(years)]</visible>
					<itemlayout width="264" height="368" condition="Window.IsActive(videos) | Window.IsActive(videoplaylist) | Window.IsActive(programs)">
						<control type="group">
							<left>225</left>
							<top>0</top>
							<!-- Estojo reflexo -->
							<control type="image">
								<left>-3</left>
								<top>544</top>
								<width>42</width>
								<height>456</height>
								<texture>shelf_case_reflect.png</texture>
							</control>
							<!-- Estojo -->
							<control type="image">
								<left>-3</left>
								<top>200</top>
								<width>42</width>
								<height>355</height>
								<texture>shelf_case.png</texture>
								<aspectratio>stretch</aspectratio>
							</control>
							<!-- Borda reflexo -->
							<control type="image">
								<left>-225</left>
								<top>550</top>
								<width>244</width>
								<height>362</height>
								<texture flipy="true" diffuse="thumb_shelf_reflect.png">thumb_shelf_border.png</texture>
								<fadetime>200</fadetime>
								<aspectratio>stretch</aspectratio>
								<colordiffuse>30FFFFFF</colordiffuse>
							</control>
							<!-- Poster reflexo -->
							<control type="image">
								<left>-225</left>
								<top>552</top>
								<width>243</width>
								<height>362</height>
								<texture flipy="true" diffuse="thumb_shelf_reflect.png" fallback="DefaultVideoPoster.png" background="true">$VAR[poster]</texture>
								<fadetime>200</fadetime>
								<aspectratio>stretch</aspectratio>
							</control>
							<!-- Borda -->
							<control type="image">
								<left>-224</left>
								<top>196</top>
								<width>243</width>
								<height>362</height>
								<texture>thumb_shelf_diffuse.png</texture>
								<fadetime>200</fadetime>
								<aspectratio>stretch</aspectratio>
							</control>
							<!-- Poster -->
							<control type="image">
								<left>-224</left>
								<top>196</top>
								<width>243</width>
								<height>362</height>
								<texture diffuse="thumb_shelf_diffuse.png" fallback="DefaultVideoPoster.png" background="true">$VAR[poster]</texture>
								<fadetime>200</fadetime>
								<aspectratio>stretch</aspectratio>
							</control>
							<control type="image">
								<left>-42</left>
								<top>200</top>
								<width>60</width>
								<height>60</height>
								<texture colordiffuse="$INFO[skin.string(colorwatched)]">$VAR[watched_style]</texture>
								<visible>!Skin.HasSetting(nooverlays) + String.IsEqual(ListItem.Overlay,OverlayWatched.png)</visible>
							</control>
						</control>
					</itemlayout>
					<focusedlayout width="330" height="772" condition="Window.IsActive(videos) | Window.IsActive(videoplaylist) | Window.IsActive(programs)">
						<control type="group">
							<left>210</left>
							<top>0</top>
							<!-- Estojo reflexo -->
							<control type="image">
								<left>66</left>
								<top>568</top>
								<width>54</width>
								<height>495</height>
								<texture>shelf_case_reflect.png</texture>
								<aspectratio>stretch</aspectratio>
								<animation type="Focus" reversible="false">
									<effect type="zoom" center="90,357" start="80" end="100" time="600" tween="cubic" easing="out" />
								</animation>
							</control>
							<!-- Estojo -->
							<control type="image">
								<left>66</left>
								<top>138</top>
								<width>54</width>
								<height>441</height>
								<texture>shelf_case.png</texture>
								<aspectratio>stretch</aspectratio>
								<animation type="Focus" reversible="false">
									<effect type="zoom" center="90,357" start="80" end="100" time="600" tween="cubic" easing="out" />
								</animation>
							</control>
							<!-- Borda reflexo -->
							<control type="image">
								<left>-222</left>
								<top>574</top>
								<width>320</width>
								<height>450</height>
								<texture flipy="true" diffuse="thumb_shelf_reflect.png">thumb_shelf_border.png</texture>
								<fadetime>200</fadetime>
								<aspectratio>stretch</aspectratio>
								<colordiffuse>30FFFFFF</colordiffuse>
								<animation type="Focus" reversible="false">
									<effect type="zoom" center="90,357" start="80" end="100" time="600" tween="cubic" easing="out" />
								</animation>
							</control>
							<!-- Poster reflexo -->
							<control type="image">
								<left>-222</left>
								<top>576</top>
								<width>316</width>
								<height>450</height>
								<texture flipy="true" diffuse="thumb_shelf_reflect.png" fallback="DefaultVideoPoster.png" background="true">$VAR[poster]</texture>
								<fadetime>200</fadetime>
								<aspectratio>stretch</aspectratio>
								<animation type="Focus" reversible="false">
									<effect type="zoom" center="90,357" start="80" end="100" time="600" tween="cubic" easing="out" />
								</animation>
							</control>
							<!-- Borda -->
							<control type="image">
								<left>-222</left>
								<top>134</top>
								<width>316</width>
								<height>450</height>
								<texture>thumb_shelf_diffuse.png</texture>
								<fadetime>200</fadetime>
								<aspectratio scalediffuse="false">stretch</aspectratio>
								<animation type="Focus" reversible="false">
									<effect type="zoom" center="90,357" start="80" end="100" time="600" tween="cubic" easing="out" />
								</animation>
							</control>
							<!-- Poster  -->
							<control type="image">
								<left>-222</left>
								<top>134</top>
								<width>316</width>
								<height>450</height>
								<texture diffuse="thumb_shelf_diffuse.png" fallback="DefaultVideoPoster.png" background="true">$VAR[poster]</texture>
								<fadetime>200</fadetime>
								<aspectratio scalediffuse="false">stretch</aspectratio>
								<animation type="Focus" reversible="false">
									<effect type="zoom" center="90,357" start="80" end="100" time="600" tween="cubic" easing="out" />
								</animation>
							</control>
							<control type="image">
								<left>18</left>
								<top>136</top>
								<width>75</width>
								<height>75</height>
								<texture colordiffuse="$INFO[skin.string(colorwatched)]">$VAR[watched_style]</texture>
								<animation type="Focus" reversible="false">
									<effect type="zoom" center="90,357" start="80" end="100" time="600" tween="cubic" easing="out" />
								</animation>
								<visible>!Skin.HasSetting(nooverlays) + String.IsEqual(ListItem.Overlay,OverlayWatched.png)</visible>
							</control>
						</control>
					</focusedlayout>
					<itemlayout width="264" height="368" condition="Window.IsActive(musicplaylist) | Window.IsActive(music)">
						<control type="group">
							<left>225</left>
							<top>90</top>
							<control type="image">
								<left>-3</left>
								<top>200</top>
								<width>39</width>
								<height>240</height>
								<texture>shelf_case.png</texture>
								<aspectratio scalediffuse="false">stretch</aspectratio>
							</control>
							<control type="image">
								<left>-224</left>
								<top>196</top>
								<width>243</width>
								<height>243</height>
								<texture background="true">$VAR[poster]</texture>
								<fadetime>200</fadetime>
								<aspectratio scalediffuse="false">stretch</aspectratio>
							</control>
							<control type="image">
								<left>-225</left>
								<top>435</top>
								<width>243</width>
								<height>243</height>
								<texture flipy="true" background="true">$VAR[poster]</texture>
								<fadetime>200</fadetime>
								<colordiffuse>89FFFFFF</colordiffuse>
								<aspectratio scalediffuse="false">stretch</aspectratio>
								<visible>!Container.Content(Genres)</visible>
							</control>
						</control>
					</itemlayout>
					<focusedlayout width="330" height="772" condition="Window.IsActive(musicplaylist) | Window.IsActive(music)">
						<control type="group">
							<left>210</left>
							<top>90</top>
							<control type="image">
								<left>66</left>
								<top>140</top>
								<width>54</width>
								<height>309</height>
								<texture>shelf_case.png</texture>
								<aspectratio scalediffuse="false">stretch</aspectratio>
								<animation type="Focus" reversible="false">
									<effect type="zoom" center="90,357" start="80" end="100" time="600" tween="cubic" easing="out" />
									<effect type="fade" start="0" end="100" time="600" />
								</animation>
							</control>
							<control type="image">
								<left>-222</left>
								<top>135</top>
								<width>316</width>
								<height>316</height>
								<texture background="true">$VAR[poster]</texture>
								<fadetime>200</fadetime>
								<aspectratio scalediffuse="false">stretch</aspectratio>
								<animation type="Focus" reversible="false">
									<effect type="zoom" center="90,357" start="80" end="100" time="600" tween="cubic" easing="out" />
								</animation>
							</control>
							<control type="image">
								<left>-222</left>
								<top>447</top>
								<width>316</width>
								<height>316</height>
								<texture flipy="true" background="true">$VAR[poster]</texture>
								<fadetime>200</fadetime>
								<aspectratio scalediffuse="false">stretch</aspectratio>
								<animation type="Focus" reversible="false">
									<effect type="zoom" center="90,357" start="80" end="100" time="600" tween="cubic" easing="out" />
									<effect type="fade" start="0" end="70" time="600" />
								</animation>
							</control>
						</control>
					</focusedlayout>
				</control>
			</control>
			<control type="scrollbar" id="80">
				<include>ScrollBar_Horizontal</include>
				<left>458</left>
				<top>920</top>
				<width>1005</width>
				<onup>63</onup>
				<ondown>9920</ondown>
				<include>animation_fade</include>
				<visible allowhiddenfocus="true">Control.IsVisible(63) + Control.HasFocus(80)</visible>
			</control>
		</control>
	</include>
</includes>
