<?xml version="1.0" encoding="UTF-8"?>
<includes>
	<!-- KBK Multimedia Center -->
	<!-- VISTA FRAME - ID 73 -->
	<include name="ViewFrame">
		<!-- default group -->
		<control type="group">
			<animation effect="fade" time="400">VisibleChange</animation>
			<include>ViewBack</include>
			<visible>Control.IsVisible(73)</visible>
			<control type="group">
				<animation effect="slide" time="500" start="-1200,0" end="0,0" tween="cubic" easing="out">WindowOpen</animation>
				<animation effect="slide" time="500" start="-1200,0" end="0,0" tween="cubic" easing="out">Visible</animation>
				<animation effect="fade" time="200" start="100" end="0">Hidden</animation>
				<control type="fixedlist" id="73">
					<viewtype label="31823">icon</viewtype>
					<left>102</left>
					<top>187</top>
					<width>1705</width>
					<height>718</height>
					<onup>9900</onup>
					<ondown>80</ondown>
					<pagecontrol>80</pagecontrol>
					<preloaditems>2</preloaditems>
					<orientation>horizontal</orientation>
					<scrolltime tween="sine" easing="out">500</scrolltime>	
					<focusposition>1</focusposition>
					<movement>1</movement>
					<visible>Container.Content(tvshows) | Container.Content(seasons) | Container.Content(episodes)</visible>
					<itemlayout width="580" height="718">
						<control type="image">
							<left>0</left>
							<top>0</top>
							<width>536</width>
							<height>718</height>
							<texture flipy="true" diffuse="shadow_mask.png">$VAR[texture_base]</texture>
							<colordiffuse>$INFO[skin.string(colortexture)]</colordiffuse>
							<animation effect="fade" end="75" condition="true">Conditional</animation>
						</control>
						<control type="label">
							<left>14</left>
							<top>14</top>
							<width>510</width>
							<height>25</height>							
							<align>left</align>
							<aligny>center</aligny>
							<label>$INFO[ListItem.TVShowTitle]</label>
							<font>font_list</font>
							<textcolor>80F8F8F8</textcolor>
							<scroll>false</scroll>								
						</control>
						<control type="image">
							<left>14</left>
							<top>50</top>
							<width>510</width>
							<height>287</height>
							<aspectratio>keep</aspectratio>
							<texture background="true">$VAR[thumb]</texture>							
							<animation effect="fade" start="100" end="70" time="400" condition="System.IdleTime(1)">Conditional</animation>
						</control>
						<control type="image">
							<left>20</left>
							<top>285</top>
							<width>38</width>
							<height>38</height>
							<texture colordiffuse="$INFO[skin.string(colorwatched)]">$VAR[watched_style]</texture>
							<visible>!Skin.HasSetting(nooverlays) + String.IsEqual(ListItem.Overlay,OverlayWatched.png)</visible>
						</control>
						<control type="label">
							<left>14</left>
							<top>345</top>
							<width>510</width>
							<height>30</height>							
							<align>left</align>
							<aligny>center</aligny>
							<label>$VAR[viewframetag]</label>
							<font>font_subtitle</font>
							<textcolor>80F8F8F8</textcolor>
							<scroll>false</scroll>							
						</control>
						<control type="image">
							<left>14</left>
							<top>379</top>
							<width>510</width>
							<height>3</height>
							<align>left</align>
							<texture flipx="true">divider.png</texture>
						</control>
						<control type="textbox">
							<left>14</left>
							<top>389</top>
							<width>510</width>
							<height>311</height>
							<label>$VAR[plot]</label>
							<font>font_plot</font>
							<textcolor>80F8F8F8</textcolor>								
						</control>
					</itemlayout>
					<focusedlayout width="580" height="718">
						<control type="image">
							<left>0</left>
							<top>0</top>
							<width>536</width>
							<height>718</height>
							<texture flipy="true" diffuse="shadow_mask.png">$VAR[texture_base]</texture>
							<colordiffuse>$INFO[skin.string(colortexture)]</colordiffuse>
							<animation effect="fade" end="75" condition="true">Conditional</animation>
						</control>
						<control type="image">
							<left>0</left>
							<top>0</top>
							<width>536</width>
							<height>718</height>
							<texture flipy="true" diffuse="shadow_mask.png">frame_highlight.png</texture>
							<colordiffuse>$INFO[skin.string(colorheader)]</colordiffuse>
							<animation effect="fade" start="0" end="100" time="400" condition="true">Focus</animation>
						</control>
						<control type="label">
							<left>14</left>
							<top>14</top>
							<width>510</width>
							<height>25</height>							
							<align>left</align>
							<aligny>center</aligny>
							<label>$INFO[ListItem.TVShowTitle]</label>
							<font>font_list</font>
						</control>
						<control type="image">
							<left>14</left>
							<top>50</top>
							<width>510</width>
							<height>287</height>
							<aspectratio>keep</aspectratio>
							<texture background="true">$VAR[thumb]</texture>
						</control>
						<control type="image">
							<left>20</left>
							<top>285</top>
							<width>38</width>
							<height>38</height>
							<texture colordiffuse="$INFO[skin.string(colorwatched)]">$VAR[watched_style]</texture>
							<visible>!Skin.HasSetting(nooverlays) + String.IsEqual(ListItem.Overlay,OverlayWatched.png)</visible>
						</control>
						<control type="label">
							<left>14</left>
							<top>345</top>
							<width>510</width>
							<height>30</height>							
							<align>left</align>
							<aligny>center</aligny>
							<label>$VAR[viewframetag]</label>
							<font>font_subtitle</font>
							<textcolor>$INFO[skin.string(colorheader)]</textcolor>						
						</control>
						<control type="image">
							<left>14</left>
							<top>379</top>
							<width>510</width>
							<height>3</height>
							<align>left</align>
							<texture flipx="true">divider.png</texture>
						</control>
						<control type="textbox">
							<left>14</left>
							<top>389</top>
							<width>510</width>
							<height>311</height>
							<label>$VAR[plot]</label>
							<font>font_plot</font>
							<autoscroll delay="8000" time="2000" repeat="8000">!Skin.HasSetting(noallowscroll)</autoscroll>
						</control>
					</focusedlayout>
				</control>
			</control>
			<!-- Scroll Bar -->
			<control type="scrollbar" id="80">
				<include>ScrollBar_Horizontal</include>
				<left>285</left>
				<top>900</top>
				<width>1350</width>
				<onup>73</onup>
				<ondown>9920</ondown>
				<include>animation_fade</include>
				<visible allowhiddenfocus="true">Control.IsVisible(73) + Control.HasFocus(80)</visible>
			</control>
		</control>
	</include>
</includes>