<?xml version="1.0" encoding="UTF-8"?>
<includes>
	<!-- KBK Multimedia Center -->
	<!-- VISTA RIGHT LIST TV - ID 50 -->
	<include name="ViewRightListTV">
		<!-- default group -->
		<control type="group">
			<animation effect="fade" time="400">VisibleChange</animation>
			<visible>Control.IsVisible(50)</visible>
			<control type="button" id="9915">
				<include>invisible</include>
				<onup>50</onup>
				<ondown>50</ondown>
				<onleft>50</onleft>
				<onright>9920</onright>
			</control>
			<!-- Mobilia -->
			<control type="group">
				<animation effect="slide" time="400" start="0,0" end="0,600" easing="in" tween="cubic" condition="Player.HasMedia + System.IdleTime(8) | Control.HasFocus(9920)">Conditional</animation>
				<control type="group">
					<animation effect="slide" time="500" start="0,600" end="0,0" tween="cubic" easing="out">WindowOpen</animation>
					<animation effect="slide" time="500" start="0,600" end="0,0" tween="cubic" easing="out">Visible</animation>
					<animation effect="fade" time="200" start="100" end="0">Hidden</animation>
					<control type="image">
						<left>0</left>
						<top>510</top>
						<width>1920</width>
						<height>315</height>
						<texture>gradient_small.png</texture>
						<colordiffuse>E9FFFFFF</colordiffuse>
						<include>animation_fade</include>
					</control>
					<control type="image">
						<left>0</left>
						<top>782</top>
						<width>1928</width>
						<height>45</height>
						<texture>shadow_h.png</texture>
						<colordiffuse>C3FFFFFF</colordiffuse>
						<include>animation_fade</include>
					</control>
					<control type="image">
						<left>0</left>
						<top>825</top>
						<width>1920</width>
						<height>150</height>
						<texture flipy="true" diffuse="shadow_mask.png">$VAR[texture_base]</texture>
						<colordiffuse>$INFO[skin.string(colortexture)]</colordiffuse>
						<animation effect="fade" end="85" condition="true">Conditional</animation>
					</control>
					<control type="image">
						<left>406</left>
						<top>825</top>
						<width>45</width>
						<height>150</height>
						<texture flipx="true" diffuse="details_back.png">shadow.png</texture>
						<colordiffuse>C3FFFFFF</colordiffuse>
					</control>
					<control type="image">
						<left>450</left>
						<top>825</top>
						<width>600</width>
						<height>38</height>
						<texture flipx="true" diffuse="shadow_mask_v.png">$VAR[texture_base]</texture>
						<colordiffuse>$INFO[skin.string(colortexture)]</colordiffuse>
					</control>
					<!-- Incio e fim -->
					<control type="label">
						<left>480</left>
						<top>826</top>
						<width>300</width>
						<height>38</height>
						<font>font_plot</font>
						<label>$INFO[ListItem.StartTime]$INFO[ListItem.EndTime, / ]</label>
					</control>
					<!-- Barra de cache -->
					<control type="progress">
						<left>800</left>
						<top>839</top>
						<width>250</width>
						<height>8</height>
						<info>Player.ProgressCache</info>
						<midtexture>progress_mid.png</midtexture>
						<colordiffuse>$INFO[skin.string(colorheader)]</colordiffuse>
						<animation effect="fade" reversible="true" time="300">VisibleChange</animation>
						<visible>ListItem.HasEpg</visible>
					</control>
					<!-- Barra de progresso -->
					<control type="progress">
						<left>800</left>
						<top>839</top>
						<width>250</width>
						<height>8</height>
						<info>ListItem.Progress</info>
						<animation effect="fade" reversible="true" time="300">VisibleChange</animation>
						<visible>ListItem.HasEpg</visible>
					</control>
					<!-- Painel de info -->
					<control type="grouplist">
						<left>480</left>
						<top>870</top>
						<orientation>vertical</orientation>
						<itemgap>0</itemgap>
						<visible>!String.IsEqual(ListItem.Label,..)</visible>
						<control type="label">
							<include>RightListLabel</include>
							<label>$LOCALIZE[515]: [COLOR=$INFO[skin.string(colortext)]]$INFO[ListItem.Genre][/COLOR]</label>
							<visible>!String.IsEmpty(ListItem.Genre)</visible>
						</control>
					</control>
					<control type="image">
						<left>1080</left>
						<top>832</top>
						<width>1</width>
						<height>135</height>
						<texture>line_v.png</texture>
					</control>
					<control type="textbox">
						<left>1380</left>
						<top>30</top>
						<width>510</width>
						<height>744</height>
						<font>font_plot</font>
						<label>$INFO[ListItem.Plot]</label>
						<autoscroll delay="30000" time="3000" repeat="30000">!Skin.HasSetting(noallowscroll)</autoscroll>
						<animation effect="slide" time="600" start="600,0" end="0,0" tween="cubic" easing="inout">Visible</animation>
						<animation effect="slide" time="400" start="0,0" end="600,0" tween="cubic" easing="inout">Hidden</animation>
						<visible>Control.HasFocus(9915)</visible>
					</control>
					<!-- Miniaturas -->
					<control type="group">
						<left>45</left>
						<top>300</top>
						<visible>Control.IsVisible(50)</visible>
						<animation effect="slide" time="1000" start="-600,0" end="0,0" tween="cubic" easing="out">WindowOpen</animation>
						<animation effect="slide" time="1000" start="-600,0" end="0,0" tween="cubic" easing="out">Visible</animation>
						<animation effect="fade" time="400" start="100" end="0">Hidden</animation>
						<!-- Reflexo -->
						<control type="image">
							<left>-8</left>
							<top>628</top>
							<width>368</width>
							<height>525</height>
							<fadetime>commonfadetime</fadetime>
							<aspectratio align="center" aligny="top">keep</aspectratio>
							<texture flipy="true" diffuse="thumb_reflect.png" fallback="DefaultTV.png" background="true">$INFO[Container(50).ListItem.Icon]</texture>
						</control>
						<!-- Icone -->
						<control type="image">
							<left>-8</left>
							<top>98</top>
							<width>368</width>
							<height>525</height>
							<fadetime>commonfadetime</fadetime>
							<aspectratio align="center" aligny="bottom">keep</aspectratio>
							<texture fallback="DefaultTV.png" background="true">$INFO[Container(50).ListItem.Icon]</texture>
						</control>
					</control>
					<control type="textbox">
						<left>1110</left>
						<top>832</top>
						<width>780</width>
						<height>134</height>
						<font>font_plot</font>
						<label>$INFO[ListItem.Plot]</label>
						<autoscroll delay="8000" time="2000" repeat="8000">!Skin.HasSetting(noallowscroll)</autoscroll>
						<include>animation_fade</include>
						<animation effect="slide" start="0,0" end="14,0" time="200" condition="Control.HasFocus(80)">Conditional</animation>
						<visible>!Control.HasFocus(9915)</visible>
					</control>
					<!-- Controle Plot -->
					<control type="label" id="5001">
						<include>invisible</include>
						<label>$INFO[ListItem.Plot]</label>
					</control>
					<!-- Controle Tag -->
					<control type="label" id="5002">
						<include>invisible</include>
						<label>$INFO[ListItem.Title]</label>
					</control>
				</control>
			</control>
			<!-- Grupo da lista -->
			<control type="group">
				<animation effect="slide" time="400" start="0,0" end="1000,0" easing="in" tween="cubic" condition="Player.HasMedia + System.IdleTime(8) | Control.HasFocus(9920)">Conditional</animation>
				<control type="image">
					<left>900</left>
					<top>-105</top>
					<width>1020</width>
					<height>930</height>
					<texture diffuse="shadow_mask_v.png">$VAR[texture_base]</texture>
					<colordiffuse>$INFO[skin.string(colortexture)]</colordiffuse>
					<animation effect="fade" end="75" condition="true">Conditional</animation>
				</control>
				<control type="fixedlist" id="50">
					<viewtype label="31822">list</viewtype>
					<left>900</left>
					<top>30</top>
					<width>1020</width>
					<height>725</height>
					<pagecontrol>80</pagecontrol>
					<onleft>9900</onleft>
					<onright>80</onright>
					<focusposition>1</focusposition>
					<orientation>vertical</orientation>
					<scrolltime>450</scrolltime>
					<preloaditems>2</preloaditems>
					<animation effect="slide" start="0,0" end="900,0" time="600" easing="inout" tween="cubic" condition="Control.HasFocus(9915)">Conditional</animation>
					<animation effect="slide" start="0,0" end="-45,0" time="200" easing="inout" tween="cubic" condition="Control.HasFocus(80)">Conditional</animation>
					<itemlayout height="45">
						<control type="image">
							<left>0</left>
							<top>0</top>
							<width>1020</width>
							<height>1</height>
							<texture diffuse="shadow_mask_v.png">line.png</texture>
						</control>
						<control type="label">
							<left>158</left>
							<top>1</top>
							<width>810</width>
							<height>45</height>
							<font>font_list</font>
							<align>right</align>
							<aligny>center</aligny>
							<include>listcolor</include>
							<label>$INFO[ListItem.Label][B]$INFO[ListItem.ChannelNumberLabel, - ][/B]</label>
							<scroll>false</scroll>
						</control>
					</itemlayout>
					<focusedlayout condition="String.IsEmpty(Control.GetLabel(5002))" height="45">
						<control type="image">
							<left>0</left>
							<top>0</top>
							<width>1030</width>
							<height>45</height>
							<texture diffuse="shadow_mask_v.png">grey.png</texture>
							<animation effect="fade" start="100" end="50" time="0" condition="!Control.Hasfocus(50)">conditional</animation>
						</control>
						<control type="label">
							<left>158</left>
							<top>0</top>
							<width>810</width>
							<height>45</height>
							<font>font_list</font>
							<align>right</align>
							<aligny>center</aligny>
							<include>listcolorfocus</include>
							<label>$INFO[ListItem.Label][B]$INFO[ListItem.ChannelNumberLabel, - ][/B]</label>
						</control>
					</focusedlayout>
					<focusedlayout condition="!String.IsEmpty(Control.GetLabel(5002))" height="75">
						<control type="image">
							<left>75</left>
							<top>0</top>
							<width>945</width>
							<height>75</height>
							<texture diffuse="shadow_mask_v.png">grey.png</texture>
						</control>
						<control type="label">
							<left>158</left>
							<top>0</top>
							<width>810</width>
							<height>45</height>
							<font>font_list</font>
							<align>right</align>
							<aligny>center</aligny>
							<include>listcolorfocus</include>
							<label>$INFO[ListItem.Label][B]$INFO[ListItem.ChannelNumberLabel, - ][/B]</label>
						</control>
						<control type="label">
							<left>158</left>
							<top>43</top>
							<width>810</width>
							<height>24</height>
							<font>font_plot</font>
							<align>right</align>
							<aligny>center</aligny>
							<include>subcolorfocus</include>
							<label>$INFO[ListItem.Title]</label>
							<visible>!String.IsEqual(ListItem.Label,..)</visible>
						</control>
					</focusedlayout>
				</control>
				<!-- Controles -->
				<control type="group">
					<animation effect="slide" time="400" start="0,0" end="0,600" easing="in" tween="cubic" condition="Player.HasMedia + System.IdleTime(8) | Control.HasFocus(9920)">Conditional</animation>
					<visible>Player.HasMedia</visible>
					<animation effect="slide" start="1920,0" end="0,0" time="500" delay="1000" tween="sine" easing="out">WindowOpen</animation>
					<animation effect="slide" start="1920,0" end="0,0" time="500" delay="1000" tween="sine" easing="out">Visible</animation>
					<animation effect="slide" start="0,0" end="1920,0" time="500" delay="1000" tween="sine" easing="out">Hidden</animation>
					<control type="list" id="600">
						<left>1560</left>
						<top>750</top>
						<height>300</height>
						<width>600</width>
						<ondown>50</ondown>
						<onup>50</onup>
						<onleft>600</onleft>
						<onright>600</onright>
						<viewtype>list</viewtype>
						<align>right</align>
						<orientation>horizontal</orientation>
						<scrolltime>200</scrolltime>
						<focusposition>0</focusposition>
						<itemlayout width="46" height="60">
							<control type="image">
								<top>33</top>
								<width>36</width>
								<height>36</height>
								<info>ListItem.Icon</info>
								<colordiffuse>50FFFAF0</colordiffuse>
								<include>animation_fade</include>
							</control>
						</itemlayout>
						<focusedlayout width="46" height="60">
							<control type="image">
								<top>33</top>
								<width>36</width>
								<height>36</height>
								<info>ListItem.Icon</info>
								<colordiffuse>50FFFAF0</colordiffuse>
								<include>animation_fade</include>
								<visible>!Control.HasFocus(600)</visible>
							</control>
							<control type="image">
								<top>33</top>
								<width>36</width>
								<height>36</height>
								<info>ListItem.Icon</info>
								<colordiffuse>FFF8F8F8</colordiffuse>
								<include>animation_fade</include>
								<visible>Control.HasFocus(600)</visible>
							</control>
						</focusedlayout>
						<content>
							<item id="2">
								<!-- pause -->
								<label></label>
								<icon>osd_menu_pause_square.png</icon>
								<onclick>PlayerControl(Play)</onclick>
								<visible>!Player.Paused</visible>
							</item>
							<item id="3">
								<!-- play -->
								<label></label>
								<icon>osd_menu_play_square.png</icon>
								<onclick>PlayerControl(Play)</onclick>
								<visible>Player.Paused</visible>
							</item>
							<item id="5">
								<!-- stop -->
								<label></label>
								<icon>osd_menu_stop_square.png</icon>
								<onclick>PlayerControl(Stop)</onclick>
							</item>
							<item id="6">
								<!-- skipbwd -->
								<label></label>
								<icon>osd_menu_skipbwd_square.png</icon>
								<onclick>PlayerControl(Previous)</onclick>
								<visible>!VideoPlayer.Content(LiveTV)</visible>
							</item>
							<item id="6">
								<!-- - canal -->
								<label></label>
								<icon>osd_menu_skipbwd_channeldown.png</icon>
								<onclick>ChannelDown</onclick>
								<visible>VideoPlayer.Content(LiveTV)</visible>
							</item>
							<item id="7">
								<!-- rew -->
								<label></label>
								<icon>osd_menu_rew_square.png</icon>
								<onclick>PlayerControl(Rewind)</onclick>
							</item>
							<item id="8">
								<!-- ff -->
								<label></label>
								<icon>osd_menu_ff_square.png</icon>
								<onclick>PlayerControl(Forward)</onclick>
							</item>
							<item id="9">
								<!-- skipfwd -->
								<label></label>
								<icon>osd_menu_skipfwd_square.png</icon>
								<onclick>PlayerControl(Next)</onclick>
								<visible>!VideoPlayer.Content(LiveTV)</visible>
							</item>
							<item id="9">
								<!-- + canal -->
								<label></label>
								<icon>osd_menu_skipfwd_channelup.png</icon>
								<onclick>ChannelUp</onclick>
								<visible>VideoPlayer.Content(LiveTV)</visible>
							</item>
							<item id="12">
								<!-- go to fullscreen -->
								<label></label>
								<icon>osd_menu_fullscreen_square.png</icon>
								<onclick>fullscreen</onclick>
							</item>
						</content>
					</control>
				</control>
				<control type="scrollbar" id="80">
					<include>ScrollBar_Vertical</include>
					<left>1875</left>
					<top>30</top>
					<height>750</height>
					<onleft>50</onleft>
					<onright condition="!Player.HasMedia">9920</onright>
					<onright condition="Player.HasMedia">600</onright>
					<include>animation_fade</include>
					<visible allowhiddenfocus="true">Control.IsVisible(50) + Control.HasFocus(80)</visible>
				</control>
			</control>
		</control>
	</include>
</includes>
