<?xml version="1.0" encoding="UTF-8"?>
<includes>
	<!-- KBK Multimedia Center -->
	<!-- VISTA SETS - ID 65 -->
	<include name="SetsLabel">
		<width>423</width>
		<height>20</height>
		<aligny>top</aligny>
		<align>left</align>
		<font>font_plot</font>
		<textcolor>$INFO[skin.string(colorheader)]</textcolor>
	</include>
	<include name="SetsValue">
		<width>423</width>
		<height>20</height>
		<aligny>top</aligny>
		<align>left</align>
		<font>font_plot</font>
		<textcolor>$INFO[skin.string(colortext)]</textcolor>
		<scroll>true</scroll>
	</include>
	<include name="ViewSets">
		<!-- default group -->
		<control type="group">
			<animation effect="fade" time="400">VisibleChange</animation>
			<visible>Control.IsVisible(65)</visible>
			<!-- fundo da parte de baixo -->
			<control type="image">
				<left>0</left>
				<top>210</top>
				<width>1920</width>
				<height>225</height>
				<texture>shadow_mask.png</texture>
				<colordiffuse>F9000000</colordiffuse>
				<animation effect="fade" end="85" condition="true">Conditional</animation>
			</control>
			<!-- fundo da lista -->
			<control type="image">
				<left>1350</left>
				<top>435</top>
				<width>570</width>
				<height>543</height>
				<texture flipy="true" diffuse="shadow_mask.png">$VAR[texture_base]</texture>
				<colordiffuse>$INFO[skin.string(colortexture)]</colordiffuse>
				<animation effect="fade" end="85" condition="true">Conditional</animation>
			</control>
			<control type="image">
				<left>0</left>
				<top>392</top>
				<width>1920</width>
				<height>45</height>
				<texture>shadow_h.png</texture>
				<colordiffuse>C3FFFFFF</colordiffuse>
			</control>
			<control type="image">
				<left>0</left>
				<top>435</top>
				<width>1350</width>
				<height>543</height>
				<texture flipy="true" diffuse="shadow_mask.png">$VAR[texture_base]</texture>
				<colordiffuse>$INFO[skin.string(colortexture)]</colordiffuse>
				<animation effect="fade" end="85" condition="true">Conditional</animation>
			</control>
			<control type="group">
				<visible>!String.IsEqual(ListItem.Label,..)</visible>
				<control type="label">
					<include>SetsLabel</include>
					<left>45</left>
					<top>464</top>
					<label>$VAR[ground6_label]</label>
					<visible>!Control.HasFocus(5801)</visible>
				</control>
				<control type="label">
					<include>SetsLabel</include>
					<left>45</left>
					<top>464</top>
					<label>345</label>
					<visible>Control.HasFocus(5801)</visible>
				</control>
				<control type="label">
					<include>SetsValue</include>
					<left>45</left>
					<top>494</top>
					<label>$VAR[ground6_value]</label>
					<visible>!Control.HasFocus(5801)</visible>
				</control>
				<control type="label">
					<include>SetsValue</include>
					<left>45</left>
					<top>494</top>
					<label>$INFO[Container(5801).ListItem.Property(Year)]</label>
					<visible>Control.HasFocus(5801)</visible>
				</control>
				<control type="label">
					<include>SetsLabel</include>
					<left>45</left>
					<top>538</top>
					<label>$LOCALIZE[21875]</label>
				</control>
				<control type="label">
					<include>SetsValue</include>
					<left>45</left>
					<top>568</top>
					<label>$INFO[Window(home).Property(SkinHelper.ListItem.Country)]</label>
				</control>
				<control type="label">
					<include>SetsLabel</include>
					<left>528</left>
					<top>464</top>
					<label>$LOCALIZE[515]</label>
				</control>
				<control type="label">
					<include>SetsValue</include>
					<left>528</left>
					<top>494</top>
					<label>$INFO[Window(home).Property(SkinHelper.ListItem.Genre)]</label>
				</control>
				<control type="label">
					<include>SetsLabel</include>
					<left>528</left>
					<top>538</top>
					<label>$LOCALIZE[20388]</label>
				</control>
				<control type="label">
					<include>SetsValue</include>
					<left>528</left>
					<top>568</top>
					<label>$INFO[Window(home).Property(SkinHelper.ListItem.Studio)]</label>
				</control>
			</control>
			<control type="image">
				<left>498</left>
				<top>436</top>
				<width>3</width>
				<height>188</height>
				<texture>separator_v.png</texture>
			</control>
			<control type="image">
				<left>0</left>
				<top>622</top>
				<width>1000</width>
				<height>3</height>
				<texture>separator.png</texture>
			</control>
			<!-- Plot -->
			<control type="textbox">
				<left>45</left>
				<top>652</top>
				<width>909</width>
				<height>294</height>
				<align>justify</align>
				<font>font_plot</font>
				<label>$VAR[plotmoviesets]</label>
				<autoscroll delay="8000" time="2000" repeat="8000">!Skin.HasSetting(noinfoplotscroll)</autoscroll>
			</control>
			<!-- Fanart -->
			<control type="image">
				<left>1020</left>
				<top>452</top>
				<height>510</height>
				<width>844</width>
				<fadetime>commonfadetime</fadetime>
				<aspectratio align="left">keep</aspectratio>
				<texture fallback="DefaultExtraThumbs.png" background="true">$VAR[thumbmoviesets]</texture>
				<bordertexture border="-2">black.png</bordertexture>
				<animation effect="fade" start="0" end="100" time="350" tween="sine" easing="out" condition="true">Visible</animation>
				<visible>Control.HasFocus(5801)</visible>
			</control>
			<control type="group">
				<animation effect="slide" start="0,0" end="1050,0" time="250" tween="sine" easing="out" condition="Control.HasFocus(5801)">Conditional</animation>
				<!-- VIDEO SEM ESTOJO -->
				<control type="group">
					<left>1005</left>
					<top>440</top>
					<include>animation_fade</include>
					<visible>Skin.HasSetting(nosetsvideocase)</visible>
					<!-- Filmes/Fotos/Arquivos -->
					<control type="image">
						<left>0</left>
						<top>0</top>
						<width>345</width>
						<height>536</height>
						<fadetime>commonfadetime</fadetime>
						<aspectratio align="right" aligny="bottom">stretch</aspectratio>
						<texture fallback="DefaultVideoPoster.png" background="true">$VAR[poster]</texture>
						<bordertexture border="-2">black.png</bordertexture>
					</control>
				</control>
				<!-- FILMES ESTOJO -->
				<control type="group">
					<left>1028</left>
					<top>428</top>
					<include>animation_fade</include>
					<animation effect="slide" start="0,0" end="-12,0" time="250" tween="cubic" easing="out" condition="Control.HasFocus(80)">Conditional</animation>
					<visible>!Skin.HasSetting(nosetsvideocase)</visible>
					<!-- poster -->
					<control type="image">
						<left>-4</left>
						<top>74</top>
						<width>303</width>
						<height>446</height>
						<aspectratio align="right" aligny="bottom">stretch</aspectratio>
						<texture fallback="DefaultVideoPoster.png" background="true">$VAR[poster]</texture>
						<fadetime>commonfadetime</fadetime>
					</control>
					<!-- estojo -->
					<include content="views_videocase">	
						<param name="left" value="-33" />
						<param name="top" value="0" />
						<param name="width" value="375" />
						<param name="height" value="566" />
						<param name="aligny" value="bottom" />
						<param name="flipy" value="false" />
						<param name="diffuse" value="" />
						<param name="item" value="0" />
					</include>
					<!-- codec -->
					<control type="image">
						<left>104</left>
						<top>6</top>
						<width>90</width>
						<height>90</height>
						<fadetime>commonfadetime</fadetime>
						<aspectratio align="center" aligny="center">keep</aspectratio>
						<texture colordiffuse="$INFO[skin.string(colorcodeccase)]">$VAR[videocodec0]</texture>						
					</control>
				</control>
				<control type="list" id="65">
					<viewtype label="31820">list</viewtype>
					<left>1350</left>
					<top>436</top>
					<width>570</width>
					<height>540</height>
					<onleft>80</onleft>
					<onright>5801</onright>
					<orientation>vertical</orientation>
					<pagecontrol>80</pagecontrol>
					<scrolltime>400</scrolltime>
					<preloaditems>2</preloaditems>
					<visible>Container.Content(movies) | Container.Content(sets)</visible>
					<itemlayout height="60">
						<control type="image">
							<left>0</left>
							<top>0</top>
							<width>570</width>
							<height>1</height>
							<texture>line.png</texture>
						</control>
						<control type="label">
							<left>30</left>
							<top>0</top>
							<height>60</height>
							<width>510</width>
							<aligny>center</aligny>
							<label>$VAR[videotitle]</label>
							<font>font_list</font>
							<include>listcolor</include>
							<scroll>false</scroll>
						</control>
					</itemlayout>
					<focusedlayout height="60">
						<control type="image">
							<left>0</left>
							<top>0</top>
							<width>570</width>
							<height>60</height>
							<texture>grey.png</texture>
							<animation effect="fade" start="100" end="30" time="0" condition="!Control.Hasfocus(65)">conditional</animation>
						</control>
						<control type="image">
							<left>540</left>
							<top>0</top>
							<width>30</width>
							<height>60</height>
							<texture>arrow_settings.png</texture>
							<colordiffuse>E0101010</colordiffuse>
							<include>animation_fade</include>
							<animation effect="fade" start="20" end="80" time="700" condition="true" pulse="true">Conditional</animation>
							<visible>ListItem.IsCollection</visible>
						</control>
						<control type="label">
							<left>30</left>
							<top>0</top>
							<height>60</height>
							<width>495</width>
							<aligny>center</aligny>
							<label>$VAR[videotitle]</label>
							<font>font_list</font>
							<include>listcolorfocus</include>
						</control>
					</focusedlayout>
				</control>
				<control type="image">
					<left>1350</left>
					<top>435</top>
					<width>45</width>
					<height>543</height>
					<texture>shadow.png</texture>
					<colordiffuse>C3FFFFFF</colordiffuse>
				</control>
				<control type="image">
					<left>1350</left>
					<top>436</top>
					<width>3</width>
					<height>540</height>
					<texture>separator_v.png</texture>
				</control>
			</control>
			<control type="image">
				<left>1000</left>
				<top>436</top>
				<width>3</width>
				<height>540</height>
				<texture>separator_v.png</texture>
			</control>
			<control type="scrollbar" id="80">
				<include>ScrollBar_Vertical</include>
				<left>1312</left>
				<top>440</top>
				<height>540</height>
				<onleft>9900</onleft>
				<onright>65</onright>
				<include>animation_fade</include>
				<visible allowhiddenfocus="true">Control.IsVisible(65) + Control.HasFocus(80)</visible>
			</control>
			<!-- Movies in Set -->
			<control type="list" id="5801">
				<viewtype>list</viewtype>
				<left>45</left>
				<top>112</top>
				<width>1845</width>
				<height>555</height>
				<onup>Skin.Reset(coverzoom)</onup>
				<onup>SetFocus(160)</onup>
				<onup>Skin.SetBool(moviezoom)</onup>
				<ondown>65</ondown>
				<orientation>horizontal</orientation>
				<scrolltime>350</scrolltime>
				<focusposition>3</focusposition>
				<preloaditems>2</preloaditems>
				<itemlayout condition="String.IsEqual(skin.string(videodiscart),disable)" height="330" width="273">
					<!-- Sem disco -->
					<control type="image">
						<left>0</left>
						<top>279</top>
						<width>188</width>
						<height>270</height>
						<aspectratio align="center" aligny="top">keep</aspectratio>
						<texture flipy="true" diffuse="thumb_reflect.png" background="true">$INFO[ListItem.Icon]</texture>
						<bordertexture flipy="true" diffuse="thumb_reflect.png" border="-2">black.png</bordertexture>
					</control>
					<control type="image">
						<left>0</left>
						<top>8</top>
						<width>188</width>
						<height>270</height>
						<aspectratio align="center" aligny="bottom">keep</aspectratio>
						<texture fallback="DefaultVideoPoster.png" background="true">$INFO[ListItem.Icon]</texture>
						<bordertexture border="-2">black.png</bordertexture>
					</control>
				</itemlayout>
				<itemlayout condition="!Skin.SetString(videodiscart,disable)" height="330" width="312">
					<!-- Com disco -->
					<include content="mediainfo_disc">	
						<param name="left" value="0" />
						<param name="top" value="15" />
						<param name="size" value="186" />
						<param name="slidedisc1" value="88" />
						<param name="slidedisc2" value="0" />
						<param name="slidecolumn" value="0" />
						<param name="slidecolumncondition" value="false" />
						<param name="disclayout" value="$VAR[videodisc_layout]" />
						<param name="discart" value="$INFO[ListItem.Property(Disc)]" />
						<param name="hiddenfade" value="100" />
						<param name="visible" value="System.IdleTime(1) + [String.IsEqual(skin.string(videodiscart),always) | String.IsEqual(skin.string(videodiscart),ifavailable) + !String.IsEmpty(ListItem.Property(Disc))]" />
					</include>
					<control type="image">
						<left>0</left>
						<top>279</top>
						<width>188</width>
						<height>270</height>
						<aspectratio align="center" aligny="top">keep</aspectratio>
						<texture flipy="true" diffuse="thumb_reflect.png" fallback="DefaultVideoPoster.png" background="true">$INFO[ListItem.Icon]</texture>
						<bordertexture flipy="true" diffuse="thumb_reflect.png" border="-2">black.png</bordertexture>
					</control>
					<control type="image">
						<left>0</left>
						<top>8</top>
						<width>188</width>
						<height>270</height>
						<aspectratio align="center" aligny="bottom">keep</aspectratio>
						<texture fallback="DefaultVideoPoster.png" background="true">$INFO[ListItem.Icon]</texture>
						<bordertexture border="-2">black.png</bordertexture>
					</control>
				</itemlayout>
				<focusedlayout condition="String.IsEqual(skin.string(videodiscart),disable)" height="330" width="273">
					<!-- Sem disco -->
					<control type="image">
						<left>0</left>
						<top>280</top>
						<width>188</width>
						<height>270</height>
						<aspectratio align="center" aligny="top">keep</aspectratio>
						<texture flipy="true" diffuse="thumb_reflect.png" background="true">$INFO[ListItem.Icon]</texture>
						<bordertexture flipy="true" diffuse="thumb_reflect.png" border="-2">grey.png</bordertexture>
						<animation effect="zoom" start="100" end="115" center="188,270" time="400" easing="out" reversible="false" tween="cubic">Focus</animation>
					</control>
					<control type="image">
						<left>0</left>
						<top>3</top>
						<width>188</width>
						<height>270</height>
						<aspectratio align="center" aligny="bottom">keep</aspectratio>
						<texture fallback="DefaultVideoPoster.png" background="true">$INFO[ListItem.Icon]</texture>
						<bordertexture border="-2">grey.png</bordertexture>
						<animation effect="zoom" start="100" end="115" center="188,270" time="400" easing="out" reversible="false" tween="cubic">Focus</animation>
					</control>
				</focusedlayout>
				<focusedlayout condition="!String.IsEqual(skin.string(videodiscart),disable)" height="330" width="312">
					<!-- Com disco -->
					<control type="group">
						<animation effect="zoom" start="100" end="115" center="188,270" time="400" easing="out" reversible="false" tween="cubic">Focus</animation>
						<include content="mediainfo_disc">	
							<param name="left" value="0" />
							<param name="top" value="15" />
							<param name="size" value="186" />
							<param name="slidedisc1" value="88" />
							<param name="slidedisc2" value="0" />
							<param name="slidecolumn" value="0" />
							<param name="slidecolumncondition" value="false" />
							<param name="disclayout" value="$VAR[videodisc_layout]" />
							<param name="discart" value="$INFO[ListItem.Property(Disc)]" />
							<param name="hiddenfade" value="100" />
							<param name="visible" value="System.IdleTime(1) + [String.IsEqual(skin.string(videodiscart),always) | String.IsEqual(skin.string(videodiscart),ifavailable) + !String.IsEmpty(ListItem.Property(Disc))]" />
						</include>
						<control type="image">
							<left>0</left>
							<top>280</top>
							<width>188</width>
							<height>270</height>
							<aspectratio align="center" aligny="top">keep</aspectratio>
							<texture flipy="true" diffuse="thumb_reflect.png" fallback="DefaultVideoPoster.png" background="true">$INFO[ListItem.Icon]</texture>
							<bordertexture flipy="true" diffuse="thumb_reflect.png" border="-2">black.png</bordertexture>
						</control>
						<control type="image">
							<left>0</left>
							<top>3</top>
							<width>188</width>
							<height>270</height>
							<aspectratio align="center" aligny="bottom">keep</aspectratio>
							<texture fallback="DefaultVideoPoster.png" background="true">$INFO[ListItem.Icon]</texture>
							<bordertexture border="-2">grey.png</bordertexture>
						</control>
					</control>
				</focusedlayout>
				<content>
					<item>
						<include content="viewsets_items">
							<param name="item" value="0" />
						</include>
					</item>
					<item>
						<include content="viewsets_items">
							<param name="item" value="1" />
						</include>
					</item>
					<item>
						<include content="viewsets_items">
							<param name="item" value="2" />
						</include>
					</item>
					<item>
						<include content="viewsets_items">
							<param name="item" value="3" />
						</include>
					</item>
					<item>
						<include content="viewsets_items">
							<param name="item" value="4" />
						</include>
					</item>
					<item>
						<include content="viewsets_items">
							<param name="item" value="5" />
						</include>
					</item>
					<item>
						<include content="viewsets_items">
							<param name="item" value="6" />
						</include>
					</item>
					<item>
						<include content="viewsets_items">
							<param name="item" value="7" />
						</include>
					</item>
					<item>
						<include content="viewsets_items">
							<param name="item" value="8" />
						</include>
					</item>
					<item>
						<include content="viewsets_items">
							<param name="item" value="9" />
						</include>
					</item>
					<item>
						<include content="viewsets_items">
							<param name="item" value="10" />
						</include>
					</item>
					<item>
						<include content="viewsets_items">
							<param name="item" value="11" />
						</include>
					</item>
					<item>
						<include content="viewsets_items">
							<param name="item" value="12" />
						</include>
					</item>
					<item>
						<include content="viewsets_items">
							<param name="item" value="13" />
						</include>
					</item>
					<item>
						<include content="viewsets_items">
							<param name="item" value="14" />
						</include>
					</item>
					<item>
						<include content="viewsets_items">
							<param name="item" value="15" />
						</include>
					</item>
					<item>
						<include content="viewsets_items">
							<param name="item" value="16" />
						</include>
					</item>
					<item>
						<include content="viewsets_items">
							<param name="item" value="17" />
						</include>
					</item>
					<item>
						<include content="viewsets_items">
							<param name="item" value="18" />
						</include>
					</item>
					<item>
						<include content="viewsets_items">
							<param name="item" value="19" />
						</include>
					</item>
					<item>
						<include content="viewsets_items">
							<param name="item" value="20" />
						</include>
					</item>
					<item>
						<include content="viewsets_items">
							<param name="item" value="21" />
						</include>
					</item>
					<item>
						<include content="viewsets_items">
							<param name="item" value="22" />
						</include>
					</item>
					<item>
						<include content="viewsets_items">
							<param name="item" value="23" />
						</include>
					</item>
					<item>
						<include content="viewsets_items">
							<param name="item" value="24" />
						</include>
					</item>
					<item>
						<include content="viewsets_items">
							<param name="item" value="25" />
						</include>
					</item>
					<item>
						<include content="viewsets_items">
							<param name="item" value="26" />
						</include>
					</item>
					<item>
						<include content="viewsets_items">
							<param name="item" value="27" />
						</include>
					</item>
					<item>
						<include content="viewsets_items">
							<param name="item" value="28" />
						</include>
					</item>
					<item>
						<include content="viewsets_items">
							<param name="item" value="29" />
						</include>
					</item>
				</content>
			</control>
			<control type="group">
				<top>-45</top>
				<animation effect="slide" end="0,-60" condition="String.Contains(skin.string(mediaflags),off)">Conditional</animation>
				<control type="button" id="160">
					<include>invisible</include>
					<onup condition="Skin.HasSetting(moviezoom)">SetFocus(5801)</onup>
					<onup condition="Skin.HasSetting(coverzoom)">SetFocus(65)</onup>
					<ondown condition="Skin.HasSetting(moviezoom)">SetFocus(5801)</ondown>
					<ondown condition="Skin.HasSetting(coverzoom)">SetFocus(65)</ondown>
					<onleft condition="Skin.HasSetting(moviezoom)">SetFocus(5801)</onleft>
					<onleft condition="Skin.HasSetting(coverzoom)">SetFocus(65)</onleft>
					<onright condition="Skin.HasSetting(moviezoom)">SetFocus(5801)</onright>
					<onright condition="Skin.HasSetting(coverzoom)">SetFocus(65)</onright>
				</control>
				<control type="image">
					<left>0</left>
					<top>0</top>
					<width>1920</width>
					<height>1080</height>
					<texture>$VAR[texture_base]</texture>
					<animation effect="fade" start="0" end="100" time="200">Visible</animation>
					<animation effect="fade" start="100" end="0" time="400">Hidden</animation>
					<visible>Control.HasFocus(160)</visible>
				</control>
				<control type="image">
					<left>0</left>
					<top>0</top>
					<width>1920</width>
					<height>1080</height>
					<texture>black.png</texture>
					<colordiffuse>A4303030</colordiffuse>
					<animation effect="fade" start="0" end="100" time="200">Visible</animation>
					<animation effect="fade" start="100" end="0" time="400">Hidden</animation>
					<visible>Control.HasFocus(160)</visible>
				</control>
				<control type="group">
					<left>-1920</left>
					<top>22</top>
					<animation effect="slide" start="0,0" end="1920,0" time="400" tween="cubic" easing="inout" condition="Control.HasFocus(160)">Conditional</animation>
					<animation effect="slide" start="0,0" end="0,-38" time="600" delay="1000" tween="cubic" easing="inout" condition="Control.HasFocus(160)">Conditional</animation>
					<!-- Cover -->
					<control type="image">
						<left>585</left>
						<top>48</top>
						<width>750</width>
						<height>960</height>
						<aspectratio>keep</aspectratio>
						<texture background="true">$INFO[Container(65).ListItem.Icon]</texture>
						<visible>Skin.HasSetting(coverzoom)</visible>
					</control>
					<!-- Movie -->
					<control type="image">
						<left>585</left>
						<top>48</top>
						<width>750</width>
						<height>960</height>
						<aspectratio>keep</aspectratio>
						<texture background="true">$INFO[Container(5801).ListItem.Icon]</texture>
						<visible>Skin.HasSetting(moviezoom)</visible>
					</control>
				</control>
				<control type="group">
					<visible>Control.HasFocus(160)</visible>
					<animation effect="slide" start="0,0" end="0,-120" time="600" delay="1000" tween="cubic" easing="inout" condition="Control.HasFocus(160)">Conditional</animation>
					<control type="image">
						<left>0</left>
						<top>1140</top>
						<height>60</height>
						<width>1920</width>
						<texture>$VAR[texture_base]</texture>
						<colordiffuse>$INFO[skin.string(colortexture)]</colordiffuse>
						<include>animation_defaultglass2</include>
					</control>
					<control type="label">
						<left>0</left>
						<top>1140</top>
						<height>60</height>
						<width>1920</width>
						<align>center</align>
						<aligny>center</aligny>
						<font>font_list</font>
						<label>$INFO[Container(5801).ListItem.Label]</label>
						<scroll>true</scroll>
					</control>
					<control type="image">
						<left>0</left>
						<top>1140</top>
						<height>60</height>
						<width>1920</width>
						<texture>gradient_small.png</texture>
					</control>
				</control>
			</control>
		</control>
	</include>
</includes>
