<?xml version="1.0" encoding="UTF-8"?>
<includes>
	<!-- KBK Multimedia Center -->
	<include name="EPGMenu">
		<control type="image">
			<left>0</left>
			<top>0</top>
			<width>1920</width>
			<height>1080</height>
			<texture>black.png</texture>
			<colordiffuse>A4303030</colordiffuse>
			<animation effect="fade" end="80" condition="true">Conditional</animation>
		</control>
		<control type="image">
			<left>360</left>
			<top>90</top>
			<width>1560</width>
			<height>765</height>
			<texture>$VAR[texture_base]</texture>
			<colordiffuse>$INFO[skin.string(colortexture)]</colordiffuse>
			<animation effect="fade" end="85" condition="true">Conditional</animation>
		</control>
		<control type="image">
			<left>0</left>
			<top>855</top>
			<width>1920</width>
			<height>225</height>
			<texture>$VAR[texture_base]</texture>
			<colordiffuse>$INFO[skin.string(colortexture)]</colordiffuse>
			<animation effect="fade" end="99" condition="true">Conditional</animation>
		</control>
		<control type="image">
			<left>360</left>
			<top>90</top>
			<width>1560</width>
			<height>990</height>
			<texture>black.png</texture>
			<animation effect="fade" end="65" condition="true">Conditional</animation>
		</control>
		<control type="image">
			<left>0</left>
			<top>90</top>
			<width>1920</width>
			<height>82</height>
			<texture>black.png</texture>
			<animation effect="fade" end="50" condition="true">Conditional</animation>
		</control>
		<control type="image">
			<left>0</left>
			<top>90</top>
			<width>360</width>
			<height>765</height>
			<texture flipx="true" diffuse="shadow_mask_v.png">$VAR[texture_base]</texture>
			<colordiffuse>E0101010</colordiffuse>
			<animation effect="fade" end="85" condition="true">Conditional</animation>
		</control>
		<control type="image">
			<left>357</left>
			<top>90</top>
			<width>3</width>
			<height>765</height>
			<texture>grey.png</texture>
			<colordiffuse>$INFO[skin.string(colortexture)]</colordiffuse>
		</control>
		<include>Date</include>
		<!-- Titulo da esquerda -->
		<control type="label">
			<include>SettingsLeftTitle</include>
			<label>31333</label>
			<visible>!Control.IsVisible(13)</visible>
		</control>
		<!-- Titulo da esquerda -->
		<control type="label">
			<include>SettingsLeftTitle</include>
			<label>31763</label>
			<visible>Control.IsVisible(13)</visible>
		</control>
		<!-- Titulo da direita -->
		<control type="label">
			<left>412</left>
			<include>SettingsRightTitle</include>
			<label>$INFO[Control.GetLabel(29)] $INFO[Control.GetLabel(30)]</label>
		</control>
	</include>
	<include name="PVRCommonInfo">
		<control type="image">
			<left>30</left>
			<top>878</top>
			<width>180</width>
			<height>180</height>
			<texture fallback="DefaultTV.png" background="true">$VAR[pvrchannelicon]</texture>
			<bordertexture border="-12">musicframe.png</bordertexture>
			<fadetime>commonfadetime</fadetime>
			<aspectratio>keep</aspectratio>
		</control>
		<!-- Nome do programa -->
		<control type="label">
			<left>255</left>
			<top>870</top>
			<width>1635</width>
			<height>45</height>
			<align>left</align>
			<aligny>center</aligny>
			<textcolor>$INFO[skin.string(colorheader)]</textcolor>
			<font>font_header</font>
			<label>$INFO[ListItem.Title]</label>
			<scroll>true</scroll>
		</control>
		<!-- Hora/Data/Genero -->
		<control type="label">
			<left>255</left>
			<top>908</top>
			<width>1635</width>
			<height>38</height>
			<align>left</align>
			<aligny>center</aligny>
			<font>font_plot</font>
			<textcolor>$INFO[skin.string(colorheader)]</textcolor>
			<label>$LOCALIZE[142] [COLOR=$INFO[skin.string(colortext)]]$INFO[ListItem.StartTime] - $INFO[ListItem.EndTime] ($INFO[ListItem.StartDate]) - [/COLOR]$LOCALIZE[180]: [COLOR=$INFO[skin.string(colortext)]]$INFO[ListItem.Duration] - [/COLOR]$LOCALIZE[515]: [COLOR=$INFO[skin.string(colortext)]]$INFO[ListItem.Genre][/COLOR]</label>
			<visible>!Control.IsVisible(14)</visible>
		</control>
		<!-- Hora/Data/Genero -->
		<control type="label">
			<left>255</left>
			<top>908</top>
			<width>1635</width>
			<height>38</height>
			<align>left</align>
			<aligny>center</aligny>
			<font>font_plot</font>
			<textcolor>$INFO[skin.string(colorheader)]</textcolor>
			<label>$LOCALIZE[142] [COLOR=$INFO[skin.string(colortext)]]$INFO[ListItem.Date][/COLOR]</label>
			<visible>Control.IsVisible(14) + !String.IsEmpty(ListItem.Date)</visible>
		</control>
		<control type="image">
			<left>255</left>
			<top>952</top>
			<width>1238</width>
			<height>3</height>
			<align>left</align>
			<texture flipx="true">divider.png</texture>
		</control>
		<control type="textbox" id="400">
			<left>255</left>
			<top>960</top>
			<width>1635</width>
			<height>98</height>
			<align>justify</align>
			<label>$INFO[ListItem.Plot]</label>
			<font>font_plot</font>
			<autoscroll delay="10000" time="3000" repeat="10000">!Skin.HasSetting(noallowscroll)</autoscroll>
		</control>
		<control type="image">
			<left>0</left>
			<top>854</top>
			<width>1920</width>
			<height>8</height>
			<texture>grey.png</texture>
			<colordiffuse>$INFO[skin.string(colortexture)]</colordiffuse>
		</control>
	</include>
	<!-- EPG -->
	<include name="ViewEPGTimeline">
		<control type="group">
			<visible>Control.IsVisible(10)</visible>
			<animation effect="fade" reversible="true" time="300">VisibleChange</animation>
			<include>EPGMenu</include>
			<control type="image">
				<left>0</left>
				<top>210</top>
				<width>356</width>
				<height>38</height>
				<texture>grey.png</texture>
				<colordiffuse>E0101010</colordiffuse>
			</control>
			<control type="epggrid" id="10">
				<viewtype label="19032">list</viewtype>
				<left>0</left>
				<top>210</top>
				<width>1920</width>
				<height>645</height>
				<onleft>9900</onleft>
				<onright>9900</onright>
				<onup>10</onup>
				<ondown>10</ondown>
				<onback>9900</onback>
				<pagecontrol>10</pagecontrol>
				<scrolltime>350</scrolltime>
				<timeblocks>40</timeblocks>
				<rulerunit>6</rulerunit>
				<progresstexture border="5">pvr_epgprogressindicator.png</progresstexture>
				<rulerlayout height="45" width="60">
					<control type="image">
						<left>0</left>
						<top>0</top>
						<width>231</width>
						<height>38</height>
						<texture>grey.png</texture>
						<colordiffuse>50101010</colordiffuse>
					</control>
					<control type="label" id="2">
						<left>30</left>
						<top>-2</top>
						<width>10</width>
						<height>42</height>
						<align>left</align>
						<aligny>center</aligny>
						<font>font_plot</font>
						<label>$INFO[ListItem.Label]</label>
						<textcolor>$INFO[skin.string(colorheader)]</textcolor>
						<scroll>false</scroll>
					</control>
				</rulerlayout>
				<channellayout height="60" width="360">
					<control type="label">
						<left>0</left>
						<width>135</width>
						<include>SettingsLabel</include>
						<label>[B]$INFO[ListItem.ChannelNumberLabel][/B]</label>
						<scroll>false</scroll>
					</control>
					<control type="label" id="1">
						<left>80</left>
						<width>305</width>
						<include>SettingsLabel</include>
						<label>$INFO[ListItem.ChannelName]</label>
						<scroll>false</scroll>
					</control>
					<control type="image">
						<left>0</left>
						<top>0</top>
						<width>360</width>
						<height>4</height>
						<texture>divider.png</texture>
						<colordiffuse>90FFFFFF</colordiffuse>
					</control>
				</channellayout>
				<focusedchannellayout height="60" width="360">					
					<control type="image" id="1">
						<left>0</left>
						<top>0</top>
						<width>356</width>
						<height>60</height>
						<texture>grey.png</texture>
						<animation effect="fade" start="100" end="50" time="50" condition="!Control.Hasfocus(10)">conditional</animation>
					</control>
					<control type="label">
						<left>0</left>
						<width>135</width>
						<include>SettingsLabelFocus</include>
						<label>[B]$INFO[ListItem.ChannelNumberLabel][/B]</label>
					</control>
					<control type="label" id="1">
						<left>80</left>
						<width>305</width>
						<include>SettingsLabelFocus</include>
						<label>$INFO[ListItem.ChannelName]</label>
					</control>
				</focusedchannellayout>
				<itemlayout height="60" width="75">
					<control type="image" id="14">
						<left>0</left>
						<top>1</top>
						<width>72</width>
						<height>57</height>
						<aspectratio>stretch</aspectratio>
						<colordiffuse>50FFFAF0</colordiffuse>
						<texture>grey.png</texture>
					</control>
					<control type="image" id="2">
						<left>0</left>
						<top>1</top>
						<width>72</width>
						<height>57</height>
						<aspectratio>stretch</aspectratio>
						<texture border="3">genrespvr/$INFO[ListItem.Property(GenreType)].png</texture>
						<colordiffuse>50FFFAF0</colordiffuse>
					</control>
					<control type="label" id="1">
						<left>9</left>
						<top>1</top>
						<width>63</width>
						<height>57</height>
						<aligny>center</aligny>
						<align>left</align>
						<font>font_plot</font>
						<include>listcolor</include>
						<info>ListItem.Label</info>
						<scroll>false</scroll>
					</control>
					<control type="image">
						<left>0</left>
						<top>1</top>
						<width>14</width>
						<height>14</height>
						<texture>pvr_isrecording.png</texture>
						<visible>ListItem.IsRecording</visible>
					</control>
					<control type="image">
						<left>0</left>
						<top>1</top>
						<width>14</width>
						<height>14</height>
						<texture>pvr_hastimer.png</texture>
						<visible>ListItem.HasTimer + !ListItem.IsRecording</visible>
					</control>
				</itemlayout>
				<focusedlayout height="60" width="75">
					<control type="image" id="14">
						<left>0</left>
						<top>1</top>
						<width>72</width>
						<height>57</height>
						<texture>grey.png</texture>
					</control>
					<control type="image" id="2">
						<left>0</left>
						<top>1</top>
						<width>72</width>
						<height>57</height>
						<aspectratio>stretch</aspectratio>
						<texture border="3">genrespvr/$INFO[ListItem.Property(GenreType)].png</texture>
						<colordiffuse>90FFFAF0</colordiffuse>
					</control>
					<control type="label" id="1">
						<left>9</left>
						<top>1</top>
						<width>63</width>
						<height>57</height>
						<aligny>center</aligny>
						<align>left</align>
						<font>font_plot</font>
						<include>listcolorfocus</include>
						<info>ListItem.Label</info>
					</control>
					<control type="image">
						<left>0</left>
						<top>1</top>
						<width>14</width>
						<height>14</height>
						<texture>pvr_isrecording.png</texture>
						<visible>ListItem.IsRecording</visible>
					</control>
					<control type="image">
						<left>0</left>
						<top>1</top>
						<width>14</width>
						<height>14</height>
						<texture>pvr_hastimer.png</texture>
						<colordiffuse>E0101010</colordiffuse>
						<visible>ListItem.HasTimer + !ListItem.IsRecording</visible>
					</control>
				</focusedlayout>
			</control>
			<include>PVRCommonInfo</include>
		</control>
	</include>
	<!-- EPG AGORA -->
	<include name="ViewLiveTVGuideNow">
		<control type="group">
			<animation effect="fade" reversible="true" time="300">VisibleChange</animation>
			<visible>Control.IsVisible(11)</visible>
			<include>EPGMenu</include>
			<control type="image">
				<left>360</left>
				<top>196</top>
				<width>180</width>
				<height>658</height>
				<texture>grey.png</texture>
				<colordiffuse>20FFFFFF</colordiffuse>
			</control>
			<control type="image">
				<left>1590</left>
				<top>196</top>
				<width>270</width>
				<height>658</height>
				<texture>grey.png</texture>
				<colordiffuse>20FFFFFF</colordiffuse>
			</control>
			<control type="list" id="11">
				<viewtype label="19030">list</viewtype>
				<left>0</left>
				<top>195</top>
				<width>1920</width>
				<height>660</height>
				<onup>11</onup>
				<ondown>11</ondown>
				<onleft>9900</onleft>
				<onright>76</onright>
				<pagecontrol>76</pagecontrol>
				<scrolltime>350</scrolltime>
				<itemlayout height="60">
					<control type="label">
						<left>0</left>
						<width>135</width>
						<include>SettingsLabel</include>
						<label>[B]$INFO[ListItem.ChannelNumberLabel][/B]</label>
						<scroll>false</scroll>
					</control>
					<control type="label">
						<left>80</left>
						<width>305</width>
						<include>SettingsLabel</include>
						<label>$INFO[ListItem.ChannelName]</label>
						<scroll>false</scroll>
					</control>
					<control type="image">
						<left>0</left>
						<top>0</top>
						<width>360</width>
						<height>4</height>
						<texture>divider.png</texture>
						<colordiffuse>90FFFFFF</colordiffuse>
					</control>
					<control type="image">
						<left>360</left>
						<top>1</top>
						<width>1560</width>
						<height>57</height>
						<aspectratio>stretch</aspectratio>
						<colordiffuse>50FFFAF0</colordiffuse>
						<texture>grey.png</texture>
					</control>
					<control type="label">
						<left>375</left>
						<top>0</top>
						<width>150</width>
						<height>60</height>
						<align>center</align>
						<aligny>center</aligny>
						<font>font_header</font>
						<include>listcolor</include>
						<info>ListItem.StartTime</info>
						<scroll>false</scroll>
					</control>
					<control type="label">
						<left>600</left>
						<top>1</top>
						<width>885</width>
						<height>57</height>
						<align>left</align>
						<aligny>center</aligny>
						<font>font_plot</font>
						<include>listcolor</include>
						<info>ListItem.Label</info>
						<scroll>false</scroll>
					</control>
					<control type="image">
						<left>1620</left>
						<top>15</top>
						<width>45</width>
						<height>30</height>
						<texture>pvr_isrecording.png</texture>
						<visible>ListItem.IsRecording</visible>
					</control>
					<control type="label">
						<left>1680</left>
						<top>1</top>
						<width>165</width>
						<height>57</height>
						<align>left</align>
						<aligny>center</aligny>
						<font>font_plot</font>
						<include>listcolor</include>
						<label>19043</label>
						<visible>ListItem.IsRecording</visible>
						<scroll>false</scroll>
					</control>
					<control type="image">
						<left>1620</left>
						<top>15</top>
						<width>30</width>
						<height>30</height>
						<texture>pvr_hastimer.png</texture>
						<visible>ListItem.HasTimer + !ListItem.IsRecording</visible>
					</control>
					<control type="label">
						<left>1680</left>
						<top>1</top>
						<width>165</width>
						<height>57</height>
						<align>left</align>
						<aligny>center</aligny>
						<font>font_plot</font>
						<include>listcolor</include>
						<label>31149</label>
						<visible>ListItem.HasTimer</visible>
						<scroll>false</scroll>
					</control>
				</itemlayout>
				<focusedlayout height="60">
					<control type="image">
						<left>0</left>
						<top>0</top>
						<width>357</width>
						<height>60</height>
						<texture>grey.png</texture>
						<animation effect="fade" start="100" end="50" time="50" condition="!Control.Hasfocus(11)">conditional</animation>
					</control>
					<control type="image">
						<left>360</left>
						<top>1</top>
						<width>1560</width>
						<height>57</height>
						<aspectratio>stretch</aspectratio>
						<colordiffuse>FFF8F8F8</colordiffuse>
						<texture>grey.png</texture>
					</control>
					<control type="label">
						<left>0</left>
						<width>135</width>
						<include>SettingsLabelFocus</include>
						<label>[B]$INFO[ListItem.ChannelNumberLabel][/B]</label>
					</control>
					<control type="label">
						<left>80</left>
						<width>305</width>
						<include>SettingsLabelFocus</include>
						<label>$INFO[ListItem.ChannelName]</label>
					</control>
					<control type="label">
						<left>375</left>
						<top>0</top>
						<width>150</width>
						<height>60</height>
						<align>center</align>
						<aligny>center</aligny>
						<font>font_header</font>
						<include>listcolorfocus</include>
						<info>ListItem.StartTime</info>
					</control>
					<control type="label">
						<left>600</left>
						<top>1</top>
						<width>885</width>
						<height>57</height>
						<align>left</align>
						<aligny>center</aligny>
						<font>font_plot</font>
						<include>listcolorfocus</include>
						<info>ListItem.Label</info>
					</control>
					<control type="image">
						<left>1620</left>
						<top>15</top>
						<width>45</width>
						<height>30</height>
						<texture>pvr_isrecording.png</texture>
						<visible>ListItem.IsRecording</visible>
					</control>
					<control type="label">
						<left>1680</left>
						<top>1</top>
						<width>165</width>
						<height>57</height>
						<align>left</align>
						<aligny>center</aligny>
						<font>font_plot</font>
						<include>listcolorfocus</include>
						<label>19043</label>
						<visible>ListItem.IsRecording</visible>
					</control>
					<control type="image">
						<left>1620</left>
						<top>15</top>
						<width>30</width>
						<height>30</height>
						<texture>pvr_hastimer.png</texture>
						<visible>ListItem.HasTimer + !ListItem.IsRecording</visible>
					</control>
					<control type="label">
						<left>1680</left>
						<top>1</top>
						<width>165</width>
						<height>57</height>
						<align>left</align>
						<aligny>center</aligny>
						<font>font_plot</font>
						<include>listcolorfocus</include>
						<label>31149</label>
						<visible>ListItem.HasTimer</visible>
					</control>
				</focusedlayout>
			</control>
			<control type="scrollbar" id="76">
				<include>ScrollBar_Vertical</include>
				<left>1868</left>
				<top>202</top>
				<height>645</height>
				<onleft>11</onleft>
				<onright>11</onright>
			</control>
			<include>PVRCommonInfo</include>
		</control>
	</include>
	<!-- EPG PROXIMO -->
	<include name="ViewLiveTVGuideNext">
		<control type="group">
			<animation effect="fade" reversible="true" time="300">VisibleChange</animation>
			<visible>Control.IsVisible(12)</visible>
			<include>EPGMenu</include>
			<control type="image">
				<left>360</left>
				<top>196</top>
				<width>180</width>
				<height>658</height>
				<texture>grey.png</texture>
				<colordiffuse>20FFFFFF</colordiffuse>
			</control>
			<control type="image">
				<left>1590</left>
				<top>196</top>
				<width>270</width>
				<height>658</height>
				<texture>grey.png</texture>
				<colordiffuse>20FFFFFF</colordiffuse>
			</control>
			<control type="list" id="12">
				<viewtype label="19031">list</viewtype>
				<left>0</left>
				<top>195</top>
				<width>1920</width>
				<height>660</height>
				<onup>12</onup>
				<ondown>12</ondown>
				<onleft>9900</onleft>
				<onright>76</onright>
				<pagecontrol>76</pagecontrol>
				<scrolltime>350</scrolltime>
				<itemlayout height="60">
					<control type="label">
						<left>0</left>
						<width>135</width>
						<include>SettingsLabel</include>
						<label>[B]$INFO[ListItem.ChannelNumberLabel][/B]</label>
						<scroll>false</scroll>
					</control>
					<control type="label">
						<left>80</left>
						<width>305</width>
						<include>SettingsLabel</include>
						<label>$INFO[ListItem.ChannelName]</label>
						<scroll>false</scroll>
					</control>
					<control type="image">
						<left>0</left>
						<top>0</top>
						<width>360</width>
						<height>4</height>
						<texture>divider.png</texture>
						<colordiffuse>90FFFFFF</colordiffuse>
					</control>
					<control type="image">
						<left>360</left>
						<top>1</top>
						<width>1560</width>
						<height>57</height>
						<aspectratio>stretch</aspectratio>
						<colordiffuse>50FFFAF0</colordiffuse>
						<texture>grey.png</texture>
					</control>
					<control type="label">
						<left>375</left>
						<top>0</top>
						<width>150</width>
						<height>60</height>
						<align>center</align>
						<aligny>center</aligny>
						<font>font_header</font>
						<include>listcolor</include>
						<info>ListItem.StartTime</info>
						<scroll>false</scroll>
					</control>
					<control type="label">
						<left>600</left>
						<top>1</top>
						<width>885</width>
						<height>57</height>
						<align>left</align>
						<aligny>center</aligny>
						<font>font_plot</font>
						<include>listcolor</include>
						<info>ListItem.Label</info>
						<scroll>false</scroll>
					</control>
					<control type="image">
						<left>1620</left>
						<top>15</top>
						<width>45</width>
						<height>30</height>
						<texture>pvr_isrecording.png</texture>
						<visible>ListItem.IsRecording</visible>
					</control>
					<control type="label">
						<left>1680</left>
						<top>1</top>
						<width>165</width>
						<height>57</height>
						<align>left</align>
						<aligny>center</aligny>
						<font>font_plot</font>
						<include>listcolor</include>
						<label>19043</label>
						<visible>ListItem.IsRecording</visible>
						<scroll>false</scroll>
					</control>
					<control type="image">
						<left>1620</left>
						<top>15</top>
						<width>30</width>
						<height>30</height>
						<texture>pvr_hastimer.png</texture>
						<visible>ListItem.HasTimer + !ListItem.IsRecording</visible>
					</control>
					<control type="label">
						<left>1680</left>
						<top>1</top>
						<width>165</width>
						<height>57</height>
						<align>left</align>
						<aligny>center</aligny>
						<font>font_plot</font>
						<include>listcolor</include>
						<label>31149</label>
						<visible>ListItem.HasTimer</visible>
						<scroll>false</scroll>
					</control>
				</itemlayout>
				<focusedlayout height="60">
					<control type="image">
						<left>0</left>
						<top>0</top>
						<width>357</width>
						<height>60</height>
						<texture>grey.png</texture>
						<animation effect="fade" start="100" end="50" time="50" condition="!Control.Hasfocus(12)">conditional</animation>
					</control>
					<control type="image">
						<left>360</left>
						<top>1</top>
						<width>1560</width>
						<height>57</height>
						<aspectratio>stretch</aspectratio>
						<colordiffuse>FFF8F8F8</colordiffuse>
						<texture>grey.png</texture>
					</control>
					<control type="label">
						<left>0</left>
						<width>135</width>
						<include>SettingsLabelFocus</include>
						<label>[B]$INFO[ListItem.ChannelNumberLabel][/B]</label>
					</control>
					<control type="label">
						<left>80</left>
						<width>305</width>
						<include>SettingsLabelFocus</include>
						<label>$INFO[ListItem.ChannelName]</label>
					</control>
					<control type="label">
						<left>375</left>
						<top>0</top>
						<width>150</width>
						<height>60</height>
						<align>center</align>
						<aligny>center</aligny>
						<font>font_header</font>
						<include>listcolorfocus</include>
						<info>ListItem.StartTime</info>
					</control>
					<control type="label">
						<left>600</left>
						<top>1</top>
						<width>885</width>
						<height>57</height>
						<align>left</align>
						<aligny>center</aligny>
						<font>font_plot</font>
						<include>listcolorfocus</include>
						<info>ListItem.Label</info>
					</control>
					<control type="image">
						<left>1620</left>
						<top>15</top>
						<width>45</width>
						<height>30</height>
						<texture>pvr_isrecording.png</texture>
						<visible>ListItem.IsRecording</visible>
					</control>
					<control type="label">
						<left>1680</left>
						<top>1</top>
						<width>165</width>
						<height>57</height>
						<align>left</align>
						<aligny>center</aligny>
						<font>font_plot</font>
						<include>listcolorfocus</include>
						<label>19043</label>
						<visible>ListItem.IsRecording</visible>
					</control>
					<control type="image">
						<left>1620</left>
						<top>15</top>
						<width>30</width>
						<height>30</height>
						<texture>pvr_hastimer.png</texture>
						<visible>ListItem.HasTimer + !ListItem.IsRecording</visible>
					</control>
					<control type="label">
						<left>1680</left>
						<top>1</top>
						<width>165</width>
						<height>57</height>
						<align>left</align>
						<aligny>center</aligny>
						<font>font_plot</font>
						<include>listcolorfocus</include>
						<label>31149</label>
						<visible>ListItem.HasTimer</visible>
					</control>
				</focusedlayout>
			</control>
			<control type="scrollbar" id="76">
				<include>ScrollBar_Vertical</include>
				<left>1868</left>
				<top>202</top>
				<height>645</height>
				<onleft>12</onleft>
				<onright>12</onright>
			</control>
			<include>PVRCommonInfo</include>
		</control>
	</include>
	<!-- EPG GUIA DE CANAIS -->
	<include name="ViewLiveTVGuideChannel">
		<control type="group">
			<animation effect="fade" reversible="true" time="300">VisibleChange</animation>
			<visible>Control.IsVisible(13)</visible>
			<include>EPGMenu</include>
			<control type="image">
				<left>360</left>
				<top>196</top>
				<width>240</width>
				<height>658</height>
				<texture>grey.png</texture>
				<colordiffuse>20FFFFFF</colordiffuse>
			</control>
			<control type="image">
				<left>1590</left>
				<top>196</top>
				<width>270</width>
				<height>658</height>
				<texture>grey.png</texture>
				<colordiffuse>20FFFFFF</colordiffuse>
			</control>
			<control type="list" id="13">
				<viewtype label="19029">list</viewtype>
				<left>0</left>
				<top>195</top>
				<width>1920</width>
				<height>660</height>
				<onup>13</onup>
				<ondown>13</ondown>
				<onleft>9900</onleft>
				<onright>75</onright>
				<pagecontrol>75</pagecontrol>
				<scrolltime>350</scrolltime>
				<itemlayout height="60" width="1920">
					<control type="label">
						<left>0</left>
						<width>135</width>
						<include>SettingsLabel</include>
						<label>[B]$INFO[ListItem.ChannelNumberLabel][/B]</label>
						<scroll>false</scroll>
					</control>
					<control type="label">
						<left>80</left>
						<width>305</width>
						<include>SettingsLabel</include>
						<label>$INFO[ListItem.ChannelName]</label>
						<scroll>false</scroll>
					</control>
					<control type="image">
						<left>0</left>
						<top>0</top>
						<width>360</width>
						<height>4</height>
						<texture>divider.png</texture>
						<colordiffuse>90FFFFFF</colordiffuse>
					</control>
					<control type="image">
						<left>360</left>
						<top>1</top>
						<width>1560</width>
						<height>57</height>
						<aspectratio>stretch</aspectratio>
						<colordiffuse>50FFFAF0</colordiffuse>
						<texture>grey.png</texture>
					</control>
					<control type="label">
						<left>375</left>
						<top>0</top>
						<width>210</width>
						<height>60</height>
						<align>center</align>
						<aligny>center</aligny>
						<font>font_header</font>
						<include>listcolor</include>
						<info>ListItem.Date</info>
						<scroll>false</scroll>
					</control>
					<control type="label">
						<left>645</left>
						<top>1</top>
						<width>885</width>
						<height>57</height>
						<align>left</align>
						<aligny>center</aligny>
						<font>font_plot</font>
						<include>listcolor</include>
						<info>ListItem.Label</info>
						<scroll>false</scroll>
					</control>
					<control type="image">
						<left>1620</left>
						<top>15</top>
						<width>45</width>
						<height>30</height>
						<texture>pvr_isrecording.png</texture>
						<visible>ListItem.IsRecording</visible>
					</control>
					<control type="label">
						<left>1680</left>
						<top>1</top>
						<width>165</width>
						<height>57</height>
						<align>left</align>
						<aligny>center</aligny>
						<font>font_plot</font>
						<include>listcolorfocus</include>
						<label>19043</label>
						<visible>ListItem.IsRecording</visible>
						<scroll>false</scroll>
					</control>
					<control type="label">
						<left>1680</left>
						<top>1</top>
						<width>165</width>
						<height>57</height>
						<align>left</align>
						<aligny>center</aligny>
						<font>font_plot</font>
						<include>listcolorfocus</include>
						<label>31149</label>
						<visible>ListItem.HasTimer</visible>
						<scroll>false</scroll>
					</control>
				</itemlayout>
				<focusedlayout height="60" width="1920">
					<control type="image">
						<left>0</left>
						<top>0</top>
						<width>357</width>
						<height>60</height>
						<texture>grey.png</texture>
						<animation effect="fade" start="100" end="50" time="50" condition="!Control.Hasfocus(13)">conditional</animation>
					</control>
					<control type="image">
						<left>360</left>
						<top>1</top>
						<width>1560</width>
						<height>57</height>
						<aspectratio>stretch</aspectratio>
						<colordiffuse>FFF8F8F8</colordiffuse>
						<texture>grey.png</texture>
					</control>
					<control type="label">
						<left>0</left>
						<width>135</width>
						<include>SettingsLabelFocus</include>
						<label>[B]$INFO[ListItem.ChannelNumberLabel][/B]</label>
					</control>
					<control type="label">
						<left>80</left>
						<width>305</width>
						<include>SettingsLabelFocus</include>
						<label>$INFO[ListItem.ChannelName]</label>
					</control>
					<control type="label">
						<left>375</left>
						<top>0</top>
						<width>210</width>
						<height>60</height>
						<align>center</align>
						<aligny>center</aligny>
						<font>font_header</font>
						<textcolor>$INFO[skin.string(colorheader)]</textcolor>
						<info>ListItem.Date</info>
					</control>
					<control type="label">
						<left>645</left>
						<top>1</top>
						<width>885</width>
						<height>57</height>
						<align>left</align>
						<aligny>center</aligny>
						<font>font_plot</font>
						<include>listcolorfocus</include>
						<info>ListItem.Label</info>
					</control>
					<control type="image">
						<left>1620</left>
						<top>15</top>
						<width>45</width>
						<height>30</height>
						<texture>pvr_isrecording.png</texture>
						<visible>ListItem.IsRecording</visible>
					</control>
					<control type="label">
						<left>1680</left>
						<top>1</top>
						<width>165</width>
						<height>57</height>
						<align>left</align>
						<aligny>center</aligny>
						<font>font_plot</font>
						<include>listcolorfocus</include>
						<label>19043</label>
						<visible>ListItem.IsRecording</visible>
					</control>
					<control type="label">
						<left>1680</left>
						<top>1</top>
						<width>165</width>
						<height>57</height>
						<align>left</align>
						<aligny>center</aligny>
						<font>font_plot</font>
						<include>listcolorfocus</include>
						<label>31149</label>
						<visible>ListItem.HasTimer</visible>
					</control>
				</focusedlayout>
			</control>
			<control type="scrollbar" id="75">
				<include>ScrollBar_Vertical</include>
				<left>1868</left>
				<top>202</top>
				<height>645</height>
				<onleft>13</onleft>
				<onright>31</onright>
				<ondown>75</ondown>
				<onup>75</onup>
			</control>
			<include>PVRCommonInfo</include>
		</control>
	</include>
</includes>
