<?xml version="1.0" encoding="UTF-8" standalone="yes"?>
<addon id="script.speedtestnet"
       name="KBK-MMC Box Speed Tester"
       version="12.2.2"
       provider-name="KingBreakerKokora">
  <requires>
    <import addon="xbmc.python" version="2.1.0"/>
  </requires>
  <extension point="xbmc.python.script"
             library="default.py">
        <provides>executable</provides>
  </extension>
  <extension point="xbmc.addon.metadata">
    <summary lang="en">KBK-MMC Box Speed Tester</summary>
    <description lang="en">KBK-MMC Box Speed Tester powered by speedtest.net will give you accurate Internet speed/ping test results.</description>
    <platform>all</platform>
  </extension>
</addon>
